origem,faultNumber,simulationRun,conjunto
Training,0,362,treino
Training,0,74,treino
Training,0,375,treino
Training,0,156,treino
Training,0,105,treino
Training,0,395,treino
Training,0,378,treino
Training,0,125,treino
Training,0,69,treino
Training,0,451,treino
Training,0,10,treino
Training,0,195,treino
Training,0,407,treino
Training,0,85,treino
Training,0,372,treino
Training,0,389,treino
Training,0,496,treino
Training,0,31,treino
Training,0,317,treino
Training,0,409,treino
Training,0,491,treino
Training,0,492,treino
Training,0,281,treino
Training,0,357,treino
Training,0,77,treino
Training,0,462,treino
Training,0,498,treino
Training,0,212,treino
Training,0,102,treino
Training,0,335,treino
Training,0,476,treino
Training,0,337,treino
Training,0,441,treino
Training,0,174,treino
Training,0,3,treino
Training,0,334,treino
Training,0,410,treino
Training,0,71,treino
Training,0,210,treino
Training,0,64,treino
Training,0,385,treino
Training,0,94,treino
Training,0,486,treino
Training,0,186,treino
Training,0,34,treino
Training,0,78,treino
Training,0,1,treino
Training,0,12,treino
Training,0,416,treino
Training,0,23,treino
Training,0,73,treino
Training,0,183,treino
Training,0,132,treino
Training,0,411,treino
Training,0,194,treino
Training,0,56,treino
Training,0,149,treino
Training,0,19,treino
Training,0,205,treino
Training,0,79,treino
Training,0,495,treino
Training,0,263,treino
Training,0,324,treino
Training,0,484,treino
Training,0,80,treino
Training,0,40,treino
Training,0,452,treino
Training,0,47,treino
Training,0,239,treino
Training,0,392,treino
Training,0,353,treino
Training,0,342,treino
Training,0,278,treino
Training,0,291,treino
Training,0,318,treino
Training,0,305,treino
Training,0,269,treino
Training,0,70,treino
Training,0,456,treino
Training,0,466,treino
Training,0,155,treino
Training,0,83,treino
Training,0,478,treino
Training,0,173,treino
Training,0,322,treino
Training,0,91,treino
Training,0,181,treino
Training,0,415,treino
Training,0,313,treino
Training,0,279,treino
Training,0,382,treino
Training,0,473,treino
Training,0,363,treino
Training,0,325,treino
Training,0,432,treino
Training,0,348,treino
Training,0,87,treino
Training,0,76,treino
Training,0,439,treino
Training,0,16,treino
Training,0,250,validacao
Training,0,434,validacao
Training,0,20,validacao
Training,0,323,validacao
Training,0,333,validacao
Training,0,57,validacao
Training,0,302,validacao
Training,0,230,validacao
Training,0,332,validacao
Training,0,133,validacao
Training,0,138,validacao
Training,0,424,validacao
Training,0,336,validacao
Training,0,26,validacao
Training,0,465,validacao
Training,0,282,validacao
Training,0,248,validacao
Training,0,238,validacao
Training,0,118,validacao
Training,0,43,validacao
Training,0,221,validacao
Training,0,177,validacao
Training,0,321,validacao
Training,0,154,validacao
Training,0,232,validacao
Training,0,228,validacao
Training,0,418,validacao
Training,0,204,validacao
Training,0,127,validacao
Training,0,330,validacao
Training,0,32,validacao
Training,0,114,validacao
Training,0,471,validacao
Training,0,272,validacao
Training,0,141,validacao
Training,0,58,validacao
Training,0,193,validacao
Training,0,25,validacao
Training,0,18,validacao
Training,0,266,validacao
Training,0,67,validacao
Training,0,209,validacao
Training,0,480,validacao
Training,0,95,validacao
Training,0,254,validacao
Training,0,267,validacao
Training,0,24,validacao
Training,0,223,validacao
Training,0,262,validacao
Training,0,427,validacao
Training,0,6,nao_usado_training
Training,0,117,nao_usado_training
Training,0,46,nao_usado_training
Training,0,17,nao_usado_training
Training,0,463,nao_usado_training
Training,0,358,nao_usado_training
Training,0,4,nao_usado_training
Training,0,219,nao_usado_training
Training,0,406,nao_usado_training
Training,0,61,nao_usado_training
Training,0,111,nao_usado_training
Training,0,319,nao_usado_training
Training,0,429,nao_usado_training
Training,0,30,nao_usado_training
Training,0,438,nao_usado_training
Training,0,472,nao_usado_training
Training,0,27,nao_usado_training
Training,0,8,nao_usado_training
Training,0,454,nao_usado_training
Training,0,109,nao_usado_training
Training,0,38,nao_usado_training
Training,0,158,nao_usado_training
Training,0,490,nao_usado_training
Training,0,119,nao_usado_training
Training,0,115,nao_usado_training
Training,0,176,nao_usado_training
Training,0,374,nao_usado_training
Training,0,182,nao_usado_training
Training,0,145,nao_usado_training
Training,0,370,nao_usado_training
Training,0,391,nao_usado_training
Training,0,196,nao_usado_training
Training,0,405,nao_usado_training
Training,0,276,nao_usado_training
Training,0,455,nao_usado_training
Training,0,142,nao_usado_training
Training,0,366,nao_usado_training
Training,0,68,nao_usado_training
Training,0,211,nao_usado_training
Training,0,169,nao_usado_training
Training,0,494,nao_usado_training
Training,0,376,nao_usado_training
Training,0,401,nao_usado_training
Training,0,273,nao_usado_training
Training,0,110,nao_usado_training
Training,0,249,nao_usado_training
Training,0,146,nao_usado_training
Training,0,93,nao_usado_training
Training,0,153,nao_usado_training
Training,0,368,nao_usado_training
Training,0,468,nao_usado_training
Training,0,84,nao_usado_training
Training,0,246,nao_usado_training
Training,0,166,nao_usado_training
Training,0,164,nao_usado_training
Training,0,200,nao_usado_training
Training,0,229,nao_usado_training
Training,0,75,nao_usado_training
Training,0,479,nao_usado_training
Training,0,359,nao_usado_training
Training,0,251,nao_usado_training
Training,0,120,nao_usado_training
Training,0,311,nao_usado_training
Training,0,300,nao_usado_training
Training,0,256,nao_usado_training
Training,0,355,nao_usado_training
Training,0,400,nao_usado_training
Training,0,226,nao_usado_training
Training,0,354,nao_usado_training
Training,0,235,nao_usado_training
Training,0,383,nao_usado_training
Training,0,275,nao_usado_training
Training,0,37,nao_usado_training
Training,0,197,nao_usado_training
Training,0,140,nao_usado_training
Training,0,365,nao_usado_training
Training,0,245,nao_usado_training
Training,0,440,nao_usado_training
Training,0,287,nao_usado_training
Training,0,60,nao_usado_training
Training,0,112,nao_usado_training
Training,0,90,nao_usado_training
Training,0,437,nao_usado_training
Training,0,7,nao_usado_training
Training,0,361,nao_usado_training
Training,0,347,nao_usado_training
Training,0,339,nao_usado_training
Training,0,159,nao_usado_training
Training,0,151,nao_usado_training
Training,0,178,nao_usado_training
Training,0,394,nao_usado_training
Training,0,185,nao_usado_training
Training,0,450,nao_usado_training
Training,0,11,nao_usado_training
Training,0,381,nao_usado_training
Training,0,104,nao_usado_training
Training,0,82,nao_usado_training
Training,0,39,nao_usado_training
Training,0,315,nao_usado_training
Training,0,168,nao_usado_training
Training,0,470,nao_usado_training
Training,0,297,nao_usado_training
Training,0,475,nao_usado_training
Training,0,199,nao_usado_training
Training,0,298,nao_usado_training
Training,0,417,nao_usado_training
Training,0,147,nao_usado_training
Training,0,393,nao_usado_training
Training,0,148,nao_usado_training
Training,0,448,nao_usado_training
Training,0,288,nao_usado_training
Training,0,124,nao_usado_training
Training,0,369,nao_usado_training
Training,0,97,nao_usado_training
Training,0,144,nao_usado_training
Training,0,240,nao_usado_training
Training,0,443,nao_usado_training
Training,0,98,nao_usado_training
Training,0,408,nao_usado_training
Training,0,123,nao_usado_training
Training,0,184,nao_usado_training
Training,0,203,nao_usado_training
Training,0,247,nao_usado_training
Training,0,306,nao_usado_training
Training,0,299,nao_usado_training
Training,0,352,nao_usado_training
Training,0,387,nao_usado_training
Training,0,396,nao_usado_training
Training,0,285,nao_usado_training
Training,0,126,nao_usado_training
Training,0,303,nao_usado_training
Training,0,224,nao_usado_training
Training,0,419,nao_usado_training
Training,0,220,nao_usado_training
Training,0,130,nao_usado_training
Training,0,421,nao_usado_training
Training,0,290,nao_usado_training
Training,0,445,nao_usado_training
Training,0,377,nao_usado_training
Training,0,292,nao_usado_training
Training,0,356,nao_usado_training
Training,0,295,nao_usado_training
Training,0,397,nao_usado_training
Training,0,341,nao_usado_training
Training,0,113,nao_usado_training
Training,0,180,nao_usado_training
Training,0,308,nao_usado_training
Training,0,433,nao_usado_training
Training,0,488,nao_usado_training
Training,0,482,nao_usado_training
Training,0,423,nao_usado_training
Training,0,234,nao_usado_training
Training,0,312,nao_usado_training
Training,0,165,nao_usado_training
Training,0,137,nao_usado_training
Training,0,198,nao_usado_training
Training,0,259,nao_usado_training
Training,0,233,nao_usado_training
Training,0,116,nao_usado_training
Training,0,121,nao_usado_training
Training,0,350,nao_usado_training
Training,0,225,nao_usado_training
Training,0,403,nao_usado_training
Training,0,398,nao_usado_training
Training,0,128,nao_usado_training
Training,0,286,nao_usado_training
Training,0,412,nao_usado_training
Training,0,108,nao_usado_training
Training,0,371,nao_usado_training
Training,0,326,nao_usado_training
Training,0,134,nao_usado_training
Training,0,453,nao_usado_training
Training,0,45,nao_usado_training
Training,0,461,nao_usado_training
Training,0,66,nao_usado_training
Training,0,284,nao_usado_training
Training,0,86,nao_usado_training
Training,0,243,nao_usado_training
Training,0,187,nao_usado_training
Training,0,384,nao_usado_training
Training,0,160,nao_usado_training
Training,0,13,nao_usado_training
Training,0,36,nao_usado_training
Training,0,29,nao_usado_training
Training,0,171,nao_usado_training
Training,0,143,nao_usado_training
Training,0,399,nao_usado_training
Training,0,343,nao_usado_training
Training,0,222,nao_usado_training
Training,0,96,nao_usado_training
Training,0,52,nao_usado_training
Training,0,241,nao_usado_training
Training,0,485,nao_usado_training
Training,0,379,nao_usado_training
Training,0,179,nao_usado_training
Training,0,42,nao_usado_training
Training,0,499,nao_usado_training
Training,0,422,nao_usado_training
Training,0,207,nao_usado_training
Training,0,283,nao_usado_training
Training,0,255,nao_usado_training
Training,0,413,nao_usado_training
Training,0,5,nao_usado_training
Training,0,257,nao_usado_training
Training,0,449,nao_usado_training
Training,0,101,nao_usado_training
Training,0,227,nao_usado_training
Training,0,430,nao_usado_training
Training,0,214,nao_usado_training
Training,0,172,nao_usado_training
Training,0,99,nao_usado_training
Training,0,293,nao_usado_training
Training,0,216,nao_usado_training
Training,0,62,nao_usado_training
Training,0,48,nao_usado_training
Training,0,33,nao_usado_training
Training,0,268,nao_usado_training
Training,0,328,nao_usado_training
Training,0,201,nao_usado_training
Training,0,447,nao_usado_training
Training,0,28,nao_usado_training
Training,0,425,nao_usado_training
Training,0,231,nao_usado_training
Training,0,261,nao_usado_training
Training,0,289,nao_usado_training
Training,0,163,nao_usado_training
Training,0,426,nao_usado_training
Training,0,139,nao_usado_training
Training,0,63,nao_usado_training
Training,0,136,nao_usado_training
Training,0,129,nao_usado_training
Training,0,477,nao_usado_training
Training,0,9,nao_usado_training
Training,0,327,nao_usado_training
Training,0,464,nao_usado_training
Training,0,65,nao_usado_training
Training,0,301,nao_usado_training
Training,0,15,nao_usado_training
Training,0,157,nao_usado_training
Training,0,41,nao_usado_training
Training,0,380,nao_usado_training
Training,0,469,nao_usado_training
Training,0,404,nao_usado_training
Training,0,217,nao_usado_training
Training,0,280,nao_usado_training
Training,0,435,nao_usado_training
Training,0,431,nao_usado_training
Training,0,338,nao_usado_training
Training,0,237,nao_usado_training
Training,0,208,nao_usado_training
Training,0,213,nao_usado_training
Training,0,296,nao_usado_training
Training,0,458,nao_usado_training
Training,0,252,nao_usado_training
Training,0,489,nao_usado_training
Training,0,487,nao_usado_training
Training,0,304,nao_usado_training
Training,0,351,nao_usado_training
Training,0,270,nao_usado_training
Training,0,202,nao_usado_training
Training,0,162,nao_usado_training
Training,0,44,nao_usado_training
Training,0,218,nao_usado_training
Training,0,402,nao_usado_training
Training,0,191,nao_usado_training
Training,0,310,nao_usado_training
Training,0,260,nao_usado_training
Training,0,106,nao_usado_training
Training,0,54,nao_usado_training
Training,0,390,nao_usado_training
Training,0,2,nao_usado_training
Training,0,442,nao_usado_training
Training,0,483,nao_usado_training
Training,0,50,nao_usado_training
Training,0,420,nao_usado_training
Training,0,81,nao_usado_training
Training,0,206,nao_usado_training
Training,0,35,nao_usado_training
Training,0,264,nao_usado_training
Training,0,428,nao_usado_training
Training,0,367,nao_usado_training
Training,0,92,nao_usado_training
Training,0,340,nao_usado_training
Training,0,474,nao_usado_training
Training,0,53,nao_usado_training
Training,0,346,nao_usado_training
Training,0,265,nao_usado_training
Training,0,242,nao_usado_training
Training,0,14,nao_usado_training
Training,0,316,nao_usado_training
Training,0,89,nao_usado_training
Training,0,388,nao_usado_training
Training,0,274,nao_usado_training
Training,0,167,nao_usado_training
Training,0,329,nao_usado_training
Training,0,493,nao_usado_training
Training,0,135,nao_usado_training
Training,0,307,nao_usado_training
Training,0,481,nao_usado_training
Training,0,320,nao_usado_training
Training,0,244,nao_usado_training
Training,0,55,nao_usado_training
Training,0,364,nao_usado_training
Training,0,51,nao_usado_training
Training,0,457,nao_usado_training
Training,0,175,nao_usado_training
Training,0,446,nao_usado_training
Training,0,190,nao_usado_training
Training,0,497,nao_usado_training
Training,0,188,nao_usado_training
Training,0,170,nao_usado_training
Training,0,59,nao_usado_training
Training,0,49,nao_usado_training
Training,0,345,nao_usado_training
Training,0,236,nao_usado_training
Training,0,253,nao_usado_training
Training,0,22,nao_usado_training
Training,0,314,nao_usado_training
Training,0,460,nao_usado_training
Training,0,161,nao_usado_training
Training,0,277,nao_usado_training
Training,0,444,nao_usado_training
Training,0,192,nao_usado_training
Training,0,386,nao_usado_training
Training,0,294,nao_usado_training
Training,0,414,nao_usado_training
Training,0,344,nao_usado_training
Training,0,258,nao_usado_training
Training,0,309,nao_usado_training
Training,0,150,nao_usado_training
Training,0,131,nao_usado_training
Training,0,152,nao_usado_training
Training,0,360,nao_usado_training
Training,0,100,nao_usado_training
Training,0,373,nao_usado_training
Training,0,88,nao_usado_training
Training,0,459,nao_usado_training
Training,0,331,nao_usado_training
Training,0,215,nao_usado_training
Training,0,467,nao_usado_training
Training,0,122,nao_usado_training
Training,0,500,nao_usado_training
Training,0,21,nao_usado_training
Training,0,189,nao_usado_training
Training,0,72,nao_usado_training
Training,0,107,nao_usado_training
Training,0,271,nao_usado_training
Training,0,349,nao_usado_training
Training,0,436,nao_usado_training
Training,0,103,nao_usado_training
Training,1,307,treino
Training,1,450,treino
Training,1,124,treino
Training,1,195,treino
Training,1,67,treino
Training,1,395,treino
Training,1,431,treino
Training,1,346,treino
Training,1,499,treino
Training,1,238,treino
Training,1,320,treino
Training,1,68,treino
Training,1,180,treino
Training,1,473,treino
Training,1,495,treino
Training,1,469,treino
Training,1,77,treino
Training,1,485,treino
Training,1,313,treino
Training,1,297,treino
Training,1,131,treino
Training,1,356,treino
Training,1,155,treino
Training,1,125,treino
Training,1,189,treino
Training,1,175,treino
Training,1,362,treino
Training,1,358,treino
Training,1,412,treino
Training,1,460,treino
Training,1,24,treino
Training,1,31,treino
Training,1,266,treino
Training,1,263,treino
Training,1,354,treino
Training,1,207,treino
Training,1,89,treino
Training,1,295,treino
Training,1,128,treino
Training,1,199,treino
Training,1,255,treino
Training,1,232,treino
Training,1,121,treino
Training,1,244,treino
Training,1,439,treino
Training,1,424,treino
Training,1,438,treino
Training,1,108,treino
Training,1,374,treino
Training,1,329,treino
Training,1,127,treino
Training,1,497,treino
Training,1,40,treino
Training,1,399,treino
Training,1,315,treino
Training,1,120,treino
Training,1,234,treino
Training,1,60,treino
Training,1,225,treino
Training,1,159,treino
Training,1,97,treino
Training,1,116,treino
Training,1,334,treino
Training,1,496,treino
Training,1,261,treino
Training,1,274,treino
Training,1,416,treino
Training,1,71,treino
Training,1,139,treino
Training,1,311,treino
Training,1,464,treino
Training,1,402,treino
Training,1,198,treino
Training,1,157,treino
Training,1,353,treino
Training,1,64,treino
Training,1,15,treino
Training,1,176,treino
Training,1,18,treino
Training,1,222,treino
Training,1,208,treino
Training,1,432,treino
Training,1,158,treino
Training,1,260,treino
Training,1,137,treino
Training,1,278,treino
Training,1,2,treino
Training,1,88,treino
Training,1,289,treino
Training,1,87,treino
Training,1,436,treino
Training,1,443,treino
Training,1,294,treino
Training,1,298,treino
Training,1,270,treino
Training,1,185,treino
Training,1,332,treino
Training,1,169,treino
Training,1,366,treino
Training,1,293,treino
Training,1,150,validacao
Training,1,426,validacao
Training,1,204,validacao
Training,1,409,validacao
Training,1,130,validacao
Training,1,48,validacao
Training,1,245,validacao
Training,1,107,validacao
Training,1,94,validacao
Training,1,56,validacao
Training,1,243,validacao
Training,1,184,validacao
Training,1,246,validacao
Training,1,73,validacao
Training,1,241,validacao
Training,1,45,validacao
Training,1,135,validacao
Training,1,214,validacao
Training,1,49,validacao
Training,1,153,validacao
Training,1,267,validacao
Training,1,281,validacao
Training,1,393,validacao
Training,1,236,validacao
Training,1,140,validacao
Training,1,211,validacao
Training,1,491,validacao
Training,1,444,validacao
Training,1,22,validacao
Training,1,492,validacao
Training,1,304,validacao
Training,1,489,validacao
Training,1,21,validacao
Training,1,282,validacao
Training,1,352,validacao
Training,1,61,validacao
Training,1,451,validacao
Training,1,425,validacao
Training,1,383,validacao
Training,1,372,validacao
Training,1,104,validacao
Training,1,309,validacao
Training,1,433,validacao
Training,1,350,validacao
Training,1,200,validacao
Training,1,305,validacao
Training,1,111,validacao
Training,1,447,validacao
Training,1,466,validacao
Training,1,322,validacao
Training,1,388,nao_usado_training
Training,1,231,nao_usado_training
Training,1,218,nao_usado_training
Training,1,385,nao_usado_training
Training,1,407,nao_usado_training
Training,1,17,nao_usado_training
Training,1,360,nao_usado_training
Training,1,415,nao_usado_training
Training,1,138,nao_usado_training
Training,1,338,nao_usado_training
Training,1,348,nao_usado_training
Training,1,188,nao_usado_training
Training,1,81,nao_usado_training
Training,1,210,nao_usado_training
Training,1,106,nao_usado_training
Training,1,172,nao_usado_training
Training,1,171,nao_usado_training
Training,1,419,nao_usado_training
Training,1,390,nao_usado_training
Training,1,365,nao_usado_training
Training,1,79,nao_usado_training
Training,1,30,nao_usado_training
Training,1,452,nao_usado_training
Training,1,237,nao_usado_training
Training,1,316,nao_usado_training
Training,1,38,nao_usado_training
Training,1,166,nao_usado_training
Training,1,103,nao_usado_training
Training,1,441,nao_usado_training
Training,1,66,nao_usado_training
Training,1,142,nao_usado_training
Training,1,406,nao_usado_training
Training,1,479,nao_usado_training
Training,1,296,nao_usado_training
Training,1,112,nao_usado_training
Training,1,216,nao_usado_training
Training,1,378,nao_usado_training
Training,1,226,nao_usado_training
Training,1,291,nao_usado_training
Training,1,288,nao_usado_training
Training,1,50,nao_usado_training
Training,1,123,nao_usado_training
Training,1,290,nao_usado_training
Training,1,254,nao_usado_training
Training,1,333,nao_usado_training
Training,1,162,nao_usado_training
Training,1,154,nao_usado_training
Training,1,328,nao_usado_training
Training,1,72,nao_usado_training
Training,1,299,nao_usado_training
Training,1,92,nao_usado_training
Training,1,34,nao_usado_training
Training,1,32,nao_usado_training
Training,1,113,nao_usado_training
Training,1,193,nao_usado_training
Training,1,319,nao_usado_training
Training,1,494,nao_usado_training
Training,1,250,nao_usado_training
Training,1,308,nao_usado_training
Training,1,51,nao_usado_training
Training,1,454,nao_usado_training
Training,1,110,nao_usado_training
Training,1,271,nao_usado_training
Training,1,78,nao_usado_training
Training,1,490,nao_usado_training
Training,1,411,nao_usado_training
Training,1,83,nao_usado_training
Training,1,219,nao_usado_training
Training,1,467,nao_usado_training
Training,1,347,nao_usado_training
Training,1,381,nao_usado_training
Training,1,23,nao_usado_training
Training,1,375,nao_usado_training
Training,1,3,nao_usado_training
Training,1,102,nao_usado_training
Training,1,370,nao_usado_training
Training,1,461,nao_usado_training
Training,1,262,nao_usado_training
Training,1,209,nao_usado_training
Training,1,269,nao_usado_training
Training,1,6,nao_usado_training
Training,1,55,nao_usado_training
Training,1,306,nao_usado_training
Training,1,129,nao_usado_training
Training,1,488,nao_usado_training
Training,1,446,nao_usado_training
Training,1,98,nao_usado_training
Training,1,161,nao_usado_training
Training,1,205,nao_usado_training
Training,1,435,nao_usado_training
Training,1,27,nao_usado_training
Training,1,59,nao_usado_training
Training,1,86,nao_usado_training
Training,1,484,nao_usado_training
Training,1,63,nao_usado_training
Training,1,26,nao_usado_training
Training,1,85,nao_usado_training
Training,1,11,nao_usado_training
Training,1,400,nao_usado_training
Training,1,363,nao_usado_training
Training,1,287,nao_usado_training
Training,1,364,nao_usado_training
Training,1,470,nao_usado_training
Training,1,118,nao_usado_training
Training,1,478,nao_usado_training
Training,1,248,nao_usado_training
Training,1,119,nao_usado_training
Training,1,349,nao_usado_training
Training,1,251,nao_usado_training
Training,1,324,nao_usado_training
Training,1,10,nao_usado_training
Training,1,197,nao_usado_training
Training,1,256,nao_usado_training
Training,1,82,nao_usado_training
Training,1,359,nao_usado_training
Training,1,456,nao_usado_training
Training,1,46,nao_usado_training
Training,1,240,nao_usado_training
Training,1,276,nao_usado_training
Training,1,212,nao_usado_training
Training,1,201,nao_usado_training
Training,1,343,nao_usado_training
Training,1,430,nao_usado_training
Training,1,228,nao_usado_training
Training,1,41,nao_usado_training
Training,1,471,nao_usado_training
Training,1,28,nao_usado_training
Training,1,481,nao_usado_training
Training,1,459,nao_usado_training
Training,1,345,nao_usado_training
Training,1,449,nao_usado_training
Training,1,300,nao_usado_training
Training,1,351,nao_usado_training
Training,1,8,nao_usado_training
Training,1,156,nao_usado_training
Training,1,272,nao_usado_training
Training,1,421,nao_usado_training
Training,1,462,nao_usado_training
Training,1,382,nao_usado_training
Training,1,259,nao_usado_training
Training,1,54,nao_usado_training
Training,1,318,nao_usado_training
Training,1,143,nao_usado_training
Training,1,14,nao_usado_training
Training,1,403,nao_usado_training
Training,1,47,nao_usado_training
Training,1,20,nao_usado_training
Training,1,500,nao_usado_training
Training,1,429,nao_usado_training
Training,1,434,nao_usado_training
Training,1,229,nao_usado_training
Training,1,335,nao_usado_training
Training,1,203,nao_usado_training
Training,1,213,nao_usado_training
Training,1,80,nao_usado_training
Training,1,149,nao_usado_training
Training,1,303,nao_usado_training
Training,1,310,nao_usado_training
Training,1,486,nao_usado_training
Training,1,326,nao_usado_training
Training,1,465,nao_usado_training
Training,1,344,nao_usado_training
Training,1,134,nao_usado_training
Training,1,117,nao_usado_training
Training,1,312,nao_usado_training
Training,1,191,nao_usado_training
Training,1,422,nao_usado_training
Training,1,1,nao_usado_training
Training,1,317,nao_usado_training
Training,1,148,nao_usado_training
Training,1,58,nao_usado_training
Training,1,341,nao_usado_training
Training,1,220,nao_usado_training
Training,1,457,nao_usado_training
Training,1,440,nao_usado_training
Training,1,173,nao_usado_training
Training,1,126,nao_usado_training
Training,1,377,nao_usado_training
Training,1,401,nao_usado_training
Training,1,202,nao_usado_training
Training,1,91,nao_usado_training
Training,1,167,nao_usado_training
Training,1,182,nao_usado_training
Training,1,275,nao_usado_training
Training,1,252,nao_usado_training
Training,1,70,nao_usado_training
Training,1,292,nao_usado_training
Training,1,132,nao_usado_training
Training,1,301,nao_usado_training
Training,1,405,nao_usado_training
Training,1,327,nao_usado_training
Training,1,145,nao_usado_training
Training,1,404,nao_usado_training
Training,1,321,nao_usado_training
Training,1,136,nao_usado_training
Training,1,389,nao_usado_training
Training,1,165,nao_usado_training
Training,1,29,nao_usado_training
Training,1,5,nao_usado_training
Training,1,194,nao_usado_training
Training,1,371,nao_usado_training
Training,1,283,nao_usado_training
Training,1,170,nao_usado_training
Training,1,468,nao_usado_training
Training,1,141,nao_usado_training
Training,1,174,nao_usado_training
Training,1,7,nao_usado_training
Training,1,230,nao_usado_training
Training,1,458,nao_usado_training
Training,1,74,nao_usado_training
Training,1,9,nao_usado_training
Training,1,398,nao_usado_training
Training,1,239,nao_usado_training
Training,1,146,nao_usado_training
Training,1,331,nao_usado_training
Training,1,235,nao_usado_training
Training,1,221,nao_usado_training
Training,1,455,nao_usado_training
Training,1,480,nao_usado_training
Training,1,133,nao_usado_training
Training,1,122,nao_usado_training
Training,1,392,nao_usado_training
Training,1,186,nao_usado_training
Training,1,42,nao_usado_training
Training,1,181,nao_usado_training
Training,1,109,nao_usado_training
Training,1,39,nao_usado_training
Training,1,57,nao_usado_training
Training,1,387,nao_usado_training
Training,1,423,nao_usado_training
Training,1,53,nao_usado_training
Training,1,379,nao_usado_training
Training,1,25,nao_usado_training
Training,1,474,nao_usado_training
Training,1,69,nao_usado_training
Training,1,373,nao_usado_training
Training,1,144,nao_usado_training
Training,1,367,nao_usado_training
Training,1,339,nao_usado_training
Training,1,52,nao_usado_training
Training,1,487,nao_usado_training
Training,1,223,nao_usado_training
Training,1,206,nao_usado_training
Training,1,284,nao_usado_training
Training,1,265,nao_usado_training
Training,1,76,nao_usado_training
Training,1,233,nao_usado_training
Training,1,482,nao_usado_training
Training,1,100,nao_usado_training
Training,1,428,nao_usado_training
Training,1,19,nao_usado_training
Training,1,187,nao_usado_training
Training,1,463,nao_usado_training
Training,1,342,nao_usado_training
Training,1,414,nao_usado_training
Training,1,368,nao_usado_training
Training,1,84,nao_usado_training
Training,1,62,nao_usado_training
Training,1,448,nao_usado_training
Training,1,273,nao_usado_training
Training,1,286,nao_usado_training
Training,1,361,nao_usado_training
Training,1,355,nao_usado_training
Training,1,437,nao_usado_training
Training,1,279,nao_usado_training
Training,1,13,nao_usado_training
Training,1,183,nao_usado_training
Training,1,369,nao_usado_training
Training,1,472,nao_usado_training
Training,1,37,nao_usado_training
Training,1,224,nao_usado_training
Training,1,190,nao_usado_training
Training,1,151,nao_usado_training
Training,1,483,nao_usado_training
Training,1,498,nao_usado_training
Training,1,36,nao_usado_training
Training,1,99,nao_usado_training
Training,1,177,nao_usado_training
Training,1,227,nao_usado_training
Training,1,192,nao_usado_training
Training,1,408,nao_usado_training
Training,1,357,nao_usado_training
Training,1,394,nao_usado_training
Training,1,164,nao_usado_training
Training,1,249,nao_usado_training
Training,1,277,nao_usado_training
Training,1,217,nao_usado_training
Training,1,420,nao_usado_training
Training,1,376,nao_usado_training
Training,1,413,nao_usado_training
Training,1,75,nao_usado_training
Training,1,114,nao_usado_training
Training,1,314,nao_usado_training
Training,1,196,nao_usado_training
Training,1,391,nao_usado_training
Training,1,105,nao_usado_training
Training,1,115,nao_usado_training
Training,1,418,nao_usado_training
Training,1,453,nao_usado_training
Training,1,410,nao_usado_training
Training,1,93,nao_usado_training
Training,1,264,nao_usado_training
Training,1,90,nao_usado_training
Training,1,337,nao_usado_training
Training,1,215,nao_usado_training
Training,1,35,nao_usado_training
Training,1,242,nao_usado_training
Training,1,253,nao_usado_training
Training,1,386,nao_usado_training
Training,1,302,nao_usado_training
Training,1,95,nao_usado_training
Training,1,12,nao_usado_training
Training,1,397,nao_usado_training
Training,1,285,nao_usado_training
Training,1,44,nao_usado_training
Training,1,43,nao_usado_training
Training,1,330,nao_usado_training
Training,1,168,nao_usado_training
Training,1,477,nao_usado_training
Training,1,65,nao_usado_training
Training,1,323,nao_usado_training
Training,1,268,nao_usado_training
Training,1,101,nao_usado_training
Training,1,427,nao_usado_training
Training,1,179,nao_usado_training
Training,1,445,nao_usado_training
Training,1,417,nao_usado_training
Training,1,33,nao_usado_training
Training,1,380,nao_usado_training
Training,1,163,nao_usado_training
Training,1,178,nao_usado_training
Training,1,396,nao_usado_training
Training,1,152,nao_usado_training
Training,1,340,nao_usado_training
Training,1,475,nao_usado_training
Training,1,160,nao_usado_training
Training,1,384,nao_usado_training
Training,1,476,nao_usado_training
Training,1,258,nao_usado_training
Training,1,247,nao_usado_training
Training,1,336,nao_usado_training
Training,1,280,nao_usado_training
Training,1,16,nao_usado_training
Training,1,4,nao_usado_training
Training,1,493,nao_usado_training
Training,1,325,nao_usado_training
Training,1,257,nao_usado_training
Training,1,96,nao_usado_training
Training,1,442,nao_usado_training
Training,1,147,nao_usado_training
Training,2,116,treino
Training,2,268,treino
Training,2,28,treino
Training,2,422,treino
Training,2,472,treino
Training,2,258,treino
Training,2,470,treino
Training,2,460,treino
Training,2,456,treino
Training,2,436,treino
Training,2,79,treino
Training,2,274,treino
Training,2,91,treino
Training,2,102,treino
Training,2,260,treino
Training,2,219,treino
Training,2,48,treino
Training,2,77,treino
Training,2,473,treino
Training,2,185,treino
Training,2,183,treino
Training,2,239,treino
Training,2,248,treino
Training,2,30,treino
Training,2,209,treino
Training,2,367,treino
Training,2,276,treino
Training,2,52,treino
Training,2,352,treino
Training,2,188,treino
Training,2,340,treino
Training,2,277,treino
Training,2,50,treino
Training,2,195,treino
Training,2,58,treino
Training,2,360,treino
Training,2,207,treino
Training,2,203,treino
Training,2,430,treino
Training,2,362,treino
Training,2,160,treino
Training,2,217,treino
Training,2,359,treino
Training,2,181,treino
Training,2,323,treino
Training,2,6,treino
Training,2,227,treino
Training,2,306,treino
Training,2,337,treino
Training,2,249,treino
Training,2,105,treino
Training,2,250,treino
Training,2,425,treino
Training,2,68,treino
Training,2,409,treino
Training,2,16,treino
Training,2,455,treino
Training,2,201,treino
Training,2,341,treino
Training,2,221,treino
Training,2,242,treino
Training,2,372,treino
Training,2,80,treino
Training,2,208,treino
Training,2,271,treino
Training,2,338,treino
Training,2,235,treino
Training,2,262,treino
Training,2,398,treino
Training,2,415,treino
Training,2,44,treino
Training,2,3,treino
Training,2,238,treino
Training,2,170,treino
Training,2,279,treino
Training,2,400,treino
Training,2,43,treino
Training,2,61,treino
Training,2,308,treino
Training,2,126,treino
Training,2,155,treino
Training,2,413,treino
Training,2,325,treino
Training,2,66,treino
Training,2,190,treino
Training,2,73,treino
Training,2,365,treino
Training,2,354,treino
Training,2,83,treino
Training,2,285,treino
Training,2,311,treino
Training,2,33,treino
Training,2,56,treino
Training,2,345,treino
Training,2,280,treino
Training,2,167,treino
Training,2,199,treino
Training,2,342,treino
Training,2,393,treino
Training,2,163,treino
Training,2,469,validacao
Training,2,463,validacao
Training,2,245,validacao
Training,2,427,validacao
Training,2,21,validacao
Training,2,437,validacao
Training,2,164,validacao
Training,2,383,validacao
Training,2,272,validacao
Training,2,252,validacao
Training,2,234,validacao
Training,2,107,validacao
Training,2,447,validacao
Training,2,363,validacao
Training,2,64,validacao
Training,2,205,validacao
Training,2,443,validacao
Training,2,315,validacao
Training,2,204,validacao
Training,2,26,validacao
Training,2,483,validacao
Training,2,45,validacao
Training,2,240,validacao
Training,2,71,validacao
Training,2,327,validacao
Training,2,121,validacao
Training,2,193,validacao
Training,2,12,validacao
Training,2,281,validacao
Training,2,31,validacao
Training,2,269,validacao
Training,2,27,validacao
Training,2,169,validacao
Training,2,375,validacao
Training,2,336,validacao
Training,2,233,validacao
Training,2,442,validacao
Training,2,122,validacao
Training,2,326,validacao
Training,2,34,validacao
Training,2,41,validacao
Training,2,100,validacao
Training,2,388,validacao
Training,2,192,validacao
Training,2,496,validacao
Training,2,146,validacao
Training,2,70,validacao
Training,2,317,validacao
Training,2,174,validacao
Training,2,98,validacao
Training,2,109,nao_usado_training
Training,2,186,nao_usado_training
Training,2,4,nao_usado_training
Training,2,22,nao_usado_training
Training,2,350,nao_usado_training
Training,2,435,nao_usado_training
Training,2,40,nao_usado_training
Training,2,9,nao_usado_training
Training,2,474,nao_usado_training
Training,2,351,nao_usado_training
Training,2,253,nao_usado_training
Training,2,448,nao_usado_training
Training,2,59,nao_usado_training
Training,2,206,nao_usado_training
Training,2,264,nao_usado_training
Training,2,81,nao_usado_training
Training,2,24,nao_usado_training
Training,2,108,nao_usado_training
Training,2,445,nao_usado_training
Training,2,99,nao_usado_training
Training,2,53,nao_usado_training
Training,2,453,nao_usado_training
Training,2,301,nao_usado_training
Training,2,37,nao_usado_training
Training,2,446,nao_usado_training
Training,2,494,nao_usado_training
Training,2,492,nao_usado_training
Training,2,119,nao_usado_training
Training,2,370,nao_usado_training
Training,2,343,nao_usado_training
Training,2,497,nao_usado_training
Training,2,357,nao_usado_training
Training,2,247,nao_usado_training
Training,2,2,nao_usado_training
Training,2,82,nao_usado_training
Training,2,451,nao_usado_training
Training,2,36,nao_usado_training
Training,2,191,nao_usado_training
Training,2,404,nao_usado_training
Training,2,112,nao_usado_training
Training,2,147,nao_usado_training
Training,2,85,nao_usado_training
Training,2,151,nao_usado_training
Training,2,284,nao_usado_training
Training,2,197,nao_usado_training
Training,2,74,nao_usado_training
Training,2,7,nao_usado_training
Training,2,176,nao_usado_training
Training,2,232,nao_usado_training
Training,2,488,nao_usado_training
Training,2,421,nao_usado_training
Training,2,424,nao_usado_training
Training,2,377,nao_usado_training
Training,2,263,nao_usado_training
Training,2,46,nao_usado_training
Training,2,120,nao_usado_training
Training,2,230,nao_usado_training
Training,2,480,nao_usado_training
Training,2,88,nao_usado_training
Training,2,96,nao_usado_training
Training,2,441,nao_usado_training
Training,2,449,nao_usado_training
Training,2,226,nao_usado_training
Training,2,466,nao_usado_training
Training,2,380,nao_usado_training
Training,2,465,nao_usado_training
Training,2,223,nao_usado_training
Training,2,54,nao_usado_training
Training,2,72,nao_usado_training
Training,2,187,nao_usado_training
Training,2,314,nao_usado_training
Training,2,364,nao_usado_training
Training,2,478,nao_usado_training
Training,2,57,nao_usado_training
Training,2,65,nao_usado_training
Training,2,256,nao_usado_training
Training,2,93,nao_usado_training
Training,2,135,nao_usado_training
Training,2,477,nao_usado_training
Training,2,241,nao_usado_training
Training,2,255,nao_usado_training
Training,2,347,nao_usado_training
Training,2,87,nao_usado_training
Training,2,397,nao_usado_training
Training,2,124,nao_usado_training
Training,2,162,nao_usado_training
Training,2,310,nao_usado_training
Training,2,266,nao_usado_training
Training,2,304,nao_usado_training
Training,2,374,nao_usado_training
Training,2,461,nao_usado_training
Training,2,131,nao_usado_training
Training,2,103,nao_usado_training
Training,2,307,nao_usado_training
Training,2,358,nao_usado_training
Training,2,8,nao_usado_training
Training,2,129,nao_usado_training
Training,2,417,nao_usado_training
Training,2,462,nao_usado_training
Training,2,290,nao_usado_training
Training,2,166,nao_usado_training
Training,2,222,nao_usado_training
Training,2,114,nao_usado_training
Training,2,493,nao_usado_training
Training,2,220,nao_usado_training
Training,2,246,nao_usado_training
Training,2,194,nao_usado_training
Training,2,175,nao_usado_training
Training,2,420,nao_usado_training
Training,2,429,nao_usado_training
Training,2,18,nao_usado_training
Training,2,19,nao_usado_training
Training,2,144,nao_usado_training
Training,2,158,nao_usado_training
Training,2,32,nao_usado_training
Training,2,211,nao_usado_training
Training,2,215,nao_usado_training
Training,2,481,nao_usado_training
Training,2,224,nao_usado_training
Training,2,313,nao_usado_training
Training,2,278,nao_usado_training
Training,2,189,nao_usado_training
Training,2,348,nao_usado_training
Training,2,369,nao_usado_training
Training,2,344,nao_usado_training
Training,2,346,nao_usado_training
Training,2,467,nao_usado_training
Training,2,49,nao_usado_training
Training,2,156,nao_usado_training
Training,2,312,nao_usado_training
Training,2,150,nao_usado_training
Training,2,300,nao_usado_training
Training,2,177,nao_usado_training
Training,2,479,nao_usado_training
Training,2,392,nao_usado_training
Training,2,180,nao_usado_training
Training,2,298,nao_usado_training
Training,2,152,nao_usado_training
Training,2,396,nao_usado_training
Training,2,389,nao_usado_training
Training,2,251,nao_usado_training
Training,2,128,nao_usado_training
Training,2,17,nao_usado_training
Training,2,331,nao_usado_training
Training,2,368,nao_usado_training
Training,2,75,nao_usado_training
Training,2,489,nao_usado_training
Training,2,25,nao_usado_training
Training,2,244,nao_usado_training
Training,2,401,nao_usado_training
Training,2,426,nao_usado_training
Training,2,154,nao_usado_training
Training,2,117,nao_usado_training
Training,2,202,nao_usado_training
Training,2,450,nao_usado_training
Training,2,149,nao_usado_training
Training,2,55,nao_usado_training
Training,2,440,nao_usado_training
Training,2,182,nao_usado_training
Training,2,110,nao_usado_training
Training,2,464,nao_usado_training
Training,2,335,nao_usado_training
Training,2,257,nao_usado_training
Training,2,432,nao_usado_training
Training,2,214,nao_usado_training
Training,2,297,nao_usado_training
Training,2,411,nao_usado_training
Training,2,29,nao_usado_training
Training,2,51,nao_usado_training
Training,2,287,nao_usado_training
Training,2,92,nao_usado_training
Training,2,106,nao_usado_training
Training,2,127,nao_usado_training
Training,2,485,nao_usado_training
Training,2,133,nao_usado_training
Training,2,482,nao_usado_training
Training,2,171,nao_usado_training
Training,2,428,nao_usado_training
Training,2,355,nao_usado_training
Training,2,471,nao_usado_training
Training,2,210,nao_usado_training
Training,2,394,nao_usado_training
Training,2,141,nao_usado_training
Training,2,218,nao_usado_training
Training,2,302,nao_usado_training
Training,2,366,nao_usado_training
Training,2,412,nao_usado_training
Training,2,200,nao_usado_training
Training,2,391,nao_usado_training
Training,2,381,nao_usado_training
Training,2,371,nao_usado_training
Training,2,378,nao_usado_training
Training,2,11,nao_usado_training
Training,2,148,nao_usado_training
Training,2,452,nao_usado_training
Training,2,283,nao_usado_training
Training,2,299,nao_usado_training
Training,2,282,nao_usado_training
Training,2,292,nao_usado_training
Training,2,243,nao_usado_training
Training,2,115,nao_usado_training
Training,2,454,nao_usado_training
Training,2,468,nao_usado_training
Training,2,173,nao_usado_training
Training,2,332,nao_usado_training
Training,2,498,nao_usado_training
Training,2,491,nao_usado_training
Training,2,431,nao_usado_training
Training,2,475,nao_usado_training
Training,2,136,nao_usado_training
Training,2,484,nao_usado_training
Training,2,387,nao_usado_training
Training,2,184,nao_usado_training
Training,2,216,nao_usado_training
Training,2,228,nao_usado_training
Training,2,303,nao_usado_training
Training,2,159,nao_usado_training
Training,2,294,nao_usado_training
Training,2,499,nao_usado_training
Training,2,403,nao_usado_training
Training,2,330,nao_usado_training
Training,2,123,nao_usado_training
Training,2,423,nao_usado_training
Training,2,476,nao_usado_training
Training,2,322,nao_usado_training
Training,2,86,nao_usado_training
Training,2,196,nao_usado_training
Training,2,254,nao_usado_training
Training,2,384,nao_usado_training
Training,2,97,nao_usado_training
Training,2,457,nao_usado_training
Training,2,385,nao_usado_training
Training,2,231,nao_usado_training
Training,2,289,nao_usado_training
Training,2,157,nao_usado_training
Training,2,111,nao_usado_training
Training,2,15,nao_usado_training
Training,2,414,nao_usado_training
Training,2,405,nao_usado_training
Training,2,67,nao_usado_training
Training,2,134,nao_usado_training
Training,2,198,nao_usado_training
Training,2,39,nao_usado_training
Training,2,395,nao_usado_training
Training,2,458,nao_usado_training
Training,2,309,nao_usado_training
Training,2,495,nao_usado_training
Training,2,145,nao_usado_training
Training,2,153,nao_usado_training
Training,2,143,nao_usado_training
Training,2,63,nao_usado_training
Training,2,23,nao_usado_training
Training,2,353,nao_usado_training
Training,2,125,nao_usado_training
Training,2,179,nao_usado_training
Training,2,288,nao_usado_training
Training,2,14,nao_usado_training
Training,2,104,nao_usado_training
Training,2,295,nao_usado_training
Training,2,433,nao_usado_training
Training,2,439,nao_usado_training
Training,2,402,nao_usado_training
Training,2,416,nao_usado_training
Training,2,42,nao_usado_training
Training,2,237,nao_usado_training
Training,2,89,nao_usado_training
Training,2,132,nao_usado_training
Training,2,62,nao_usado_training
Training,2,500,nao_usado_training
Training,2,78,nao_usado_training
Training,2,379,nao_usado_training
Training,2,339,nao_usado_training
Training,2,5,nao_usado_training
Training,2,165,nao_usado_training
Training,2,213,nao_usado_training
Training,2,291,nao_usado_training
Training,2,286,nao_usado_training
Training,2,316,nao_usado_training
Training,2,270,nao_usado_training
Training,2,229,nao_usado_training
Training,2,361,nao_usado_training
Training,2,267,nao_usado_training
Training,2,328,nao_usado_training
Training,2,349,nao_usado_training
Training,2,438,nao_usado_training
Training,2,60,nao_usado_training
Training,2,406,nao_usado_training
Training,2,487,nao_usado_training
Training,2,296,nao_usado_training
Training,2,490,nao_usado_training
Training,2,35,nao_usado_training
Training,2,76,nao_usado_training
Training,2,418,nao_usado_training
Training,2,137,nao_usado_training
Training,2,376,nao_usado_training
Training,2,373,nao_usado_training
Training,2,334,nao_usado_training
Training,2,434,nao_usado_training
Training,2,236,nao_usado_training
Training,2,444,nao_usado_training
Training,2,318,nao_usado_training
Training,2,69,nao_usado_training
Training,2,305,nao_usado_training
Training,2,95,nao_usado_training
Training,2,94,nao_usado_training
Training,2,419,nao_usado_training
Training,2,486,nao_usado_training
Training,2,408,nao_usado_training
Training,2,399,nao_usado_training
Training,2,459,nao_usado_training
Training,2,265,nao_usado_training
Training,2,273,nao_usado_training
Training,2,329,nao_usado_training
Training,2,101,nao_usado_training
Training,2,319,nao_usado_training
Training,2,321,nao_usado_training
Training,2,84,nao_usado_training
Training,2,130,nao_usado_training
Training,2,168,nao_usado_training
Training,2,13,nao_usado_training
Training,2,386,nao_usado_training
Training,2,172,nao_usado_training
Training,2,138,nao_usado_training
Training,2,407,nao_usado_training
Training,2,261,nao_usado_training
Training,2,10,nao_usado_training
Training,2,178,nao_usado_training
Training,2,390,nao_usado_training
Training,2,161,nao_usado_training
Training,2,259,nao_usado_training
Training,2,333,nao_usado_training
Training,2,356,nao_usado_training
Training,2,139,nao_usado_training
Training,2,382,nao_usado_training
Training,2,293,nao_usado_training
Training,2,38,nao_usado_training
Training,2,320,nao_usado_training
Training,2,142,nao_usado_training
Training,2,90,nao_usado_training
Training,2,1,nao_usado_training
Training,2,47,nao_usado_training
Training,2,140,nao_usado_training
Training,2,113,nao_usado_training
Training,2,20,nao_usado_training
Training,2,225,nao_usado_training
Training,2,212,nao_usado_training
Training,2,275,nao_usado_training
Training,2,324,nao_usado_training
Training,2,118,nao_usado_training
Training,2,410,nao_usado_training
Training,3,213,treino
Training,3,325,treino
Training,3,299,treino
Training,3,83,treino
Training,3,443,treino
Training,3,315,treino
Training,3,422,treino
Training,3,182,treino
Training,3,401,treino
Training,3,43,treino
Training,3,167,treino
Training,3,309,treino
Training,3,149,treino
Training,3,417,treino
Training,3,393,treino
Training,3,368,treino
Training,3,48,treino
Training,3,225,treino
Training,3,370,treino
Training,3,57,treino
Training,3,348,treino
Training,3,485,treino
Training,3,275,treino
Training,3,165,treino
Training,3,42,treino
Training,3,461,treino
Training,3,408,treino
Training,3,413,treino
Training,3,78,treino
Training,3,71,treino
Training,3,244,treino
Training,3,66,treino
Training,3,109,treino
Training,3,469,treino
Training,3,383,treino
Training,3,112,treino
Training,3,342,treino
Training,3,369,treino
Training,3,477,treino
Training,3,36,treino
Training,3,91,treino
Training,3,439,treino
Training,3,125,treino
Training,3,118,treino
Training,3,128,treino
Training,3,447,treino
Training,3,360,treino
Training,3,69,treino
Training,3,385,treino
Training,3,180,treino
Training,3,436,treino
Training,3,159,treino
Training,3,30,treino
Training,3,129,treino
Training,3,85,treino
Training,3,217,treino
Training,3,135,treino
Training,3,127,treino
Training,3,444,treino
Training,3,238,treino
Training,3,207,treino
Training,3,35,treino
Training,3,341,treino
Training,3,10,treino
Training,3,28,treino
Training,3,496,treino
Training,3,320,treino
Training,3,331,treino
Training,3,279,treino
Training,3,94,treino
Training,3,421,treino
Training,3,70,treino
Training,3,362,treino
Training,3,51,treino
Training,3,111,treino
Training,3,171,treino
Training,3,228,treino
Training,3,483,treino
Training,3,87,treino
Training,3,55,treino
Training,3,19,treino
Training,3,151,treino
Training,3,200,treino
Training,3,427,treino
Training,3,265,treino
Training,3,500,treino
Training,3,156,treino
Training,3,100,treino
Training,3,14,treino
Training,3,255,treino
Training,3,291,treino
Training,3,375,treino
Training,3,263,treino
Training,3,229,treino
Training,3,398,treino
Training,3,334,treino
Training,3,246,treino
Training,3,404,treino
Training,3,290,treino
Training,3,317,treino
Training,3,352,validacao
Training,3,143,validacao
Training,3,314,validacao
Training,3,384,validacao
Training,3,138,validacao
Training,3,287,validacao
Training,3,256,validacao
Training,3,286,validacao
Training,3,144,validacao
Training,3,433,validacao
Training,3,173,validacao
Training,3,154,validacao
Training,3,388,validacao
Training,3,434,validacao
Training,3,367,validacao
Training,3,335,validacao
Training,3,214,validacao
Training,3,67,validacao
Training,3,482,validacao
Training,3,456,validacao
Training,3,104,validacao
Training,3,49,validacao
Training,3,44,validacao
Training,3,455,validacao
Training,3,106,validacao
Training,3,403,validacao
Training,3,212,validacao
Training,3,339,validacao
Training,3,425,validacao
Training,3,345,validacao
Training,3,132,validacao
Training,3,103,validacao
Training,3,308,validacao
Training,3,297,validacao
Training,3,150,validacao
Training,3,2,validacao
Training,3,97,validacao
Training,3,280,validacao
Training,3,86,validacao
Training,3,391,validacao
Training,3,80,validacao
Training,3,232,validacao
Training,3,121,validacao
Training,3,76,validacao
Training,3,41,validacao
Training,3,264,validacao
Training,3,152,validacao
Training,3,136,validacao
Training,3,102,validacao
Training,3,396,validacao
Training,3,307,nao_usado_training
Training,3,419,nao_usado_training
Training,3,234,nao_usado_training
Training,3,95,nao_usado_training
Training,3,110,nao_usado_training
Training,3,300,nao_usado_training
Training,3,486,nao_usado_training
Training,3,211,nao_usado_training
Training,3,220,nao_usado_training
Training,3,202,nao_usado_training
Training,3,201,nao_usado_training
Training,3,139,nao_usado_training
Training,3,194,nao_usado_training
Training,3,88,nao_usado_training
Training,3,276,nao_usado_training
Training,3,117,nao_usado_training
Training,3,407,nao_usado_training
Training,3,231,nao_usado_training
Training,3,355,nao_usado_training
Training,3,252,nao_usado_training
Training,3,282,nao_usado_training
Training,3,273,nao_usado_training
Training,3,415,nao_usado_training
Training,3,277,nao_usado_training
Training,3,292,nao_usado_training
Training,3,451,nao_usado_training
Training,3,498,nao_usado_training
Training,3,122,nao_usado_training
Training,3,271,nao_usado_training
Training,3,452,nao_usado_training
Training,3,172,nao_usado_training
Training,3,190,nao_usado_training
Training,3,268,nao_usado_training
Training,3,50,nao_usado_training
Training,3,365,nao_usado_training
Training,3,248,nao_usado_training
Training,3,257,nao_usado_training
Training,3,8,nao_usado_training
Training,3,53,nao_usado_training
Training,3,93,nao_usado_training
Training,3,431,nao_usado_training
Training,3,306,nao_usado_training
Training,3,281,nao_usado_training
Training,3,410,nao_usado_training
Training,3,326,nao_usado_training
Training,3,205,nao_usado_training
Training,3,18,nao_usado_training
Training,3,458,nao_usado_training
Training,3,24,nao_usado_training
Training,3,353,nao_usado_training
Training,3,64,nao_usado_training
Training,3,285,nao_usado_training
Training,3,189,nao_usado_training
Training,3,162,nao_usado_training
Training,3,240,nao_usado_training
Training,3,166,nao_usado_training
Training,3,350,nao_usado_training
Training,3,253,nao_usado_training
Training,3,1,nao_usado_training
Training,3,131,nao_usado_training
Training,3,197,nao_usado_training
Training,3,459,nao_usado_training
Training,3,457,nao_usado_training
Training,3,6,nao_usado_training
Training,3,230,nao_usado_training
Training,3,428,nao_usado_training
Training,3,101,nao_usado_training
Training,3,208,nao_usado_training
Training,3,390,nao_usado_training
Training,3,21,nao_usado_training
Training,3,221,nao_usado_training
Training,3,322,nao_usado_training
Training,3,184,nao_usado_training
Training,3,126,nao_usado_training
Training,3,449,nao_usado_training
Training,3,481,nao_usado_training
Training,3,27,nao_usado_training
Training,3,254,nao_usado_training
Training,3,270,nao_usado_training
Training,3,84,nao_usado_training
Training,3,298,nao_usado_training
Training,3,453,nao_usado_training
Training,3,130,nao_usado_training
Training,3,32,nao_usado_training
Training,3,116,nao_usado_training
Training,3,75,nao_usado_training
Training,3,157,nao_usado_training
Training,3,499,nao_usado_training
Training,3,119,nao_usado_training
Training,3,494,nao_usado_training
Training,3,337,nao_usado_training
Training,3,283,nao_usado_training
Training,3,472,nao_usado_training
Training,3,386,nao_usado_training
Training,3,209,nao_usado_training
Training,3,492,nao_usado_training
Training,3,412,nao_usado_training
Training,3,250,nao_usado_training
Training,3,174,nao_usado_training
Training,3,351,nao_usado_training
Training,3,26,nao_usado_training
Training,3,448,nao_usado_training
Training,3,58,nao_usado_training
Training,3,203,nao_usado_training
Training,3,179,nao_usado_training
Training,3,303,nao_usado_training
Training,3,79,nao_usado_training
Training,3,134,nao_usado_training
Training,3,33,nao_usado_training
Training,3,361,nao_usado_training
Training,3,406,nao_usado_training
Training,3,405,nao_usado_training
Training,3,347,nao_usado_training
Training,3,164,nao_usado_training
Training,3,204,nao_usado_training
Training,3,175,nao_usado_training
Training,3,497,nao_usado_training
Training,3,487,nao_usado_training
Training,3,371,nao_usado_training
Training,3,22,nao_usado_training
Training,3,435,nao_usado_training
Training,3,296,nao_usado_training
Training,3,288,nao_usado_training
Training,3,192,nao_usado_training
Training,3,219,nao_usado_training
Training,3,242,nao_usado_training
Training,3,196,nao_usado_training
Training,3,278,nao_usado_training
Training,3,420,nao_usado_training
Training,3,222,nao_usado_training
Training,3,60,nao_usado_training
Training,3,294,nao_usado_training
Training,3,327,nao_usado_training
Training,3,74,nao_usado_training
Training,3,163,nao_usado_training
Training,3,480,nao_usado_training
Training,3,223,nao_usado_training
Training,3,17,nao_usado_training
Training,3,233,nao_usado_training
Training,3,113,nao_usado_training
Training,3,312,nao_usado_training
Training,3,46,nao_usado_training
Training,3,13,nao_usado_training
Training,3,336,nao_usado_training
Training,3,423,nao_usado_training
Training,3,12,nao_usado_training
Training,3,77,nao_usado_training
Training,3,206,nao_usado_training
Training,3,258,nao_usado_training
Training,3,82,nao_usado_training
Training,3,466,nao_usado_training
Training,3,441,nao_usado_training
Training,3,374,nao_usado_training
Training,3,23,nao_usado_training
Training,3,31,nao_usado_training
Training,3,249,nao_usado_training
Training,3,343,nao_usado_training
Training,3,235,nao_usado_training
Training,3,133,nao_usado_training
Training,3,7,nao_usado_training
Training,3,188,nao_usado_training
Training,3,155,nao_usado_training
Training,3,191,nao_usado_training
Training,3,356,nao_usado_training
Training,3,181,nao_usado_training
Training,3,45,nao_usado_training
Training,3,372,nao_usado_training
Training,3,169,nao_usado_training
Training,3,304,nao_usado_training
Training,3,321,nao_usado_training
Training,3,411,nao_usado_training
Training,3,92,nao_usado_training
Training,3,168,nao_usado_training
Training,3,147,nao_usado_training
Training,3,395,nao_usado_training
Training,3,394,nao_usado_training
Training,3,289,nao_usado_training
Training,3,237,nao_usado_training
Training,3,402,nao_usado_training
Training,3,381,nao_usado_training
Training,3,56,nao_usado_training
Training,3,363,nao_usado_training
Training,3,186,nao_usado_training
Training,3,115,nao_usado_training
Training,3,462,nao_usado_training
Training,3,224,nao_usado_training
Training,3,301,nao_usado_training
Training,3,354,nao_usado_training
Training,3,114,nao_usado_training
Training,3,81,nao_usado_training
Training,3,284,nao_usado_training
Training,3,346,nao_usado_training
Training,3,316,nao_usado_training
Training,3,37,nao_usado_training
Training,3,90,nao_usado_training
Training,3,176,nao_usado_training
Training,3,475,nao_usado_training
Training,3,328,nao_usado_training
Training,3,38,nao_usado_training
Training,3,124,nao_usado_training
Training,3,358,nao_usado_training
Training,3,392,nao_usado_training
Training,3,25,nao_usado_training
Training,3,40,nao_usado_training
Training,3,387,nao_usado_training
Training,3,478,nao_usado_training
Training,3,332,nao_usado_training
Training,3,400,nao_usado_training
Training,3,195,nao_usado_training
Training,3,137,nao_usado_training
Training,3,464,nao_usado_training
Training,3,123,nao_usado_training
Training,3,323,nao_usado_training
Training,3,105,nao_usado_training
Training,3,267,nao_usado_training
Training,3,98,nao_usado_training
Training,3,357,nao_usado_training
Training,3,68,nao_usado_training
Training,3,329,nao_usado_training
Training,3,89,nao_usado_training
Training,3,120,nao_usado_training
Training,3,473,nao_usado_training
Training,3,468,nao_usado_training
Training,3,160,nao_usado_training
Training,3,445,nao_usado_training
Training,3,216,nao_usado_training
Training,3,145,nao_usado_training
Training,3,418,nao_usado_training
Training,3,338,nao_usado_training
Training,3,178,nao_usado_training
Training,3,467,nao_usado_training
Training,3,484,nao_usado_training
Training,3,488,nao_usado_training
Training,3,378,nao_usado_training
Training,3,20,nao_usado_training
Training,3,99,nao_usado_training
Training,3,9,nao_usado_training
Training,3,463,nao_usado_training
Training,3,215,nao_usado_training
Training,3,47,nao_usado_training
Training,3,54,nao_usado_training
Training,3,261,nao_usado_training
Training,3,5,nao_usado_training
Training,3,262,nao_usado_training
Training,3,442,nao_usado_training
Training,3,259,nao_usado_training
Training,3,241,nao_usado_training
Training,3,218,nao_usado_training
Training,3,313,nao_usado_training
Training,3,490,nao_usado_training
Training,3,107,nao_usado_training
Training,3,330,nao_usado_training
Training,3,366,nao_usado_training
Training,3,243,nao_usado_training
Training,3,373,nao_usado_training
Training,3,310,nao_usado_training
Training,3,63,nao_usado_training
Training,3,491,nao_usado_training
Training,3,148,nao_usado_training
Training,3,72,nao_usado_training
Training,3,59,nao_usado_training
Training,3,260,nao_usado_training
Training,3,52,nao_usado_training
Training,3,199,nao_usado_training
Training,3,437,nao_usado_training
Training,3,226,nao_usado_training
Training,3,333,nao_usado_training
Training,3,62,nao_usado_training
Training,3,11,nao_usado_training
Training,3,430,nao_usado_training
Training,3,465,nao_usado_training
Training,3,319,nao_usado_training
Training,3,295,nao_usado_training
Training,3,198,nao_usado_training
Training,3,380,nao_usado_training
Training,3,61,nao_usado_training
Training,3,438,nao_usado_training
Training,3,187,nao_usado_training
Training,3,140,nao_usado_training
Training,3,344,nao_usado_training
Training,3,454,nao_usado_training
Training,3,305,nao_usado_training
Training,3,399,nao_usado_training
Training,3,73,nao_usado_training
Training,3,193,nao_usado_training
Training,3,432,nao_usado_training
Training,3,153,nao_usado_training
Training,3,293,nao_usado_training
Training,3,146,nao_usado_training
Training,3,324,nao_usado_training
Training,3,158,nao_usado_training
Training,3,493,nao_usado_training
Training,3,142,nao_usado_training
Training,3,429,nao_usado_training
Training,3,3,nao_usado_training
Training,3,177,nao_usado_training
Training,3,65,nao_usado_training
Training,3,389,nao_usado_training
Training,3,340,nao_usado_training
Training,3,359,nao_usado_training
Training,3,489,nao_usado_training
Training,3,476,nao_usado_training
Training,3,266,nao_usado_training
Training,3,377,nao_usado_training
Training,3,239,nao_usado_training
Training,3,460,nao_usado_training
Training,3,440,nao_usado_training
Training,3,272,nao_usado_training
Training,3,185,nao_usado_training
Training,3,236,nao_usado_training
Training,3,245,nao_usado_training
Training,3,318,nao_usado_training
Training,3,446,nao_usado_training
Training,3,29,nao_usado_training
Training,3,302,nao_usado_training
Training,3,495,nao_usado_training
Training,3,379,nao_usado_training
Training,3,479,nao_usado_training
Training,3,96,nao_usado_training
Training,3,416,nao_usado_training
Training,3,274,nao_usado_training
Training,3,141,nao_usado_training
Training,3,269,nao_usado_training
Training,3,247,nao_usado_training
Training,3,251,nao_usado_training
Training,3,414,nao_usado_training
Training,3,34,nao_usado_training
Training,3,170,nao_usado_training
Training,3,227,nao_usado_training
Training,3,311,nao_usado_training
Training,3,450,nao_usado_training
Training,3,382,nao_usado_training
Training,3,108,nao_usado_training
Training,3,426,nao_usado_training
Training,3,16,nao_usado_training
Training,3,161,nao_usado_training
Training,3,210,nao_usado_training
Training,3,397,nao_usado_training
Training,3,409,nao_usado_training
Training,3,470,nao_usado_training
Training,3,349,nao_usado_training
Training,3,4,nao_usado_training
Training,3,376,nao_usado_training
Training,3,15,nao_usado_training
Training,3,39,nao_usado_training
Training,3,364,nao_usado_training
Training,3,471,nao_usado_training
Training,3,183,nao_usado_training
Training,3,474,nao_usado_training
Training,3,424,nao_usado_training
Training,4,470,treino
Training,4,29,treino
Training,4,379,treino
Training,4,94,treino
Training,4,318,treino
Training,4,240,treino
Training,4,411,treino
Training,4,342,treino
Training,4,298,treino
Training,4,101,treino
Training,4,260,treino
Training,4,409,treino
Training,4,433,treino
Training,4,17,treino
Training,4,96,treino
Training,4,189,treino
Training,4,338,treino
Training,4,454,treino
Training,4,40,treino
Training,4,344,treino
Training,4,414,treino
Training,4,197,treino
Training,4,194,treino
Training,4,432,treino
Training,4,362,treino
Training,4,494,treino
Training,4,48,treino
Training,4,83,treino
Training,4,18,treino
Training,4,233,treino
Training,4,56,treino
Training,4,57,treino
Training,4,427,treino
Training,4,500,treino
Training,4,219,treino
Training,4,280,treino
Training,4,286,treino
Training,4,307,treino
Training,4,456,treino
Training,4,459,treino
Training,4,4,treino
Training,4,81,treino
Training,4,273,treino
Training,4,246,treino
Training,4,34,treino
Training,4,177,treino
Training,4,113,treino
Training,4,148,treino
Training,4,41,treino
Training,4,134,treino
Training,4,215,treino
Training,4,87,treino
Training,4,210,treino
Training,4,484,treino
Training,4,373,treino
Training,4,410,treino
Training,4,238,treino
Training,4,111,treino
Training,4,467,treino
Training,4,54,treino
Training,4,61,treino
Training,4,253,treino
Training,4,95,treino
Training,4,25,treino
Training,4,259,treino
Training,4,441,treino
Training,4,180,treino
Training,4,330,treino
Training,4,399,treino
Training,4,481,treino
Training,4,211,treino
Training,4,88,treino
Training,4,112,treino
Training,4,99,treino
Training,4,429,treino
Training,4,244,treino
Training,4,135,treino
Training,4,79,treino
Training,4,412,treino
Training,4,274,treino
Training,4,45,treino
Training,4,385,treino
Training,4,191,treino
Training,4,222,treino
Training,4,351,treino
Training,4,402,treino
Training,4,230,treino
Training,4,15,treino
Training,4,405,treino
Training,4,122,treino
Training,4,288,treino
Training,4,6,treino
Training,4,447,treino
Training,4,127,treino
Training,4,389,treino
Training,4,496,treino
Training,4,196,treino
Training,4,62,treino
Training,4,388,treino
Training,4,166,treino
Training,4,75,validacao
Training,4,128,validacao
Training,4,403,validacao
Training,4,250,validacao
Training,4,464,validacao
Training,4,205,validacao
Training,4,105,validacao
Training,4,499,validacao
Training,4,139,validacao
Training,4,426,validacao
Training,4,413,validacao
Training,4,14,validacao
Training,4,155,validacao
Training,4,38,validacao
Training,4,335,validacao
Training,4,16,validacao
Training,4,33,validacao
Training,4,190,validacao
Training,4,103,validacao
Training,4,255,validacao
Training,4,376,validacao
Training,4,22,validacao
Training,4,256,validacao
Training,4,482,validacao
Training,4,419,validacao
Training,4,137,validacao
Training,4,262,validacao
Training,4,446,validacao
Training,4,497,validacao
Training,4,314,validacao
Training,4,326,validacao
Training,4,356,validacao
Training,4,104,validacao
Training,4,115,validacao
Training,4,92,validacao
Training,4,23,validacao
Training,4,423,validacao
Training,4,162,validacao
Training,4,182,validacao
Training,4,140,validacao
Training,4,315,validacao
Training,4,408,validacao
Training,4,258,validacao
Training,4,418,validacao
Training,4,55,validacao
Training,4,478,validacao
Training,4,31,validacao
Training,4,212,validacao
Training,4,187,validacao
Training,4,480,validacao
Training,4,415,nao_usado_training
Training,4,168,nao_usado_training
Training,4,116,nao_usado_training
Training,4,30,nao_usado_training
Training,4,476,nao_usado_training
Training,4,451,nao_usado_training
Training,4,363,nao_usado_training
Training,4,329,nao_usado_training
Training,4,174,nao_usado_training
Training,4,430,nao_usado_training
Training,4,392,nao_usado_training
Training,4,323,nao_usado_training
Training,4,58,nao_usado_training
Training,4,200,nao_usado_training
Training,4,455,nao_usado_training
Training,4,422,nao_usado_training
Training,4,247,nao_usado_training
Training,4,400,nao_usado_training
Training,4,235,nao_usado_training
Training,4,420,nao_usado_training
Training,4,377,nao_usado_training
Training,4,268,nao_usado_training
Training,4,393,nao_usado_training
Training,4,443,nao_usado_training
Training,4,243,nao_usado_training
Training,4,231,nao_usado_training
Training,4,13,nao_usado_training
Training,4,435,nao_usado_training
Training,4,70,nao_usado_training
Training,4,123,nao_usado_training
Training,4,186,nao_usado_training
Training,4,371,nao_usado_training
Training,4,355,nao_usado_training
Training,4,131,nao_usado_training
Training,4,237,nao_usado_training
Training,4,97,nao_usado_training
Training,4,297,nao_usado_training
Training,4,109,nao_usado_training
Training,4,386,nao_usado_training
Training,4,32,nao_usado_training
Training,4,236,nao_usado_training
Training,4,327,nao_usado_training
Training,4,248,nao_usado_training
Training,4,354,nao_usado_training
Training,4,46,nao_usado_training
Training,4,188,nao_usado_training
Training,4,24,nao_usado_training
Training,4,359,nao_usado_training
Training,4,425,nao_usado_training
Training,4,474,nao_usado_training
Training,4,397,nao_usado_training
Training,4,42,nao_usado_training
Training,4,67,nao_usado_training
Training,4,465,nao_usado_training
Training,4,322,nao_usado_training
Training,4,7,nao_usado_training
Training,4,436,nao_usado_training
Training,4,466,nao_usado_training
Training,4,321,nao_usado_training
Training,4,477,nao_usado_training
Training,4,417,nao_usado_training
Training,4,406,nao_usado_training
Training,4,78,nao_usado_training
Training,4,201,nao_usado_training
Training,4,138,nao_usado_training
Training,4,11,nao_usado_training
Training,4,160,nao_usado_training
Training,4,444,nao_usado_training
Training,4,498,nao_usado_training
Training,4,333,nao_usado_training
Training,4,249,nao_usado_training
Training,4,357,nao_usado_training
Training,4,150,nao_usado_training
Training,4,209,nao_usado_training
Training,4,149,nao_usado_training
Training,4,387,nao_usado_training
Training,4,360,nao_usado_training
Training,4,226,nao_usado_training
Training,4,296,nao_usado_training
Training,4,227,nao_usado_training
Training,4,252,nao_usado_training
Training,4,391,nao_usado_training
Training,4,452,nao_usado_training
Training,4,183,nao_usado_training
Training,4,225,nao_usado_training
Training,4,272,nao_usado_training
Training,4,491,nao_usado_training
Training,4,372,nao_usado_training
Training,4,283,nao_usado_training
Training,4,343,nao_usado_training
Training,4,202,nao_usado_training
Training,4,167,nao_usado_training
Training,4,60,nao_usado_training
Training,4,100,nao_usado_training
Training,4,346,nao_usado_training
Training,4,254,nao_usado_training
Training,4,50,nao_usado_training
Training,4,68,nao_usado_training
Training,4,37,nao_usado_training
Training,4,91,nao_usado_training
Training,4,317,nao_usado_training
Training,4,49,nao_usado_training
Training,4,208,nao_usado_training
Training,4,152,nao_usado_training
Training,4,72,nao_usado_training
Training,4,170,nao_usado_training
Training,4,125,nao_usado_training
Training,4,463,nao_usado_training
Training,4,485,nao_usado_training
Training,4,9,nao_usado_training
Training,4,383,nao_usado_training
Training,4,364,nao_usado_training
Training,4,214,nao_usado_training
Training,4,483,nao_usado_training
Training,4,295,nao_usado_training
Training,4,47,nao_usado_training
Training,4,173,nao_usado_training
Training,4,172,nao_usado_training
Training,4,278,nao_usado_training
Training,4,84,nao_usado_training
Training,4,36,nao_usado_training
Training,4,241,nao_usado_training
Training,4,71,nao_usado_training
Training,4,486,nao_usado_training
Training,4,416,nao_usado_training
Training,4,74,nao_usado_training
Training,4,495,nao_usado_training
Training,4,263,nao_usado_training
Training,4,365,nao_usado_training
Training,4,348,nao_usado_training
Training,4,353,nao_usado_training
Training,4,2,nao_usado_training
Training,4,146,nao_usado_training
Training,4,158,nao_usado_training
Training,4,106,nao_usado_training
Training,4,144,nao_usado_training
Training,4,382,nao_usado_training
Training,4,453,nao_usado_training
Training,4,239,nao_usado_training
Training,4,396,nao_usado_training
Training,4,27,nao_usado_training
Training,4,52,nao_usado_training
Training,4,450,nao_usado_training
Training,4,275,nao_usado_training
Training,4,141,nao_usado_training
Training,4,277,nao_usado_training
Training,4,309,nao_usado_training
Training,4,51,nao_usado_training
Training,4,203,nao_usado_training
Training,4,292,nao_usado_training
Training,4,281,nao_usado_training
Training,4,124,nao_usado_training
Training,4,319,nao_usado_training
Training,4,381,nao_usado_training
Training,4,462,nao_usado_training
Training,4,21,nao_usado_training
Training,4,401,nao_usado_training
Training,4,43,nao_usado_training
Training,4,271,nao_usado_training
Training,4,228,nao_usado_training
Training,4,300,nao_usado_training
Training,4,442,nao_usado_training
Training,4,320,nao_usado_training
Training,4,473,nao_usado_training
Training,4,428,nao_usado_training
Training,4,153,nao_usado_training
Training,4,154,nao_usado_training
Training,4,221,nao_usado_training
Training,4,117,nao_usado_training
Training,4,368,nao_usado_training
Training,4,492,nao_usado_training
Training,4,85,nao_usado_training
Training,4,3,nao_usado_training
Training,4,265,nao_usado_training
Training,4,110,nao_usado_training
Training,4,267,nao_usado_training
Training,4,347,nao_usado_training
Training,4,291,nao_usado_training
Training,4,224,nao_usado_training
Training,4,457,nao_usado_training
Training,4,479,nao_usado_training
Training,4,316,nao_usado_training
Training,4,337,nao_usado_training
Training,4,199,nao_usado_training
Training,4,378,nao_usado_training
Training,4,65,nao_usado_training
Training,4,143,nao_usado_training
Training,4,213,nao_usado_training
Training,4,394,nao_usado_training
Training,4,310,nao_usado_training
Training,4,398,nao_usado_training
Training,4,331,nao_usado_training
Training,4,339,nao_usado_training
Training,4,279,nao_usado_training
Training,4,82,nao_usado_training
Training,4,19,nao_usado_training
Training,4,349,nao_usado_training
Training,4,132,nao_usado_training
Training,4,102,nao_usado_training
Training,4,98,nao_usado_training
Training,4,324,nao_usado_training
Training,4,159,nao_usado_training
Training,4,77,nao_usado_training
Training,4,434,nao_usado_training
Training,4,366,nao_usado_training
Training,4,269,nao_usado_training
Training,4,176,nao_usado_training
Training,4,89,nao_usado_training
Training,4,169,nao_usado_training
Training,4,431,nao_usado_training
Training,4,73,nao_usado_training
Training,4,63,nao_usado_training
Training,4,192,nao_usado_training
Training,4,220,nao_usado_training
Training,4,90,nao_usado_training
Training,4,475,nao_usado_training
Training,4,69,nao_usado_training
Training,4,304,nao_usado_training
Training,4,53,nao_usado_training
Training,4,142,nao_usado_training
Training,4,487,nao_usado_training
Training,4,147,nao_usado_training
Training,4,438,nao_usado_training
Training,4,289,nao_usado_training
Training,4,302,nao_usado_training
Training,4,345,nao_usado_training
Training,4,328,nao_usado_training
Training,4,76,nao_usado_training
Training,4,369,nao_usado_training
Training,4,232,nao_usado_training
Training,4,488,nao_usado_training
Training,4,136,nao_usado_training
Training,4,26,nao_usado_training
Training,4,145,nao_usado_training
Training,4,114,nao_usado_training
Training,4,218,nao_usado_training
Training,4,437,nao_usado_training
Training,4,311,nao_usado_training
Training,4,193,nao_usado_training
Training,4,290,nao_usado_training
Training,4,469,nao_usado_training
Training,4,86,nao_usado_training
Training,4,5,nao_usado_training
Training,4,358,nao_usado_training
Training,4,352,nao_usado_training
Training,4,157,nao_usado_training
Training,4,471,nao_usado_training
Training,4,129,nao_usado_training
Training,4,341,nao_usado_training
Training,4,8,nao_usado_training
Training,4,375,nao_usado_training
Training,4,380,nao_usado_training
Training,4,234,nao_usado_training
Training,4,336,nao_usado_training
Training,4,308,nao_usado_training
Training,4,490,nao_usado_training
Training,4,461,nao_usado_training
Training,4,384,nao_usado_training
Training,4,151,nao_usado_training
Training,4,340,nao_usado_training
Training,4,294,nao_usado_training
Training,4,489,nao_usado_training
Training,4,178,nao_usado_training
Training,4,184,nao_usado_training
Training,4,223,nao_usado_training
Training,4,39,nao_usado_training
Training,4,185,nao_usado_training
Training,4,439,nao_usado_training
Training,4,306,nao_usado_training
Training,4,217,nao_usado_training
Training,4,126,nao_usado_training
Training,4,299,nao_usado_training
Training,4,448,nao_usado_training
Training,4,216,nao_usado_training
Training,4,242,nao_usado_training
Training,4,181,nao_usado_training
Training,4,472,nao_usado_training
Training,4,12,nao_usado_training
Training,4,206,nao_usado_training
Training,4,179,nao_usado_training
Training,4,161,nao_usado_training
Training,4,325,nao_usado_training
Training,4,59,nao_usado_training
Training,4,245,nao_usado_training
Training,4,198,nao_usado_training
Training,4,35,nao_usado_training
Training,4,119,nao_usado_training
Training,4,468,nao_usado_training
Training,4,285,nao_usado_training
Training,4,282,nao_usado_training
Training,4,20,nao_usado_training
Training,4,293,nao_usado_training
Training,4,130,nao_usado_training
Training,4,334,nao_usado_training
Training,4,370,nao_usado_training
Training,4,404,nao_usado_training
Training,4,445,nao_usado_training
Training,4,251,nao_usado_training
Training,4,108,nao_usado_training
Training,4,390,nao_usado_training
Training,4,207,nao_usado_training
Training,4,367,nao_usado_training
Training,4,156,nao_usado_training
Training,4,312,nao_usado_training
Training,4,44,nao_usado_training
Training,4,120,nao_usado_training
Training,4,305,nao_usado_training
Training,4,165,nao_usado_training
Training,4,204,nao_usado_training
Training,4,175,nao_usado_training
Training,4,421,nao_usado_training
Training,4,107,nao_usado_training
Training,4,121,nao_usado_training
Training,4,284,nao_usado_training
Training,4,374,nao_usado_training
Training,4,64,nao_usado_training
Training,4,313,nao_usado_training
Training,4,1,nao_usado_training
Training,4,493,nao_usado_training
Training,4,171,nao_usado_training
Training,4,264,nao_usado_training
Training,4,276,nao_usado_training
Training,4,133,nao_usado_training
Training,4,257,nao_usado_training
Training,4,361,nao_usado_training
Training,4,350,nao_usado_training
Training,4,332,nao_usado_training
Training,4,266,nao_usado_training
Training,4,93,nao_usado_training
Training,4,458,nao_usado_training
Training,4,80,nao_usado_training
Training,4,270,nao_usado_training
Training,4,118,nao_usado_training
Training,4,195,nao_usado_training
Training,4,10,nao_usado_training
Training,4,395,nao_usado_training
Training,4,287,nao_usado_training
Training,4,303,nao_usado_training
Training,4,407,nao_usado_training
Training,4,301,nao_usado_training
Training,4,164,nao_usado_training
Training,4,440,nao_usado_training
Training,4,460,nao_usado_training
Training,4,424,nao_usado_training
Training,4,449,nao_usado_training
Training,4,261,nao_usado_training
Training,4,229,nao_usado_training
Training,4,163,nao_usado_training
Training,4,66,nao_usado_training
Training,4,28,nao_usado_training
Training,5,198,treino
Training,5,427,treino
Training,5,450,treino
Training,5,142,treino
Training,5,212,treino
Training,5,225,treino
Training,5,9,treino
Training,5,342,treino
Training,5,59,treino
Training,5,254,treino
Training,5,330,treino
Training,5,499,treino
Training,5,157,treino
Training,5,265,treino
Training,5,298,treino
Training,5,362,treino
Training,5,347,treino
Training,5,99,treino
Training,5,53,treino
Training,5,289,treino
Training,5,429,treino
Training,5,491,treino
Training,5,176,treino
Training,5,27,treino
Training,5,305,treino
Training,5,83,treino
Training,5,257,treino
Training,5,326,treino
Training,5,297,treino
Training,5,141,treino
Training,5,195,treino
Training,5,2,treino
Training,5,96,treino
Training,5,6,treino
Training,5,123,treino
Training,5,325,treino
Training,5,381,treino
Training,5,368,treino
Training,5,430,treino
Training,5,364,treino
Training,5,205,treino
Training,5,156,treino
Training,5,293,treino
Training,5,179,treino
Training,5,392,treino
Training,5,493,treino
Training,5,399,treino
Training,5,115,treino
Training,5,243,treino
Training,5,462,treino
Training,5,25,treino
Training,5,301,treino
Training,5,207,treino
Training,5,131,treino
Training,5,500,treino
Training,5,431,treino
Training,5,67,treino
Training,5,274,treino
Training,5,394,treino
Training,5,439,treino
Training,5,436,treino
Training,5,134,treino
Training,5,177,treino
Training,5,218,treino
Training,5,370,treino
Training,5,377,treino
Training,5,26,treino
Training,5,418,treino
Training,5,91,treino
Training,5,407,treino
Training,5,409,treino
Training,5,241,treino
Training,5,373,treino
Training,5,15,treino
Training,5,382,treino
Training,5,437,treino
Training,5,33,treino
Training,5,193,treino
Training,5,68,treino
Training,5,419,treino
Training,5,170,treino
Training,5,375,treino
Training,5,458,treino
Training,5,163,treino
Training,5,73,treino
Training,5,287,treino
Training,5,168,treino
Training,5,77,treino
Training,5,349,treino
Training,5,16,treino
Training,5,199,treino
Training,5,259,treino
Training,5,201,treino
Training,5,98,treino
Training,5,197,treino
Training,5,300,treino
Training,5,473,treino
Training,5,471,treino
Training,5,248,treino
Training,5,102,treino
Training,5,106,validacao
Training,5,479,validacao
Training,5,85,validacao
Training,5,36,validacao
Training,5,89,validacao
Training,5,204,validacao
Training,5,84,validacao
Training,5,31,validacao
Training,5,444,validacao
Training,5,253,validacao
Training,5,272,validacao
Training,5,187,validacao
Training,5,304,validacao
Training,5,216,validacao
Training,5,41,validacao
Training,5,127,validacao
Training,5,328,validacao
Training,5,165,validacao
Training,5,194,validacao
Training,5,1,validacao
Training,5,310,validacao
Training,5,322,validacao
Training,5,311,validacao
Training,5,237,validacao
Training,5,334,validacao
Training,5,182,validacao
Training,5,396,validacao
Training,5,270,validacao
Training,5,5,validacao
Training,5,74,validacao
Training,5,185,validacao
Training,5,64,validacao
Training,5,93,validacao
Training,5,175,validacao
Training,5,46,validacao
Training,5,35,validacao
Training,5,367,validacao
Training,5,180,validacao
Training,5,81,validacao
Training,5,249,validacao
Training,5,319,validacao
Training,5,167,validacao
Training,5,107,validacao
Training,5,383,validacao
Training,5,286,validacao
Training,5,481,validacao
Training,5,61,validacao
Training,5,388,validacao
Training,5,309,validacao
Training,5,459,validacao
Training,5,251,nao_usado_training
Training,5,215,nao_usado_training
Training,5,417,nao_usado_training
Training,5,323,nao_usado_training
Training,5,348,nao_usado_training
Training,5,414,nao_usado_training
Training,5,143,nao_usado_training
Training,5,166,nao_usado_training
Training,5,453,nao_usado_training
Training,5,345,nao_usado_training
Training,5,145,nao_usado_training
Training,5,161,nao_usado_training
Training,5,45,nao_usado_training
Training,5,276,nao_usado_training
Training,5,208,nao_usado_training
Training,5,47,nao_usado_training
Training,5,281,nao_usado_training
Training,5,477,nao_usado_training
Training,5,279,nao_usado_training
Training,5,146,nao_usado_training
Training,5,316,nao_usado_training
Training,5,94,nao_usado_training
Training,5,275,nao_usado_training
Training,5,100,nao_usado_training
Training,5,280,nao_usado_training
Training,5,433,nao_usado_training
Training,5,245,nao_usado_training
Training,5,327,nao_usado_training
Training,5,76,nao_usado_training
Training,5,487,nao_usado_training
Training,5,379,nao_usado_training
Training,5,295,nao_usado_training
Training,5,110,nao_usado_training
Training,5,478,nao_usado_training
Training,5,351,nao_usado_training
Training,5,391,nao_usado_training
Training,5,408,nao_usado_training
Training,5,403,nao_usado_training
Training,5,159,nao_usado_training
Training,5,147,nao_usado_training
Training,5,426,nao_usado_training
Training,5,158,nao_usado_training
Training,5,303,nao_usado_training
Training,5,357,nao_usado_training
Training,5,412,nao_usado_training
Training,5,374,nao_usado_training
Training,5,55,nao_usado_training
Training,5,424,nao_usado_training
Training,5,498,nao_usado_training
Training,5,262,nao_usado_training
Training,5,240,nao_usado_training
Training,5,210,nao_usado_training
Training,5,71,nao_usado_training
Training,5,312,nao_usado_training
Training,5,378,nao_usado_training
Training,5,313,nao_usado_training
Training,5,451,nao_usado_training
Training,5,57,nao_usado_training
Training,5,440,nao_usado_training
Training,5,4,nao_usado_training
Training,5,317,nao_usado_training
Training,5,488,nao_usado_training
Training,5,202,nao_usado_training
Training,5,306,nao_usado_training
Training,5,492,nao_usado_training
Training,5,250,nao_usado_training
Training,5,318,nao_usado_training
Training,5,37,nao_usado_training
Training,5,154,nao_usado_training
Training,5,24,nao_usado_training
Training,5,360,nao_usado_training
Training,5,294,nao_usado_training
Training,5,331,nao_usado_training
Training,5,125,nao_usado_training
Training,5,291,nao_usado_training
Training,5,132,nao_usado_training
Training,5,267,nao_usado_training
Training,5,463,nao_usado_training
Training,5,369,nao_usado_training
Training,5,56,nao_usado_training
Training,5,70,nao_usado_training
Training,5,355,nao_usado_training
Training,5,341,nao_usado_training
Training,5,75,nao_usado_training
Training,5,20,nao_usado_training
Training,5,239,nao_usado_training
Training,5,335,nao_usado_training
Training,5,162,nao_usado_training
Training,5,121,nao_usado_training
Training,5,469,nao_usado_training
Training,5,206,nao_usado_training
Training,5,209,nao_usado_training
Training,5,12,nao_usado_training
Training,5,54,nao_usado_training
Training,5,58,nao_usado_training
Training,5,90,nao_usado_training
Training,5,234,nao_usado_training
Training,5,296,nao_usado_training
Training,5,339,nao_usado_training
Training,5,244,nao_usado_training
Training,5,137,nao_usado_training
Training,5,449,nao_usado_training
Training,5,428,nao_usado_training
Training,5,346,nao_usado_training
Training,5,66,nao_usado_training
Training,5,472,nao_usado_training
Training,5,461,nao_usado_training
Training,5,480,nao_usado_training
Training,5,363,nao_usado_training
Training,5,299,nao_usado_training
Training,5,104,nao_usado_training
Training,5,432,nao_usado_training
Training,5,365,nao_usado_training
Training,5,410,nao_usado_training
Training,5,72,nao_usado_training
Training,5,144,nao_usado_training
Training,5,186,nao_usado_training
Training,5,354,nao_usado_training
Training,5,358,nao_usado_training
Training,5,467,nao_usado_training
Training,5,128,nao_usado_training
Training,5,108,nao_usado_training
Training,5,30,nao_usado_training
Training,5,23,nao_usado_training
Training,5,19,nao_usado_training
Training,5,118,nao_usado_training
Training,5,438,nao_usado_training
Training,5,3,nao_usado_training
Training,5,184,nao_usado_training
Training,5,189,nao_usado_training
Training,5,171,nao_usado_training
Training,5,321,nao_usado_training
Training,5,44,nao_usado_training
Training,5,88,nao_usado_training
Training,5,95,nao_usado_training
Training,5,50,nao_usado_training
Training,5,283,nao_usado_training
Training,5,361,nao_usado_training
Training,5,406,nao_usado_training
Training,5,356,nao_usado_training
Training,5,336,nao_usado_training
Training,5,285,nao_usado_training
Training,5,22,nao_usado_training
Training,5,235,nao_usado_training
Training,5,150,nao_usado_training
Training,5,466,nao_usado_training
Training,5,353,nao_usado_training
Training,5,398,nao_usado_training
Training,5,224,nao_usado_training
Training,5,236,nao_usado_training
Training,5,151,nao_usado_training
Training,5,135,nao_usado_training
Training,5,238,nao_usado_training
Training,5,302,nao_usado_training
Training,5,126,nao_usado_training
Training,5,307,nao_usado_training
Training,5,340,nao_usado_training
Training,5,18,nao_usado_training
Training,5,452,nao_usado_training
Training,5,268,nao_usado_training
Training,5,39,nao_usado_training
Training,5,390,nao_usado_training
Training,5,222,nao_usado_training
Training,5,32,nao_usado_training
Training,5,122,nao_usado_training
Training,5,416,nao_usado_training
Training,5,174,nao_usado_training
Training,5,332,nao_usado_training
Training,5,172,nao_usado_training
Training,5,446,nao_usado_training
Training,5,278,nao_usado_training
Training,5,114,nao_usado_training
Training,5,482,nao_usado_training
Training,5,315,nao_usado_training
Training,5,153,nao_usado_training
Training,5,434,nao_usado_training
Training,5,490,nao_usado_training
Training,5,271,nao_usado_training
Training,5,404,nao_usado_training
Training,5,11,nao_usado_training
Training,5,226,nao_usado_training
Training,5,384,nao_usado_training
Training,5,288,nao_usado_training
Training,5,442,nao_usado_training
Training,5,445,nao_usado_training
Training,5,269,nao_usado_training
Training,5,258,nao_usado_training
Training,5,140,nao_usado_training
Training,5,441,nao_usado_training
Training,5,456,nao_usado_training
Training,5,266,nao_usado_training
Training,5,255,nao_usado_training
Training,5,190,nao_usado_training
Training,5,119,nao_usado_training
Training,5,217,nao_usado_training
Training,5,169,nao_usado_training
Training,5,415,nao_usado_training
Training,5,78,nao_usado_training
Training,5,324,nao_usado_training
Training,5,292,nao_usado_training
Training,5,49,nao_usado_training
Training,5,329,nao_usado_training
Training,5,435,nao_usado_training
Training,5,136,nao_usado_training
Training,5,223,nao_usado_training
Training,5,337,nao_usado_training
Training,5,220,nao_usado_training
Training,5,111,nao_usado_training
Training,5,38,nao_usado_training
Training,5,468,nao_usado_training
Training,5,320,nao_usado_training
Training,5,385,nao_usado_training
Training,5,352,nao_usado_training
Training,5,350,nao_usado_training
Training,5,372,nao_usado_training
Training,5,261,nao_usado_training
Training,5,51,nao_usado_training
Training,5,28,nao_usado_training
Training,5,211,nao_usado_training
Training,5,139,nao_usado_training
Training,5,228,nao_usado_training
Training,5,366,nao_usado_training
Training,5,402,nao_usado_training
Training,5,401,nao_usado_training
Training,5,497,nao_usado_training
Training,5,148,nao_usado_training
Training,5,465,nao_usado_training
Training,5,421,nao_usado_training
Training,5,152,nao_usado_training
Training,5,109,nao_usado_training
Training,5,43,nao_usado_training
Training,5,387,nao_usado_training
Training,5,411,nao_usado_training
Training,5,333,nao_usado_training
Training,5,8,nao_usado_training
Training,5,489,nao_usado_training
Training,5,87,nao_usado_training
Training,5,69,nao_usado_training
Training,5,443,nao_usado_training
Training,5,344,nao_usado_training
Training,5,343,nao_usado_training
Training,5,457,nao_usado_training
Training,5,200,nao_usado_training
Training,5,214,nao_usado_training
Training,5,264,nao_usado_training
Training,5,290,nao_usado_training
Training,5,247,nao_usado_training
Training,5,203,nao_usado_training
Training,5,284,nao_usado_training
Training,5,277,nao_usado_training
Training,5,425,nao_usado_training
Training,5,454,nao_usado_training
Training,5,447,nao_usado_training
Training,5,10,nao_usado_training
Training,5,495,nao_usado_training
Training,5,29,nao_usado_training
Training,5,48,nao_usado_training
Training,5,60,nao_usado_training
Training,5,130,nao_usado_training
Training,5,129,nao_usado_training
Training,5,393,nao_usado_training
Training,5,120,nao_usado_training
Training,5,17,nao_usado_training
Training,5,192,nao_usado_training
Training,5,105,nao_usado_training
Training,5,113,nao_usado_training
Training,5,397,nao_usado_training
Training,5,483,nao_usado_training
Training,5,21,nao_usado_training
Training,5,42,nao_usado_training
Training,5,413,nao_usado_training
Training,5,485,nao_usado_training
Training,5,233,nao_usado_training
Training,5,227,nao_usado_training
Training,5,232,nao_usado_training
Training,5,82,nao_usado_training
Training,5,496,nao_usado_training
Training,5,112,nao_usado_training
Training,5,52,nao_usado_training
Training,5,34,nao_usado_training
Training,5,196,nao_usado_training
Training,5,282,nao_usado_training
Training,5,117,nao_usado_training
Training,5,464,nao_usado_training
Training,5,474,nao_usado_training
Training,5,484,nao_usado_training
Training,5,460,nao_usado_training
Training,5,476,nao_usado_training
Training,5,395,nao_usado_training
Training,5,188,nao_usado_training
Training,5,164,nao_usado_training
Training,5,160,nao_usado_training
Training,5,173,nao_usado_training
Training,5,338,nao_usado_training
Training,5,181,nao_usado_training
Training,5,448,nao_usado_training
Training,5,242,nao_usado_training
Training,5,213,nao_usado_training
Training,5,13,nao_usado_training
Training,5,65,nao_usado_training
Training,5,389,nao_usado_training
Training,5,423,nao_usado_training
Training,5,376,nao_usado_training
Training,5,314,nao_usado_training
Training,5,138,nao_usado_training
Training,5,149,nao_usado_training
Training,5,79,nao_usado_training
Training,5,230,nao_usado_training
Training,5,246,nao_usado_training
Training,5,405,nao_usado_training
Training,5,219,nao_usado_training
Training,5,475,nao_usado_training
Training,5,386,nao_usado_training
Training,5,183,nao_usado_training
Training,5,133,nao_usado_training
Training,5,86,nao_usado_training
Training,5,229,nao_usado_training
Training,5,455,nao_usado_training
Training,5,14,nao_usado_training
Training,5,470,nao_usado_training
Training,5,92,nao_usado_training
Training,5,155,nao_usado_training
Training,5,7,nao_usado_training
Training,5,256,nao_usado_training
Training,5,62,nao_usado_training
Training,5,191,nao_usado_training
Training,5,116,nao_usado_training
Training,5,63,nao_usado_training
Training,5,178,nao_usado_training
Training,5,231,nao_usado_training
Training,5,422,nao_usado_training
Training,5,124,nao_usado_training
Training,5,420,nao_usado_training
Training,5,486,nao_usado_training
Training,5,221,nao_usado_training
Training,5,308,nao_usado_training
Training,5,380,nao_usado_training
Training,5,359,nao_usado_training
Training,5,101,nao_usado_training
Training,5,273,nao_usado_training
Training,5,40,nao_usado_training
Training,5,103,nao_usado_training
Training,5,494,nao_usado_training
Training,5,260,nao_usado_training
Training,5,97,nao_usado_training
Training,5,252,nao_usado_training
Training,5,400,nao_usado_training
Training,5,80,nao_usado_training
Training,5,263,nao_usado_training
Training,5,371,nao_usado_training
Training,6,431,treino
Training,6,151,treino
Training,6,13,treino
Training,6,490,treino
Training,6,295,treino
Training,6,181,treino
Training,6,274,treino
Training,6,192,treino
Training,6,484,treino
Training,6,186,treino
Training,6,439,treino
Training,6,22,treino
Training,6,239,treino
Training,6,359,treino
Training,6,53,treino
Training,6,437,treino
Training,6,384,treino
Training,6,244,treino
Training,6,334,treino
Training,6,491,treino
Training,6,291,treino
Training,6,423,treino
Training,6,242,treino
Training,6,481,treino
Training,6,140,treino
Training,6,346,treino
Training,6,377,treino
Training,6,5,treino
Training,6,81,treino
Training,6,462,treino
Training,6,71,treino
Training,6,7,treino
Training,6,256,treino
Training,6,159,treino
Training,6,441,treino
Training,6,328,treino
Training,6,57,treino
Training,6,257,treino
Training,6,433,treino
Training,6,78,treino
Training,6,476,treino
Training,6,414,treino
Training,6,361,treino
Training,6,473,treino
Training,6,119,treino
Training,6,407,treino
Training,6,341,treino
Training,6,202,treino
Training,6,118,treino
Training,6,160,treino
Training,6,111,treino
Training,6,463,treino
Training,6,188,treino
Training,6,80,treino
Training,6,205,treino
Training,6,24,treino
Training,6,23,treino
Training,6,123,treino
Training,6,31,treino
Training,6,440,treino
Training,6,253,treino
Training,6,299,treino
Training,6,221,treino
Training,6,345,treino
Training,6,130,treino
Training,6,317,treino
Training,6,235,treino
Training,6,354,treino
Training,6,371,treino
Training,6,96,treino
Training,6,98,treino
Training,6,443,treino
Training,6,261,treino
Training,6,492,treino
Training,6,453,treino
Training,6,169,treino
Training,6,185,treino
Training,6,70,treino
Training,6,3,treino
Training,6,298,treino
Training,6,95,treino
Training,6,287,treino
Training,6,278,treino
Training,6,344,treino
Training,6,14,treino
Training,6,10,treino
Training,6,144,treino
Training,6,356,treino
Training,6,468,treino
Training,6,458,treino
Training,6,474,treino
Training,6,29,treino
Training,6,288,treino
Training,6,401,treino
Training,6,243,treino
Training,6,146,treino
Training,6,236,treino
Training,6,357,treino
Training,6,165,treino
Training,6,170,treino
Training,6,429,validacao
Training,6,318,validacao
Training,6,135,validacao
Training,6,249,validacao
Training,6,112,validacao
Training,6,36,validacao
Training,6,33,validacao
Training,6,94,validacao
Training,6,241,validacao
Training,6,343,validacao
Training,6,18,validacao
Training,6,82,validacao
Training,6,231,validacao
Training,6,323,validacao
Training,6,306,validacao
Training,6,280,validacao
Training,6,315,validacao
Training,6,378,validacao
Training,6,330,validacao
Training,6,193,validacao
Training,6,177,validacao
Training,6,198,validacao
Training,6,391,validacao
Training,6,234,validacao
Training,6,319,validacao
Training,6,122,validacao
Training,6,208,validacao
Training,6,103,validacao
Training,6,301,validacao
Training,6,138,validacao
Training,6,187,validacao
Training,6,362,validacao
Training,6,200,validacao
Training,6,204,validacao
Training,6,19,validacao
Training,6,350,validacao
Training,6,342,validacao
Training,6,233,validacao
Training,6,171,validacao
Training,6,300,validacao
Training,6,77,validacao
Training,6,349,validacao
Training,6,11,validacao
Training,6,276,validacao
Training,6,430,validacao
Training,6,152,validacao
Training,6,396,validacao
Training,6,237,validacao
Training,6,217,validacao
Training,6,155,validacao
Training,6,17,nao_usado_training
Training,6,352,nao_usado_training
Training,6,335,nao_usado_training
Training,6,37,nao_usado_training
Training,6,88,nao_usado_training
Training,6,9,nao_usado_training
Training,6,126,nao_usado_training
Training,6,54,nao_usado_training
Training,6,420,nao_usado_training
Training,6,228,nao_usado_training
Training,6,446,nao_usado_training
Training,6,451,nao_usado_training
Training,6,320,nao_usado_training
Training,6,90,nao_usado_training
Training,6,472,nao_usado_training
Training,6,460,nao_usado_training
Training,6,358,nao_usado_training
Training,6,43,nao_usado_training
Training,6,184,nao_usado_training
Training,6,113,nao_usado_training
Training,6,310,nao_usado_training
Training,6,49,nao_usado_training
Training,6,141,nao_usado_training
Training,6,56,nao_usado_training
Training,6,322,nao_usado_training
Training,6,240,nao_usado_training
Training,6,368,nao_usado_training
Training,6,230,nao_usado_training
Training,6,99,nao_usado_training
Training,6,405,nao_usado_training
Training,6,312,nao_usado_training
Training,6,106,nao_usado_training
Training,6,285,nao_usado_training
Training,6,136,nao_usado_training
Training,6,27,nao_usado_training
Training,6,327,nao_usado_training
Training,6,412,nao_usado_training
Training,6,61,nao_usado_training
Training,6,145,nao_usado_training
Training,6,153,nao_usado_training
Training,6,6,nao_usado_training
Training,6,166,nao_usado_training
Training,6,494,nao_usado_training
Training,6,450,nao_usado_training
Training,6,467,nao_usado_training
Training,6,397,nao_usado_training
Training,6,469,nao_usado_training
Training,6,311,nao_usado_training
Training,6,400,nao_usado_training
Training,6,194,nao_usado_training
Training,6,266,nao_usado_training
Training,6,332,nao_usado_training
Training,6,290,nao_usado_training
Training,6,448,nao_usado_training
Training,6,434,nao_usado_training
Training,6,331,nao_usado_training
Training,6,28,nao_usado_training
Training,6,489,nao_usado_training
Training,6,199,nao_usado_training
Training,6,449,nao_usado_training
Training,6,132,nao_usado_training
Training,6,179,nao_usado_training
Training,6,157,nao_usado_training
Training,6,250,nao_usado_training
Training,6,309,nao_usado_training
Training,6,51,nao_usado_training
Training,6,326,nao_usado_training
Training,6,296,nao_usado_training
Training,6,93,nao_usado_training
Training,6,52,nao_usado_training
Training,6,482,nao_usado_training
Training,6,304,nao_usado_training
Training,6,105,nao_usado_training
Training,6,15,nao_usado_training
Training,6,340,nao_usado_training
Training,6,174,nao_usado_training
Training,6,229,nao_usado_training
Training,6,182,nao_usado_training
Training,6,370,nao_usado_training
Training,6,485,nao_usado_training
Training,6,175,nao_usado_training
Training,6,87,nao_usado_training
Training,6,45,nao_usado_training
Training,6,425,nao_usado_training
Training,6,65,nao_usado_training
Training,6,224,nao_usado_training
Training,6,373,nao_usado_training
Training,6,422,nao_usado_training
Training,6,209,nao_usado_training
Training,6,258,nao_usado_training
Training,6,348,nao_usado_training
Training,6,413,nao_usado_training
Training,6,385,nao_usado_training
Training,6,292,nao_usado_training
Training,6,245,nao_usado_training
Training,6,355,nao_usado_training
Training,6,172,nao_usado_training
Training,6,195,nao_usado_training
Training,6,419,nao_usado_training
Training,6,20,nao_usado_training
Training,6,48,nao_usado_training
Training,6,69,nao_usado_training
Training,6,149,nao_usado_training
Training,6,374,nao_usado_training
Training,6,50,nao_usado_training
Training,6,444,nao_usado_training
Training,6,64,nao_usado_training
Training,6,305,nao_usado_training
Training,6,402,nao_usado_training
Training,6,62,nao_usado_training
Training,6,454,nao_usado_training
Training,6,183,nao_usado_training
Training,6,255,nao_usado_training
Training,6,127,nao_usado_training
Training,6,282,nao_usado_training
Training,6,86,nao_usado_training
Training,6,329,nao_usado_training
Training,6,125,nao_usado_training
Training,6,2,nao_usado_training
Training,6,264,nao_usado_training
Training,6,500,nao_usado_training
Training,6,388,nao_usado_training
Training,6,360,nao_usado_training
Training,6,222,nao_usado_training
Training,6,351,nao_usado_training
Training,6,203,nao_usado_training
Training,6,308,nao_usado_training
Training,6,465,nao_usado_training
Training,6,161,nao_usado_training
Training,6,486,nao_usado_training
Training,6,452,nao_usado_training
Training,6,120,nao_usado_training
Training,6,293,nao_usado_training
Training,6,121,nao_usado_training
Training,6,337,nao_usado_training
Training,6,324,nao_usado_training
Training,6,73,nao_usado_training
Training,6,406,nao_usado_training
Training,6,206,nao_usado_training
Training,6,173,nao_usado_training
Training,6,483,nao_usado_training
Training,6,339,nao_usado_training
Training,6,415,nao_usado_training
Training,6,110,nao_usado_training
Training,6,83,nao_usado_training
Training,6,389,nao_usado_training
Training,6,215,nao_usado_training
Training,6,398,nao_usado_training
Training,6,438,nao_usado_training
Training,6,488,nao_usado_training
Training,6,435,nao_usado_training
Training,6,84,nao_usado_training
Training,6,30,nao_usado_training
Training,6,147,nao_usado_training
Training,6,35,nao_usado_training
Training,6,404,nao_usado_training
Training,6,100,nao_usado_training
Training,6,321,nao_usado_training
Training,6,38,nao_usado_training
Training,6,46,nao_usado_training
Training,6,91,nao_usado_training
Training,6,219,nao_usado_training
Training,6,251,nao_usado_training
Training,6,464,nao_usado_training
Training,6,225,nao_usado_training
Training,6,115,nao_usado_training
Training,6,442,nao_usado_training
Training,6,207,nao_usado_training
Training,6,252,nao_usado_training
Training,6,39,nao_usado_training
Training,6,142,nao_usado_training
Training,6,410,nao_usado_training
Training,6,117,nao_usado_training
Training,6,313,nao_usado_training
Training,6,383,nao_usado_training
Training,6,461,nao_usado_training
Training,6,333,nao_usado_training
Training,6,496,nao_usado_training
Training,6,294,nao_usado_training
Training,6,303,nao_usado_training
Training,6,4,nao_usado_training
Training,6,67,nao_usado_training
Training,6,191,nao_usado_training
Training,6,394,nao_usado_training
Training,6,487,nao_usado_training
Training,6,1,nao_usado_training
Training,6,124,nao_usado_training
Training,6,148,nao_usado_training
Training,6,201,nao_usado_training
Training,6,480,nao_usado_training
Training,6,367,nao_usado_training
Training,6,428,nao_usado_training
Training,6,479,nao_usado_training
Training,6,272,nao_usado_training
Training,6,212,nao_usado_training
Training,6,289,nao_usado_training
Training,6,347,nao_usado_training
Training,6,271,nao_usado_training
Training,6,139,nao_usado_training
Training,6,108,nao_usado_training
Training,6,392,nao_usado_training
Training,6,273,nao_usado_training
Training,6,150,nao_usado_training
Training,6,421,nao_usado_training
Training,6,466,nao_usado_training
Training,6,75,nao_usado_training
Training,6,314,nao_usado_training
Training,6,338,nao_usado_training
Training,6,459,nao_usado_training
Training,6,41,nao_usado_training
Training,6,34,nao_usado_training
Training,6,180,nao_usado_training
Training,6,163,nao_usado_training
Training,6,190,nao_usado_training
Training,6,218,nao_usado_training
Training,6,477,nao_usado_training
Training,6,156,nao_usado_training
Training,6,277,nao_usado_training
Training,6,286,nao_usado_training
Training,6,76,nao_usado_training
Training,6,390,nao_usado_training
Training,6,226,nao_usado_training
Training,6,216,nao_usado_training
Training,6,493,nao_usado_training
Training,6,495,nao_usado_training
Training,6,364,nao_usado_training
Training,6,60,nao_usado_training
Training,6,211,nao_usado_training
Training,6,134,nao_usado_training
Training,6,498,nao_usado_training
Training,6,265,nao_usado_training
Training,6,189,nao_usado_training
Training,6,470,nao_usado_training
Training,6,133,nao_usado_training
Training,6,382,nao_usado_training
Training,6,154,nao_usado_training
Training,6,281,nao_usado_training
Training,6,196,nao_usado_training
Training,6,353,nao_usado_training
Training,6,131,nao_usado_training
Training,6,25,nao_usado_training
Training,6,325,nao_usado_training
Training,6,445,nao_usado_training
Training,6,128,nao_usado_training
Training,6,247,nao_usado_training
Training,6,59,nao_usado_training
Training,6,223,nao_usado_training
Training,6,102,nao_usado_training
Training,6,418,nao_usado_training
Training,6,162,nao_usado_training
Training,6,269,nao_usado_training
Training,6,158,nao_usado_training
Training,6,21,nao_usado_training
Training,6,478,nao_usado_training
Training,6,109,nao_usado_training
Training,6,63,nao_usado_training
Training,6,426,nao_usado_training
Training,6,16,nao_usado_training
Training,6,375,nao_usado_training
Training,6,302,nao_usado_training
Training,6,395,nao_usado_training
Training,6,12,nao_usado_training
Training,6,137,nao_usado_training
Training,6,32,nao_usado_training
Training,6,275,nao_usado_training
Training,6,246,nao_usado_training
Training,6,499,nao_usado_training
Training,6,260,nao_usado_training
Training,6,424,nao_usado_training
Training,6,107,nao_usado_training
Training,6,176,nao_usado_training
Training,6,380,nao_usado_training
Training,6,416,nao_usado_training
Training,6,101,nao_usado_training
Training,6,455,nao_usado_training
Training,6,129,nao_usado_training
Training,6,220,nao_usado_training
Training,6,417,nao_usado_training
Training,6,40,nao_usado_training
Training,6,363,nao_usado_training
Training,6,114,nao_usado_training
Training,6,283,nao_usado_training
Training,6,259,nao_usado_training
Training,6,365,nao_usado_training
Training,6,475,nao_usado_training
Training,6,336,nao_usado_training
Training,6,263,nao_usado_training
Training,6,386,nao_usado_training
Training,6,457,nao_usado_training
Training,6,316,nao_usado_training
Training,6,471,nao_usado_training
Training,6,210,nao_usado_training
Training,6,104,nao_usado_training
Training,6,238,nao_usado_training
Training,6,432,nao_usado_training
Training,6,399,nao_usado_training
Training,6,47,nao_usado_training
Training,6,393,nao_usado_training
Training,6,55,nao_usado_training
Training,6,72,nao_usado_training
Training,6,85,nao_usado_training
Training,6,164,nao_usado_training
Training,6,297,nao_usado_training
Training,6,408,nao_usado_training
Training,6,8,nao_usado_training
Training,6,74,nao_usado_training
Training,6,268,nao_usado_training
Training,6,267,nao_usado_training
Training,6,307,nao_usado_training
Training,6,197,nao_usado_training
Training,6,403,nao_usado_training
Training,6,427,nao_usado_training
Training,6,178,nao_usado_training
Training,6,379,nao_usado_training
Training,6,89,nao_usado_training
Training,6,279,nao_usado_training
Training,6,436,nao_usado_training
Training,6,167,nao_usado_training
Training,6,262,nao_usado_training
Training,6,227,nao_usado_training
Training,6,42,nao_usado_training
Training,6,97,nao_usado_training
Training,6,44,nao_usado_training
Training,6,456,nao_usado_training
Training,6,387,nao_usado_training
Training,6,254,nao_usado_training
Training,6,248,nao_usado_training
Training,6,409,nao_usado_training
Training,6,66,nao_usado_training
Training,6,447,nao_usado_training
Training,6,369,nao_usado_training
Training,6,26,nao_usado_training
Training,6,284,nao_usado_training
Training,6,58,nao_usado_training
Training,6,168,nao_usado_training
Training,6,381,nao_usado_training
Training,6,411,nao_usado_training
Training,6,270,nao_usado_training
Training,6,92,nao_usado_training
Training,6,116,nao_usado_training
Training,6,497,nao_usado_training
Training,6,79,nao_usado_training
Training,6,213,nao_usado_training
Training,6,232,nao_usado_training
Training,6,376,nao_usado_training
Training,6,143,nao_usado_training
Training,6,214,nao_usado_training
Training,6,372,nao_usado_training
Training,6,366,nao_usado_training
Training,6,68,nao_usado_training
Training,7,276,treino
Training,7,348,treino
Training,7,255,treino
Training,7,390,treino
Training,7,427,treino
Training,7,392,treino
Training,7,381,treino
Training,7,132,treino
Training,7,209,treino
Training,7,457,treino
Training,7,474,treino
Training,7,429,treino
Training,7,40,treino
Training,7,261,treino
Training,7,62,treino
Training,7,167,treino
Training,7,26,treino
Training,7,115,treino
Training,7,15,treino
Training,7,129,treino
Training,7,449,treino
Training,7,177,treino
Training,7,339,treino
Training,7,78,treino
Training,7,461,treino
Training,7,362,treino
Training,7,340,treino
Training,7,356,treino
Training,7,420,treino
Training,7,80,treino
Training,7,89,treino
Training,7,195,treino
Training,7,251,treino
Training,7,142,treino
Training,7,227,treino
Training,7,258,treino
Training,7,217,treino
Training,7,346,treino
Training,7,153,treino
Training,7,187,treino
Training,7,413,treino
Training,7,166,treino
Training,7,281,treino
Training,7,212,treino
Training,7,446,treino
Training,7,402,treino
Training,7,230,treino
Training,7,33,treino
Training,7,71,treino
Training,7,335,treino
Training,7,237,treino
Training,7,370,treino
Training,7,6,treino
Training,7,479,treino
Training,7,393,treino
Training,7,366,treino
Training,7,218,treino
Training,7,272,treino
Training,7,358,treino
Training,7,268,treino
Training,7,90,treino
Training,7,322,treino
Training,7,283,treino
Training,7,76,treino
Training,7,58,treino
Training,7,394,treino
Training,7,131,treino
Training,7,296,treino
Training,7,468,treino
Training,7,174,treino
Training,7,297,treino
Training,7,43,treino
Training,7,29,treino
Training,7,85,treino
Training,7,95,treino
Training,7,211,treino
Training,7,151,treino
Training,7,223,treino
Training,7,150,treino
Training,7,289,treino
Training,7,312,treino
Training,7,226,treino
Training,7,240,treino
Training,7,2,treino
Training,7,197,treino
Training,7,290,treino
Training,7,263,treino
Training,7,380,treino
Training,7,235,treino
Training,7,198,treino
Training,7,176,treino
Training,7,439,treino
Training,7,314,treino
Training,7,269,treino
Training,7,364,treino
Training,7,293,treino
Training,7,244,treino
Training,7,391,treino
Training,7,106,treino
Training,7,471,treino
Training,7,466,validacao
Training,7,168,validacao
Training,7,424,validacao
Training,7,316,validacao
Training,7,421,validacao
Training,7,229,validacao
Training,7,44,validacao
Training,7,368,validacao
Training,7,146,validacao
Training,7,3,validacao
Training,7,462,validacao
Training,7,36,validacao
Training,7,7,validacao
Training,7,494,validacao
Training,7,360,validacao
Training,7,9,validacao
Training,7,207,validacao
Training,7,180,validacao
Training,7,442,validacao
Training,7,193,validacao
Training,7,433,validacao
Training,7,133,validacao
Training,7,97,validacao
Training,7,86,validacao
Training,7,405,validacao
Training,7,291,validacao
Training,7,361,validacao
Training,7,288,validacao
Training,7,73,validacao
Training,7,415,validacao
Training,7,130,validacao
Training,7,241,validacao
Training,7,450,validacao
Training,7,182,validacao
Training,7,467,validacao
Training,7,202,validacao
Training,7,500,validacao
Training,7,495,validacao
Training,7,41,validacao
Training,7,28,validacao
Training,7,103,validacao
Training,7,349,validacao
Training,7,353,validacao
Training,7,436,validacao
Training,7,299,validacao
Training,7,437,validacao
Training,7,84,validacao
Training,7,248,validacao
Training,7,94,validacao
Training,7,243,validacao
Training,7,377,nao_usado_training
Training,7,11,nao_usado_training
Training,7,372,nao_usado_training
Training,7,24,nao_usado_training
Training,7,482,nao_usado_training
Training,7,425,nao_usado_training
Training,7,423,nao_usado_training
Training,7,238,nao_usado_training
Training,7,138,nao_usado_training
Training,7,478,nao_usado_training
Training,7,60,nao_usado_training
Training,7,161,nao_usado_training
Training,7,459,nao_usado_training
Training,7,253,nao_usado_training
Training,7,56,nao_usado_training
Training,7,112,nao_usado_training
Training,7,406,nao_usado_training
Training,7,326,nao_usado_training
Training,7,432,nao_usado_training
Training,7,143,nao_usado_training
Training,7,333,nao_usado_training
Training,7,100,nao_usado_training
Training,7,186,nao_usado_training
Training,7,270,nao_usado_training
Training,7,486,nao_usado_training
Training,7,137,nao_usado_training
Training,7,247,nao_usado_training
Training,7,107,nao_usado_training
Training,7,254,nao_usado_training
Training,7,199,nao_usado_training
Training,7,497,nao_usado_training
Training,7,451,nao_usado_training
Training,7,157,nao_usado_training
Training,7,395,nao_usado_training
Training,7,121,nao_usado_training
Training,7,172,nao_usado_training
Training,7,483,nao_usado_training
Training,7,463,nao_usado_training
Training,7,493,nao_usado_training
Training,7,213,nao_usado_training
Training,7,50,nao_usado_training
Training,7,88,nao_usado_training
Training,7,464,nao_usado_training
Training,7,38,nao_usado_training
Training,7,96,nao_usado_training
Training,7,18,nao_usado_training
Training,7,419,nao_usado_training
Training,7,93,nao_usado_training
Training,7,185,nao_usado_training
Training,7,220,nao_usado_training
Training,7,49,nao_usado_training
Training,7,105,nao_usado_training
Training,7,441,nao_usado_training
Training,7,313,nao_usado_training
Training,7,98,nao_usado_training
Training,7,355,nao_usado_training
Training,7,34,nao_usado_training
Training,7,206,nao_usado_training
Training,7,159,nao_usado_training
Training,7,119,nao_usado_training
Training,7,440,nao_usado_training
Training,7,210,nao_usado_training
Training,7,403,nao_usado_training
Training,7,456,nao_usado_training
Training,7,205,nao_usado_training
Training,7,4,nao_usado_training
Training,7,334,nao_usado_training
Training,7,307,nao_usado_training
Training,7,331,nao_usado_training
Training,7,79,nao_usado_training
Training,7,319,nao_usado_training
Training,7,384,nao_usado_training
Training,7,110,nao_usado_training
Training,7,156,nao_usado_training
Training,7,178,nao_usado_training
Training,7,14,nao_usado_training
Training,7,332,nao_usado_training
Training,7,160,nao_usado_training
Training,7,148,nao_usado_training
Training,7,52,nao_usado_training
Training,7,327,nao_usado_training
Training,7,200,nao_usado_training
Training,7,492,nao_usado_training
Training,7,10,nao_usado_training
Training,7,74,nao_usado_training
Training,7,190,nao_usado_training
Training,7,32,nao_usado_training
Training,7,458,nao_usado_training
Training,7,367,nao_usado_training
Training,7,81,nao_usado_training
Training,7,31,nao_usado_training
Training,7,330,nao_usado_training
Training,7,302,nao_usado_training
Training,7,477,nao_usado_training
Training,7,311,nao_usado_training
Training,7,256,nao_usado_training
Training,7,404,nao_usado_training
Training,7,428,nao_usado_training
Training,7,266,nao_usado_training
Training,7,181,nao_usado_training
Training,7,158,nao_usado_training
Training,7,233,nao_usado_training
Training,7,271,nao_usado_training
Training,7,373,nao_usado_training
Training,7,39,nao_usado_training
Training,7,53,nao_usado_training
Training,7,231,nao_usado_training
Training,7,221,nao_usado_training
Training,7,118,nao_usado_training
Training,7,27,nao_usado_training
Training,7,55,nao_usado_training
Training,7,120,nao_usado_training
Training,7,215,nao_usado_training
Training,7,418,nao_usado_training
Training,7,317,nao_usado_training
Training,7,336,nao_usado_training
Training,7,279,nao_usado_training
Training,7,144,nao_usado_training
Training,7,481,nao_usado_training
Training,7,444,nao_usado_training
Training,7,400,nao_usado_training
Training,7,66,nao_usado_training
Training,7,16,nao_usado_training
Training,7,123,nao_usado_training
Training,7,83,nao_usado_training
Training,7,61,nao_usado_training
Training,7,489,nao_usado_training
Training,7,389,nao_usado_training
Training,7,295,nao_usado_training
Training,7,259,nao_usado_training
Training,7,72,nao_usado_training
Training,7,484,nao_usado_training
Training,7,351,nao_usado_training
Training,7,265,nao_usado_training
Training,7,23,nao_usado_training
Training,7,411,nao_usado_training
Training,7,191,nao_usado_training
Training,7,321,nao_usado_training
Training,7,318,nao_usado_training
Training,7,398,nao_usado_training
Training,7,257,nao_usado_training
Training,7,127,nao_usado_training
Training,7,460,nao_usado_training
Training,7,128,nao_usado_training
Training,7,188,nao_usado_training
Training,7,136,nao_usado_training
Training,7,232,nao_usado_training
Training,7,141,nao_usado_training
Training,7,301,nao_usado_training
Training,7,1,nao_usado_training
Training,7,469,nao_usado_training
Training,7,25,nao_usado_training
Training,7,292,nao_usado_training
Training,7,65,nao_usado_training
Training,7,491,nao_usado_training
Training,7,135,nao_usado_training
Training,7,473,nao_usado_training
Training,7,499,nao_usado_training
Training,7,282,nao_usado_training
Training,7,264,nao_usado_training
Training,7,19,nao_usado_training
Training,7,350,nao_usado_training
Training,7,303,nao_usado_training
Training,7,222,nao_usado_training
Training,7,57,nao_usado_training
Training,7,286,nao_usado_training
Training,7,382,nao_usado_training
Training,7,465,nao_usado_training
Training,7,408,nao_usado_training
Training,7,169,nao_usado_training
Training,7,194,nao_usado_training
Training,7,204,nao_usado_training
Training,7,277,nao_usado_training
Training,7,454,nao_usado_training
Training,7,320,nao_usado_training
Training,7,298,nao_usado_training
Training,7,54,nao_usado_training
Training,7,412,nao_usado_training
Training,7,171,nao_usado_training
Training,7,410,nao_usado_training
Training,7,22,nao_usado_training
Training,7,114,nao_usado_training
Training,7,208,nao_usado_training
Training,7,287,nao_usado_training
Training,7,189,nao_usado_training
Training,7,13,nao_usado_training
Training,7,496,nao_usado_training
Training,7,323,nao_usado_training
Training,7,294,nao_usado_training
Training,7,63,nao_usado_training
Training,7,375,nao_usado_training
Training,7,347,nao_usado_training
Training,7,225,nao_usado_training
Training,7,345,nao_usado_training
Training,7,337,nao_usado_training
Training,7,116,nao_usado_training
Training,7,328,nao_usado_training
Training,7,329,nao_usado_training
Training,7,48,nao_usado_training
Training,7,163,nao_usado_training
Training,7,488,nao_usado_training
Training,7,239,nao_usado_training
Training,7,175,nao_usado_training
Training,7,422,nao_usado_training
Training,7,82,nao_usado_training
Training,7,219,nao_usado_training
Training,7,179,nao_usado_training
Training,7,242,nao_usado_training
Training,7,409,nao_usado_training
Training,7,192,nao_usado_training
Training,7,203,nao_usado_training
Training,7,216,nao_usado_training
Training,7,490,nao_usado_training
Training,7,102,nao_usado_training
Training,7,228,nao_usado_training
Training,7,407,nao_usado_training
Training,7,183,nao_usado_training
Training,7,378,nao_usado_training
Training,7,352,nao_usado_training
Training,7,308,nao_usado_training
Training,7,236,nao_usado_training
Training,7,108,nao_usado_training
Training,7,304,nao_usado_training
Training,7,487,nao_usado_training
Training,7,396,nao_usado_training
Training,7,371,nao_usado_training
Training,7,17,nao_usado_training
Training,7,70,nao_usado_training
Training,7,12,nao_usado_training
Training,7,46,nao_usado_training
Training,7,20,nao_usado_training
Training,7,184,nao_usado_training
Training,7,453,nao_usado_training
Training,7,386,nao_usado_training
Training,7,149,nao_usado_training
Training,7,246,nao_usado_training
Training,7,140,nao_usado_training
Training,7,47,nao_usado_training
Training,7,173,nao_usado_training
Training,7,310,nao_usado_training
Training,7,267,nao_usado_training
Training,7,417,nao_usado_training
Training,7,117,nao_usado_training
Training,7,91,nao_usado_training
Training,7,64,nao_usado_training
Training,7,147,nao_usado_training
Training,7,374,nao_usado_training
Training,7,164,nao_usado_training
Training,7,101,nao_usado_training
Training,7,145,nao_usado_training
Training,7,5,nao_usado_training
Training,7,284,nao_usado_training
Training,7,8,nao_usado_training
Training,7,485,nao_usado_training
Training,7,447,nao_usado_training
Training,7,275,nao_usado_training
Training,7,455,nao_usado_training
Training,7,152,nao_usado_training
Training,7,249,nao_usado_training
Training,7,214,nao_usado_training
Training,7,104,nao_usado_training
Training,7,338,nao_usado_training
Training,7,252,nao_usado_training
Training,7,99,nao_usado_training
Training,7,273,nao_usado_training
Training,7,472,nao_usado_training
Training,7,438,nao_usado_training
Training,7,111,nao_usado_training
Training,7,445,nao_usado_training
Training,7,470,nao_usado_training
Training,7,280,nao_usado_training
Training,7,92,nao_usado_training
Training,7,385,nao_usado_training
Training,7,324,nao_usado_training
Training,7,359,nao_usado_training
Training,7,139,nao_usado_training
Training,7,300,nao_usado_training
Training,7,21,nao_usado_training
Training,7,383,nao_usado_training
Training,7,341,nao_usado_training
Training,7,250,nao_usado_training
Training,7,480,nao_usado_training
Training,7,452,nao_usado_training
Training,7,416,nao_usado_training
Training,7,354,nao_usado_training
Training,7,42,nao_usado_training
Training,7,387,nao_usado_training
Training,7,435,nao_usado_training
Training,7,343,nao_usado_training
Training,7,379,nao_usado_training
Training,7,309,nao_usado_training
Training,7,342,nao_usado_training
Training,7,498,nao_usado_training
Training,7,162,nao_usado_training
Training,7,397,nao_usado_training
Training,7,305,nao_usado_training
Training,7,165,nao_usado_training
Training,7,69,nao_usado_training
Training,7,68,nao_usado_training
Training,7,278,nao_usado_training
Training,7,224,nao_usado_training
Training,7,109,nao_usado_training
Training,7,401,nao_usado_training
Training,7,126,nao_usado_training
Training,7,431,nao_usado_training
Training,7,59,nao_usado_training
Training,7,77,nao_usado_training
Training,7,285,nao_usado_training
Training,7,369,nao_usado_training
Training,7,201,nao_usado_training
Training,7,274,nao_usado_training
Training,7,196,nao_usado_training
Training,7,134,nao_usado_training
Training,7,87,nao_usado_training
Training,7,35,nao_usado_training
Training,7,357,nao_usado_training
Training,7,124,nao_usado_training
Training,7,170,nao_usado_training
Training,7,37,nao_usado_training
Training,7,476,nao_usado_training
Training,7,122,nao_usado_training
Training,7,426,nao_usado_training
Training,7,30,nao_usado_training
Training,7,245,nao_usado_training
Training,7,399,nao_usado_training
Training,7,125,nao_usado_training
Training,7,315,nao_usado_training
Training,7,262,nao_usado_training
Training,7,306,nao_usado_training
Training,7,51,nao_usado_training
Training,7,234,nao_usado_training
Training,7,475,nao_usado_training
Training,7,448,nao_usado_training
Training,7,363,nao_usado_training
Training,7,430,nao_usado_training
Training,7,155,nao_usado_training
Training,7,154,nao_usado_training
Training,7,260,nao_usado_training
Training,7,45,nao_usado_training
Training,7,75,nao_usado_training
Training,7,67,nao_usado_training
Training,7,443,nao_usado_training
Training,7,344,nao_usado_training
Training,7,376,nao_usado_training
Training,7,414,nao_usado_training
Training,7,325,nao_usado_training
Training,7,434,nao_usado_training
Training,7,365,nao_usado_training
Training,7,113,nao_usado_training
Training,7,388,nao_usado_training
Training,8,131,treino
Training,8,204,treino
Training,8,244,treino
Training,8,45,treino
Training,8,295,treino
Training,8,23,treino
Training,8,263,treino
Training,8,334,treino
Training,8,452,treino
Training,8,192,treino
Training,8,135,treino
Training,8,92,treino
Training,8,340,treino
Training,8,317,treino
Training,8,316,treino
Training,8,424,treino
Training,8,328,treino
Training,8,281,treino
Training,8,403,treino
Training,8,488,treino
Training,8,186,treino
Training,8,259,treino
Training,8,467,treino
Training,8,218,treino
Training,8,144,treino
Training,8,373,treino
Training,8,42,treino
Training,8,338,treino
Training,8,21,treino
Training,8,283,treino
Training,8,432,treino
Training,8,172,treino
Training,8,234,treino
Training,8,343,treino
Training,8,37,treino
Training,8,293,treino
Training,8,98,treino
Training,8,480,treino
Training,8,136,treino
Training,8,140,treino
Training,8,60,treino
Training,8,130,treino
Training,8,251,treino
Training,8,388,treino
Training,8,183,treino
Training,8,148,treino
Training,8,414,treino
Training,8,35,treino
Training,8,238,treino
Training,8,344,treino
Training,8,211,treino
Training,8,363,treino
Training,8,229,treino
Training,8,391,treino
Training,8,177,treino
Training,8,398,treino
Training,8,262,treino
Training,8,110,treino
Training,8,430,treino
Training,8,496,treino
Training,8,18,treino
Training,8,261,treino
Training,8,287,treino
Training,8,71,treino
Training,8,312,treino
Training,8,233,treino
Training,8,313,treino
Training,8,324,treino
Training,8,106,treino
Training,8,77,treino
Training,8,472,treino
Training,8,383,treino
Training,8,298,treino
Training,8,368,treino
Training,8,178,treino
Training,8,275,treino
Training,8,29,treino
Training,8,20,treino
Training,8,399,treino
Training,8,335,treino
Training,8,201,treino
Training,8,79,treino
Training,8,494,treino
Training,8,439,treino
Training,8,500,treino
Training,8,444,treino
Training,8,246,treino
Training,8,207,treino
Training,8,227,treino
Training,8,230,treino
Training,8,66,treino
Training,8,303,treino
Training,8,306,treino
Training,8,405,treino
Training,8,291,treino
Training,8,446,treino
Training,8,150,treino
Training,8,286,treino
Training,8,270,treino
Training,8,124,treino
Training,8,28,validacao
Training,8,158,validacao
Training,8,165,validacao
Training,8,365,validacao
Training,8,471,validacao
Training,8,208,validacao
Training,8,166,validacao
Training,8,142,validacao
Training,8,466,validacao
Training,8,75,validacao
Training,8,53,validacao
Training,8,12,validacao
Training,8,97,validacao
Training,8,182,validacao
Training,8,369,validacao
Training,8,337,validacao
Training,8,269,validacao
Training,8,143,validacao
Training,8,253,validacao
Training,8,359,validacao
Training,8,67,validacao
Training,8,119,validacao
Training,8,56,validacao
Training,8,152,validacao
Training,8,7,validacao
Training,8,72,validacao
Training,8,288,validacao
Training,8,268,validacao
Training,8,115,validacao
Training,8,225,validacao
Training,8,120,validacao
Training,8,2,validacao
Training,8,95,validacao
Training,8,341,validacao
Training,8,297,validacao
Training,8,214,validacao
Training,8,176,validacao
Training,8,64,validacao
Training,8,13,validacao
Training,8,145,validacao
Training,8,80,validacao
Training,8,27,validacao
Training,8,157,validacao
Training,8,121,validacao
Training,8,134,validacao
Training,8,236,validacao
Training,8,219,validacao
Training,8,447,validacao
Training,8,14,validacao
Training,8,33,validacao
Training,8,250,nao_usado_training
Training,8,443,nao_usado_training
Training,8,493,nao_usado_training
Training,8,43,nao_usado_training
Training,8,83,nao_usado_training
Training,8,410,nao_usado_training
Training,8,146,nao_usado_training
Training,8,128,nao_usado_training
Training,8,404,nao_usado_training
Training,8,215,nao_usado_training
Training,8,100,nao_usado_training
Training,8,433,nao_usado_training
Training,8,217,nao_usado_training
Training,8,198,nao_usado_training
Training,8,289,nao_usado_training
Training,8,310,nao_usado_training
Training,8,487,nao_usado_training
Training,8,481,nao_usado_training
Training,8,63,nao_usado_training
Training,8,205,nao_usado_training
Training,8,258,nao_usado_training
Training,8,479,nao_usado_training
Training,8,292,nao_usado_training
Training,8,436,nao_usado_training
Training,8,421,nao_usado_training
Training,8,389,nao_usado_training
Training,8,73,nao_usado_training
Training,8,346,nao_usado_training
Training,8,453,nao_usado_training
Training,8,194,nao_usado_training
Training,8,474,nao_usado_training
Training,8,232,nao_usado_training
Training,8,348,nao_usado_training
Training,8,451,nao_usado_training
Training,8,151,nao_usado_training
Training,8,1,nao_usado_training
Training,8,384,nao_usado_training
Training,8,167,nao_usado_training
Training,8,96,nao_usado_training
Training,8,454,nao_usado_training
Training,8,104,nao_usado_training
Training,8,375,nao_usado_training
Training,8,127,nao_usado_training
Training,8,378,nao_usado_training
Training,8,367,nao_usado_training
Training,8,51,nao_usado_training
Training,8,191,nao_usado_training
Training,8,65,nao_usado_training
Training,8,478,nao_usado_training
Training,8,419,nao_usado_training
Training,8,476,nao_usado_training
Training,8,231,nao_usado_training
Training,8,153,nao_usado_training
Training,8,111,nao_usado_training
Training,8,180,nao_usado_training
Training,8,415,nao_usado_training
Training,8,464,nao_usado_training
Training,8,329,nao_usado_training
Training,8,350,nao_usado_training
Training,8,305,nao_usado_training
Training,8,429,nao_usado_training
Training,8,9,nao_usado_training
Training,8,162,nao_usado_training
Training,8,377,nao_usado_training
Training,8,32,nao_usado_training
Training,8,442,nao_usado_training
Training,8,463,nao_usado_training
Training,8,31,nao_usado_training
Training,8,395,nao_usado_training
Training,8,455,nao_usado_training
Training,8,200,nao_usado_training
Training,8,304,nao_usado_training
Training,8,264,nao_usado_training
Training,8,213,nao_usado_training
Training,8,22,nao_usado_training
Training,8,16,nao_usado_training
Training,8,379,nao_usado_training
Training,8,353,nao_usado_training
Training,8,118,nao_usado_training
Training,8,364,nao_usado_training
Training,8,123,nao_usado_training
Training,8,126,nao_usado_training
Training,8,185,nao_usado_training
Training,8,330,nao_usado_training
Training,8,380,nao_usado_training
Training,8,345,nao_usado_training
Training,8,396,nao_usado_training
Training,8,495,nao_usado_training
Training,8,417,nao_usado_training
Training,8,190,nao_usado_training
Training,8,30,nao_usado_training
Training,8,425,nao_usado_training
Training,8,413,nao_usado_training
Training,8,87,nao_usado_training
Training,8,382,nao_usado_training
Training,8,307,nao_usado_training
Training,8,491,nao_usado_training
Training,8,239,nao_usado_training
Training,8,450,nao_usado_training
Training,8,243,nao_usado_training
Training,8,38,nao_usado_training
Training,8,497,nao_usado_training
Training,8,220,nao_usado_training
Training,8,196,nao_usado_training
Training,8,473,nao_usado_training
Training,8,440,nao_usado_training
Training,8,179,nao_usado_training
Training,8,437,nao_usado_training
Training,8,212,nao_usado_training
Training,8,85,nao_usado_training
Training,8,284,nao_usado_training
Training,8,168,nao_usado_training
Training,8,138,nao_usado_training
Training,8,460,nao_usado_training
Training,8,400,nao_usado_training
Training,8,249,nao_usado_training
Training,8,420,nao_usado_training
Training,8,392,nao_usado_training
Training,8,254,nao_usado_training
Training,8,69,nao_usado_training
Training,8,290,nao_usado_training
Training,8,347,nao_usado_training
Training,8,325,nao_usado_training
Training,8,4,nao_usado_training
Training,8,276,nao_usado_training
Training,8,24,nao_usado_training
Training,8,164,nao_usado_training
Training,8,189,nao_usado_training
Training,8,296,nao_usado_training
Training,8,280,nao_usado_training
Training,8,195,nao_usado_training
Training,8,271,nao_usado_training
Training,8,449,nao_usado_training
Training,8,103,nao_usado_training
Training,8,112,nao_usado_training
Training,8,147,nao_usado_training
Training,8,314,nao_usado_training
Training,8,309,nao_usado_training
Training,8,300,nao_usado_training
Training,8,318,nao_usado_training
Training,8,402,nao_usado_training
Training,8,376,nao_usado_training
Training,8,279,nao_usado_training
Training,8,132,nao_usado_training
Training,8,133,nao_usado_training
Training,8,40,nao_usado_training
Training,8,319,nao_usado_training
Training,8,499,nao_usado_training
Training,8,475,nao_usado_training
Training,8,109,nao_usado_training
Training,8,469,nao_usado_training
Training,8,76,nao_usado_training
Training,8,426,nao_usado_training
Training,8,149,nao_usado_training
Training,8,409,nao_usado_training
Training,8,256,nao_usado_training
Training,8,197,nao_usado_training
Training,8,418,nao_usado_training
Training,8,221,nao_usado_training
Training,8,237,nao_usado_training
Training,8,356,nao_usado_training
Training,8,193,nao_usado_training
Training,8,105,nao_usado_training
Training,8,41,nao_usado_training
Training,8,203,nao_usado_training
Training,8,315,nao_usado_training
Training,8,266,nao_usado_training
Training,8,326,nao_usado_training
Training,8,401,nao_usado_training
Training,8,58,nao_usado_training
Training,8,257,nao_usado_training
Training,8,114,nao_usado_training
Training,8,82,nao_usado_training
Training,8,427,nao_usado_training
Training,8,489,nao_usado_training
Training,8,116,nao_usado_training
Training,8,423,nao_usado_training
Training,8,406,nao_usado_training
Training,8,17,nao_usado_training
Training,8,206,nao_usado_training
Training,8,408,nao_usado_training
Training,8,113,nao_usado_training
Training,8,99,nao_usado_training
Training,8,163,nao_usado_training
Training,8,381,nao_usado_training
Training,8,117,nao_usado_training
Training,8,323,nao_usado_training
Training,8,468,nao_usado_training
Training,8,327,nao_usado_training
Training,8,372,nao_usado_training
Training,8,407,nao_usado_training
Training,8,160,nao_usado_training
Training,8,129,nao_usado_training
Training,8,34,nao_usado_training
Training,8,393,nao_usado_training
Training,8,387,nao_usado_training
Training,8,490,nao_usado_training
Training,8,265,nao_usado_training
Training,8,228,nao_usado_training
Training,8,10,nao_usado_training
Training,8,173,nao_usado_training
Training,8,385,nao_usado_training
Training,8,349,nao_usado_training
Training,8,155,nao_usado_training
Training,8,366,nao_usado_training
Training,8,278,nao_usado_training
Training,8,91,nao_usado_training
Training,8,55,nao_usado_training
Training,8,322,nao_usado_training
Training,8,416,nao_usado_training
Training,8,170,nao_usado_training
Training,8,477,nao_usado_training
Training,8,171,nao_usado_training
Training,8,255,nao_usado_training
Training,8,457,nao_usado_training
Training,8,101,nao_usado_training
Training,8,36,nao_usado_training
Training,8,74,nao_usado_training
Training,8,137,nao_usado_training
Training,8,44,nao_usado_training
Training,8,445,nao_usado_training
Training,8,435,nao_usado_training
Training,8,342,nao_usado_training
Training,8,470,nao_usado_training
Training,8,88,nao_usado_training
Training,8,465,nao_usado_training
Training,8,484,nao_usado_training
Training,8,81,nao_usado_training
Training,8,39,nao_usado_training
Training,8,482,nao_usado_training
Training,8,94,nao_usado_training
Training,8,352,nao_usado_training
Training,8,386,nao_usado_training
Training,8,498,nao_usado_training
Training,8,141,nao_usado_training
Training,8,458,nao_usado_training
Training,8,247,nao_usado_training
Training,8,336,nao_usado_training
Training,8,245,nao_usado_training
Training,8,299,nao_usado_training
Training,8,107,nao_usado_training
Training,8,273,nao_usado_training
Training,8,354,nao_usado_training
Training,8,125,nao_usado_training
Training,8,59,nao_usado_training
Training,8,285,nao_usado_training
Training,8,371,nao_usado_training
Training,8,431,nao_usado_training
Training,8,260,nao_usado_training
Training,8,448,nao_usado_training
Training,8,154,nao_usado_training
Training,8,374,nao_usado_training
Training,8,358,nao_usado_training
Training,8,311,nao_usado_training
Training,8,19,nao_usado_training
Training,8,274,nao_usado_training
Training,8,89,nao_usado_training
Training,8,357,nao_usado_training
Training,8,139,nao_usado_training
Training,8,332,nao_usado_training
Training,8,90,nao_usado_training
Training,8,187,nao_usado_training
Training,8,320,nao_usado_training
Training,8,184,nao_usado_training
Training,8,48,nao_usado_training
Training,8,252,nao_usado_training
Training,8,355,nao_usado_training
Training,8,486,nao_usado_training
Training,8,272,nao_usado_training
Training,8,169,nao_usado_training
Training,8,70,nao_usado_training
Training,8,156,nao_usado_training
Training,8,485,nao_usado_training
Training,8,11,nao_usado_training
Training,8,50,nao_usado_training
Training,8,333,nao_usado_training
Training,8,331,nao_usado_training
Training,8,240,nao_usado_training
Training,8,209,nao_usado_training
Training,8,462,nao_usado_training
Training,8,108,nao_usado_training
Training,8,235,nao_usado_training
Training,8,428,nao_usado_training
Training,8,8,nao_usado_training
Training,8,93,nao_usado_training
Training,8,6,nao_usado_training
Training,8,3,nao_usado_training
Training,8,222,nao_usado_training
Training,8,223,nao_usado_training
Training,8,397,nao_usado_training
Training,8,302,nao_usado_training
Training,8,202,nao_usado_training
Training,8,78,nao_usado_training
Training,8,210,nao_usado_training
Training,8,86,nao_usado_training
Training,8,62,nao_usado_training
Training,8,294,nao_usado_training
Training,8,390,nao_usado_training
Training,8,46,nao_usado_training
Training,8,277,nao_usado_training
Training,8,122,nao_usado_training
Training,8,61,nao_usado_training
Training,8,224,nao_usado_training
Training,8,15,nao_usado_training
Training,8,226,nao_usado_training
Training,8,411,nao_usado_training
Training,8,422,nao_usado_training
Training,8,434,nao_usado_training
Training,8,161,nao_usado_training
Training,8,54,nao_usado_training
Training,8,248,nao_usado_training
Training,8,483,nao_usado_training
Training,8,361,nao_usado_training
Training,8,308,nao_usado_training
Training,8,84,nao_usado_training
Training,8,5,nao_usado_training
Training,8,370,nao_usado_training
Training,8,241,nao_usado_training
Training,8,282,nao_usado_training
Training,8,242,nao_usado_training
Training,8,174,nao_usado_training
Training,8,159,nao_usado_training
Training,8,47,nao_usado_training
Training,8,57,nao_usado_training
Training,8,188,nao_usado_training
Training,8,438,nao_usado_training
Training,8,216,nao_usado_training
Training,8,102,nao_usado_training
Training,8,52,nao_usado_training
Training,8,175,nao_usado_training
Training,8,49,nao_usado_training
Training,8,321,nao_usado_training
Training,8,459,nao_usado_training
Training,8,412,nao_usado_training
Training,8,351,nao_usado_training
Training,8,68,nao_usado_training
Training,8,360,nao_usado_training
Training,8,456,nao_usado_training
Training,8,181,nao_usado_training
Training,8,461,nao_usado_training
Training,8,267,nao_usado_training
Training,8,339,nao_usado_training
Training,8,301,nao_usado_training
Training,8,394,nao_usado_training
Training,8,25,nao_usado_training
Training,8,26,nao_usado_training
Training,8,441,nao_usado_training
Training,8,362,nao_usado_training
Training,8,199,nao_usado_training
Training,8,492,nao_usado_training
Training,9,113,treino
Training,9,270,treino
Training,9,251,treino
Training,9,34,treino
Training,9,445,treino
Training,9,14,treino
Training,9,281,treino
Training,9,394,treino
Training,9,184,treino
Training,9,259,treino
Training,9,447,treino
Training,9,350,treino
Training,9,154,treino
Training,9,396,treino
Training,9,211,treino
Training,9,294,treino
Training,9,268,treino
Training,9,378,treino
Training,9,148,treino
Training,9,31,treino
Training,9,289,treino
Training,9,332,treino
Training,9,125,treino
Training,9,349,treino
Training,9,280,treino
Training,9,427,treino
Training,9,455,treino
Training,9,436,treino
Training,9,386,treino
Training,9,475,treino
Training,9,471,treino
Training,9,51,treino
Training,9,446,treino
Training,9,325,treino
Training,9,317,treino
Training,9,191,treino
Training,9,70,treino
Training,9,489,treino
Training,9,163,treino
Training,9,313,treino
Training,9,208,treino
Training,9,334,treino
Training,9,5,treino
Training,9,189,treino
Training,9,308,treino
Training,9,328,treino
Training,9,180,treino
Training,9,263,treino
Training,9,413,treino
Training,9,405,treino
Training,9,74,treino
Training,9,100,treino
Training,9,474,treino
Training,9,33,treino
Training,9,340,treino
Training,9,149,treino
Training,9,374,treino
Training,9,437,treino
Training,9,460,treino
Training,9,24,treino
Training,9,142,treino
Training,9,326,treino
Training,9,423,treino
Training,9,320,treino
Training,9,4,treino
Training,9,222,treino
Training,9,241,treino
Training,9,226,treino
Training,9,27,treino
Training,9,257,treino
Training,9,498,treino
Training,9,448,treino
Training,9,472,treino
Training,9,1,treino
Training,9,105,treino
Training,9,78,treino
Training,9,89,treino
Training,9,269,treino
Training,9,492,treino
Training,9,119,treino
Training,9,309,treino
Training,9,286,treino
Training,9,470,treino
Training,9,12,treino
Training,9,50,treino
Training,9,227,treino
Training,9,81,treino
Training,9,199,treino
Training,9,298,treino
Training,9,223,treino
Training,9,380,treino
Training,9,10,treino
Training,9,393,treino
Training,9,300,treino
Training,9,2,treino
Training,9,155,treino
Training,9,158,treino
Training,9,218,treino
Training,9,450,treino
Training,9,8,treino
Training,9,204,validacao
Training,9,215,validacao
Training,9,272,validacao
Training,9,231,validacao
Training,9,250,validacao
Training,9,197,validacao
Training,9,406,validacao
Training,9,42,validacao
Training,9,360,validacao
Training,9,200,validacao
Training,9,282,validacao
Training,9,477,validacao
Training,9,365,validacao
Training,9,90,validacao
Training,9,159,validacao
Training,9,344,validacao
Training,9,442,validacao
Training,9,95,validacao
Training,9,297,validacao
Training,9,421,validacao
Training,9,219,validacao
Training,9,346,validacao
Training,9,192,validacao
Training,9,438,validacao
Training,9,266,validacao
Training,9,9,validacao
Training,9,143,validacao
Training,9,232,validacao
Training,9,194,validacao
Training,9,490,validacao
Training,9,44,validacao
Training,9,99,validacao
Training,9,499,validacao
Training,9,323,validacao
Training,9,391,validacao
Training,9,293,validacao
Training,9,101,validacao
Training,9,433,validacao
Training,9,253,validacao
Training,9,432,validacao
Training,9,464,validacao
Training,9,210,validacao
Training,9,372,validacao
Training,9,418,validacao
Training,9,444,validacao
Training,9,458,validacao
Training,9,130,validacao
Training,9,404,validacao
Training,9,96,validacao
Training,9,375,validacao
Training,9,279,nao_usado_training
Training,9,75,nao_usado_training
Training,9,172,nao_usado_training
Training,9,60,nao_usado_training
Training,9,457,nao_usado_training
Training,9,220,nao_usado_training
Training,9,59,nao_usado_training
Training,9,40,nao_usado_training
Training,9,240,nao_usado_training
Training,9,352,nao_usado_training
Training,9,221,nao_usado_training
Training,9,67,nao_usado_training
Training,9,381,nao_usado_training
Training,9,20,nao_usado_training
Training,9,190,nao_usado_training
Training,9,292,nao_usado_training
Training,9,452,nao_usado_training
Training,9,66,nao_usado_training
Training,9,82,nao_usado_training
Training,9,224,nao_usado_training
Training,9,183,nao_usado_training
Training,9,116,nao_usado_training
Training,9,79,nao_usado_training
Training,9,425,nao_usado_training
Training,9,429,nao_usado_training
Training,9,407,nao_usado_training
Training,9,22,nao_usado_training
Training,9,136,nao_usado_training
Training,9,343,nao_usado_training
Training,9,236,nao_usado_training
Training,9,373,nao_usado_training
Training,9,146,nao_usado_training
Training,9,57,nao_usado_training
Training,9,30,nao_usado_training
Training,9,461,nao_usado_training
Training,9,181,nao_usado_training
Training,9,459,nao_usado_training
Training,9,216,nao_usado_training
Training,9,15,nao_usado_training
Training,9,173,nao_usado_training
Training,9,198,nao_usado_training
Training,9,265,nao_usado_training
Training,9,339,nao_usado_training
Training,9,451,nao_usado_training
Training,9,402,nao_usado_training
Training,9,401,nao_usado_training
Training,9,287,nao_usado_training
Training,9,169,nao_usado_training
Training,9,80,nao_usado_training
Training,9,86,nao_usado_training
Training,9,249,nao_usado_training
Training,9,65,nao_usado_training
Training,9,408,nao_usado_training
Training,9,120,nao_usado_training
Training,9,399,nao_usado_training
Training,9,156,nao_usado_training
Training,9,467,nao_usado_training
Training,9,217,nao_usado_training
Training,9,144,nao_usado_training
Training,9,124,nao_usado_training
Training,9,229,nao_usado_training
Training,9,315,nao_usado_training
Training,9,117,nao_usado_training
Training,9,29,nao_usado_training
Training,9,355,nao_usado_training
Training,9,131,nao_usado_training
Training,9,495,nao_usado_training
Training,9,171,nao_usado_training
Training,9,233,nao_usado_training
Training,9,62,nao_usado_training
Training,9,255,nao_usado_training
Training,9,53,nao_usado_training
Training,9,103,nao_usado_training
Training,9,228,nao_usado_training
Training,9,383,nao_usado_training
Training,9,488,nao_usado_training
Training,9,384,nao_usado_training
Training,9,49,nao_usado_training
Training,9,361,nao_usado_training
Training,9,337,nao_usado_training
Training,9,13,nao_usado_training
Training,9,71,nao_usado_training
Training,9,17,nao_usado_training
Training,9,26,nao_usado_training
Training,9,357,nao_usado_training
Training,9,128,nao_usado_training
Training,9,307,nao_usado_training
Training,9,254,nao_usado_training
Training,9,327,nao_usado_training
Training,9,64,nao_usado_training
Training,9,316,nao_usado_training
Training,9,48,nao_usado_training
Training,9,364,nao_usado_training
Training,9,430,nao_usado_training
Training,9,473,nao_usado_training
Training,9,456,nao_usado_training
Training,9,276,nao_usado_training
Training,9,336,nao_usado_training
Training,9,267,nao_usado_training
Training,9,428,nao_usado_training
Training,9,243,nao_usado_training
Training,9,497,nao_usado_training
Training,9,466,nao_usado_training
Training,9,157,nao_usado_training
Training,9,193,nao_usado_training
Training,9,274,nao_usado_training
Training,9,382,nao_usado_training
Training,9,195,nao_usado_training
Training,9,19,nao_usado_training
Training,9,175,nao_usado_training
Training,9,322,nao_usado_training
Training,9,72,nao_usado_training
Training,9,152,nao_usado_training
Training,9,487,nao_usado_training
Training,9,147,nao_usado_training
Training,9,496,nao_usado_training
Training,9,333,nao_usado_training
Training,9,435,nao_usado_training
Training,9,388,nao_usado_training
Training,9,167,nao_usado_training
Training,9,206,nao_usado_training
Training,9,11,nao_usado_training
Training,9,28,nao_usado_training
Training,9,422,nao_usado_training
Training,9,201,nao_usado_training
Training,9,162,nao_usado_training
Training,9,115,nao_usado_training
Training,9,417,nao_usado_training
Training,9,122,nao_usado_training
Training,9,235,nao_usado_training
Training,9,126,nao_usado_training
Training,9,400,nao_usado_training
Training,9,246,nao_usado_training
Training,9,306,nao_usado_training
Training,9,465,nao_usado_training
Training,9,371,nao_usado_training
Training,9,108,nao_usado_training
Training,9,134,nao_usado_training
Training,9,85,nao_usado_training
Training,9,104,nao_usado_training
Training,9,247,nao_usado_training
Training,9,45,nao_usado_training
Training,9,112,nao_usado_training
Training,9,478,nao_usado_training
Training,9,160,nao_usado_training
Training,9,141,nao_usado_training
Training,9,347,nao_usado_training
Training,9,165,nao_usado_training
Training,9,239,nao_usado_training
Training,9,285,nao_usado_training
Training,9,362,nao_usado_training
Training,9,76,nao_usado_training
Training,9,87,nao_usado_training
Training,9,261,nao_usado_training
Training,9,118,nao_usado_training
Training,9,368,nao_usado_training
Training,9,440,nao_usado_training
Training,9,35,nao_usado_training
Training,9,342,nao_usado_training
Training,9,6,nao_usado_training
Training,9,389,nao_usado_training
Training,9,213,nao_usado_training
Training,9,97,nao_usado_training
Training,9,395,nao_usado_training
Training,9,424,nao_usado_training
Training,9,177,nao_usado_training
Training,9,110,nao_usado_training
Training,9,36,nao_usado_training
Training,9,55,nao_usado_training
Training,9,32,nao_usado_training
Training,9,302,nao_usado_training
Training,9,392,nao_usado_training
Training,9,479,nao_usado_training
Training,9,329,nao_usado_training
Training,9,52,nao_usado_training
Training,9,453,nao_usado_training
Training,9,359,nao_usado_training
Training,9,277,nao_usado_training
Training,9,153,nao_usado_training
Training,9,23,nao_usado_training
Training,9,234,nao_usado_training
Training,9,312,nao_usado_training
Training,9,468,nao_usado_training
Training,9,140,nao_usado_training
Training,9,196,nao_usado_training
Training,9,469,nao_usado_training
Training,9,431,nao_usado_training
Training,9,291,nao_usado_training
Training,9,484,nao_usado_training
Training,9,84,nao_usado_training
Training,9,303,nao_usado_training
Training,9,109,nao_usado_training
Training,9,351,nao_usado_training
Training,9,21,nao_usado_training
Training,9,202,nao_usado_training
Training,9,133,nao_usado_training
Training,9,483,nao_usado_training
Training,9,415,nao_usado_training
Training,9,102,nao_usado_training
Training,9,121,nao_usado_training
Training,9,242,nao_usado_training
Training,9,3,nao_usado_training
Training,9,311,nao_usado_training
Training,9,129,nao_usado_training
Training,9,207,nao_usado_training
Training,9,324,nao_usado_training
Training,9,88,nao_usado_training
Training,9,310,nao_usado_training
Training,9,426,nao_usado_training
Training,9,135,nao_usado_training
Training,9,256,nao_usado_training
Training,9,214,nao_usado_training
Training,9,260,nao_usado_training
Training,9,205,nao_usado_training
Training,9,185,nao_usado_training
Training,9,186,nao_usado_training
Training,9,139,nao_usado_training
Training,9,150,nao_usado_training
Training,9,443,nao_usado_training
Training,9,354,nao_usado_training
Training,9,18,nao_usado_training
Training,9,92,nao_usado_training
Training,9,335,nao_usado_training
Training,9,398,nao_usado_training
Training,9,397,nao_usado_training
Training,9,252,nao_usado_training
Training,9,114,nao_usado_training
Training,9,441,nao_usado_training
Training,9,230,nao_usado_training
Training,9,188,nao_usado_training
Training,9,123,nao_usado_training
Training,9,363,nao_usado_training
Training,9,58,nao_usado_training
Training,9,258,nao_usado_training
Training,9,463,nao_usado_training
Training,9,187,nao_usado_training
Training,9,56,nao_usado_training
Training,9,476,nao_usado_training
Training,9,486,nao_usado_training
Training,9,37,nao_usado_training
Training,9,182,nao_usado_training
Training,9,353,nao_usado_training
Training,9,494,nao_usado_training
Training,9,439,nao_usado_training
Training,9,295,nao_usado_training
Training,9,345,nao_usado_training
Training,9,107,nao_usado_training
Training,9,390,nao_usado_training
Training,9,454,nao_usado_training
Training,9,209,nao_usado_training
Training,9,179,nao_usado_training
Training,9,264,nao_usado_training
Training,9,238,nao_usado_training
Training,9,91,nao_usado_training
Training,9,376,nao_usado_training
Training,9,321,nao_usado_training
Training,9,358,nao_usado_training
Training,9,387,nao_usado_training
Training,9,174,nao_usado_training
Training,9,77,nao_usado_training
Training,9,319,nao_usado_training
Training,9,485,nao_usado_training
Training,9,275,nao_usado_training
Training,9,462,nao_usado_training
Training,9,38,nao_usado_training
Training,9,481,nao_usado_training
Training,9,482,nao_usado_training
Training,9,304,nao_usado_training
Training,9,94,nao_usado_training
Training,9,338,nao_usado_training
Training,9,16,nao_usado_training
Training,9,331,nao_usado_training
Training,9,161,nao_usado_training
Training,9,314,nao_usado_training
Training,9,318,nao_usado_training
Training,9,61,nao_usado_training
Training,9,203,nao_usado_training
Training,9,296,nao_usado_training
Training,9,290,nao_usado_training
Training,9,299,nao_usado_training
Training,9,69,nao_usado_training
Training,9,366,nao_usado_training
Training,9,225,nao_usado_training
Training,9,63,nao_usado_training
Training,9,47,nao_usado_training
Training,9,111,nao_usado_training
Training,9,151,nao_usado_training
Training,9,245,nao_usado_training
Training,9,491,nao_usado_training
Training,9,39,nao_usado_training
Training,9,168,nao_usado_training
Training,9,212,nao_usado_training
Training,9,434,nao_usado_training
Training,9,170,nao_usado_training
Training,9,41,nao_usado_training
Training,9,377,nao_usado_training
Training,9,43,nao_usado_training
Training,9,273,nao_usado_training
Training,9,348,nao_usado_training
Training,9,500,nao_usado_training
Training,9,403,nao_usado_training
Training,9,410,nao_usado_training
Training,9,411,nao_usado_training
Training,9,480,nao_usado_training
Training,9,379,nao_usado_training
Training,9,93,nao_usado_training
Training,9,132,nao_usado_training
Training,9,271,nao_usado_training
Training,9,367,nao_usado_training
Training,9,412,nao_usado_training
Training,9,409,nao_usado_training
Training,9,127,nao_usado_training
Training,9,341,nao_usado_training
Training,9,244,nao_usado_training
Training,9,419,nao_usado_training
Training,9,178,nao_usado_training
Training,9,54,nao_usado_training
Training,9,283,nao_usado_training
Training,9,370,nao_usado_training
Training,9,330,nao_usado_training
Training,9,145,nao_usado_training
Training,9,166,nao_usado_training
Training,9,176,nao_usado_training
Training,9,262,nao_usado_training
Training,9,288,nao_usado_training
Training,9,416,nao_usado_training
Training,9,106,nao_usado_training
Training,9,46,nao_usado_training
Training,9,237,nao_usado_training
Training,9,73,nao_usado_training
Training,9,420,nao_usado_training
Training,9,138,nao_usado_training
Training,9,385,nao_usado_training
Training,9,83,nao_usado_training
Training,9,164,nao_usado_training
Training,9,137,nao_usado_training
Training,9,305,nao_usado_training
Training,9,7,nao_usado_training
Training,9,68,nao_usado_training
Training,9,301,nao_usado_training
Training,9,369,nao_usado_training
Training,9,449,nao_usado_training
Training,9,284,nao_usado_training
Training,9,493,nao_usado_training
Training,9,25,nao_usado_training
Training,9,414,nao_usado_training
Training,9,98,nao_usado_training
Training,9,356,nao_usado_training
Training,9,278,nao_usado_training
Training,9,248,nao_usado_training
Training,10,460,treino
Training,10,310,treino
Training,10,165,treino
Training,10,468,treino
Training,10,121,treino
Training,10,79,treino
Training,10,334,treino
Training,10,124,treino
Training,10,97,treino
Training,10,141,treino
Training,10,87,treino
Training,10,263,treino
Training,10,303,treino
Training,10,370,treino
Training,10,46,treino
Training,10,245,treino
Training,10,157,treino
Training,10,117,treino
Training,10,92,treino
Training,10,423,treino
Training,10,33,treino
Training,10,347,treino
Training,10,470,treino
Training,10,269,treino
Training,10,471,treino
Training,10,100,treino
Training,10,228,treino
Training,10,161,treino
Training,10,178,treino
Training,10,280,treino
Training,10,379,treino
Training,10,336,treino
Training,10,241,treino
Training,10,22,treino
Training,10,454,treino
Training,10,163,treino
Training,10,354,treino
Training,10,285,treino
Training,10,173,treino
Training,10,175,treino
Training,10,362,treino
Training,10,91,treino
Training,10,202,treino
Training,10,267,treino
Training,10,295,treino
Training,10,248,treino
Training,10,159,treino
Training,10,205,treino
Training,10,186,treino
Training,10,352,treino
Training,10,47,treino
Training,10,414,treino
Training,10,151,treino
Training,10,158,treino
Training,10,41,treino
Training,10,410,treino
Training,10,35,treino
Training,10,146,treino
Training,10,105,treino
Training,10,78,treino
Training,10,373,treino
Training,10,348,treino
Training,10,486,treino
Training,10,5,treino
Training,10,70,treino
Training,10,10,treino
Training,10,429,treino
Training,10,458,treino
Training,10,386,treino
Training,10,24,treino
Training,10,67,treino
Training,10,34,treino
Training,10,297,treino
Training,10,255,treino
Training,10,358,treino
Training,10,134,treino
Training,10,365,treino
Training,10,198,treino
Training,10,274,treino
Training,10,27,treino
Training,10,472,treino
Training,10,307,treino
Training,10,80,treino
Training,10,291,treino
Training,10,272,treino
Training,10,122,treino
Training,10,275,treino
Training,10,353,treino
Training,10,168,treino
Training,10,499,treino
Training,10,213,treino
Training,10,194,treino
Training,10,199,treino
Training,10,337,treino
Training,10,413,treino
Training,10,372,treino
Training,10,162,treino
Training,10,147,treino
Training,10,448,treino
Training,10,367,treino
Training,10,361,validacao
Training,10,440,validacao
Training,10,311,validacao
Training,10,405,validacao
Training,10,328,validacao
Training,10,363,validacao
Training,10,204,validacao
Training,10,478,validacao
Training,10,37,validacao
Training,10,426,validacao
Training,10,123,validacao
Training,10,401,validacao
Training,10,221,validacao
Training,10,430,validacao
Training,10,474,validacao
Training,10,371,validacao
Training,10,135,validacao
Training,10,456,validacao
Training,10,154,validacao
Training,10,83,validacao
Training,10,493,validacao
Training,10,63,validacao
Training,10,66,validacao
Training,10,418,validacao
Training,10,21,validacao
Training,10,314,validacao
Training,10,384,validacao
Training,10,301,validacao
Training,10,357,validacao
Training,10,253,validacao
Training,10,102,validacao
Training,10,308,validacao
Training,10,319,validacao
Training,10,85,validacao
Training,10,244,validacao
Training,10,254,validacao
Training,10,172,validacao
Training,10,115,validacao
Training,10,42,validacao
Training,10,107,validacao
Training,10,387,validacao
Training,10,12,validacao
Training,10,287,validacao
Training,10,136,validacao
Training,10,140,validacao
Training,10,15,validacao
Training,10,419,validacao
Training,10,9,validacao
Training,10,407,validacao
Training,10,385,validacao
Training,10,44,nao_usado_training
Training,10,1,nao_usado_training
Training,10,488,nao_usado_training
Training,10,137,nao_usado_training
Training,10,360,nao_usado_training
Training,10,57,nao_usado_training
Training,10,325,nao_usado_training
Training,10,240,nao_usado_training
Training,10,108,nao_usado_training
Training,10,342,nao_usado_training
Training,10,374,nao_usado_training
Training,10,262,nao_usado_training
Training,10,437,nao_usado_training
Training,10,294,nao_usado_training
Training,10,453,nao_usado_training
Training,10,377,nao_usado_training
Training,10,473,nao_usado_training
Training,10,279,nao_usado_training
Training,10,393,nao_usado_training
Training,10,232,nao_usado_training
Training,10,180,nao_usado_training
Training,10,103,nao_usado_training
Training,10,30,nao_usado_training
Training,10,329,nao_usado_training
Training,10,2,nao_usado_training
Training,10,346,nao_usado_training
Training,10,16,nao_usado_training
Training,10,237,nao_usado_training
Training,10,284,nao_usado_training
Training,10,443,nao_usado_training
Training,10,111,nao_usado_training
Training,10,217,nao_usado_training
Training,10,380,nao_usado_training
Training,10,257,nao_usado_training
Training,10,174,nao_usado_training
Training,10,23,nao_usado_training
Training,10,109,nao_usado_training
Training,10,259,nao_usado_training
Training,10,338,nao_usado_training
Training,10,152,nao_usado_training
Training,10,17,nao_usado_training
Training,10,417,nao_usado_training
Training,10,129,nao_usado_training
Training,10,164,nao_usado_training
Training,10,431,nao_usado_training
Training,10,81,nao_usado_training
Training,10,400,nao_usado_training
Training,10,344,nao_usado_training
Training,10,497,nao_usado_training
Training,10,447,nao_usado_training
Training,10,225,nao_usado_training
Training,10,369,nao_usado_training
Training,10,432,nao_usado_training
Training,10,252,nao_usado_training
Training,10,233,nao_usado_training
Training,10,435,nao_usado_training
Training,10,330,nao_usado_training
Training,10,333,nao_usado_training
Training,10,169,nao_usado_training
Training,10,127,nao_usado_training
Training,10,283,nao_usado_training
Training,10,332,nao_usado_training
Training,10,475,nao_usado_training
Training,10,69,nao_usado_training
Training,10,320,nao_usado_training
Training,10,302,nao_usado_training
Training,10,500,nao_usado_training
Training,10,177,nao_usado_training
Training,10,76,nao_usado_training
Training,10,449,nao_usado_training
Training,10,324,nao_usado_training
Training,10,317,nao_usado_training
Training,10,99,nao_usado_training
Training,10,335,nao_usado_training
Training,10,206,nao_usado_training
Training,10,6,nao_usado_training
Training,10,185,nao_usado_training
Training,10,62,nao_usado_training
Training,10,250,nao_usado_training
Training,10,200,nao_usado_training
Training,10,243,nao_usado_training
Training,10,300,nao_usado_training
Training,10,382,nao_usado_training
Training,10,270,nao_usado_training
Training,10,286,nao_usado_training
Training,10,397,nao_usado_training
Training,10,396,nao_usado_training
Training,10,195,nao_usado_training
Training,10,350,nao_usado_training
Training,10,53,nao_usado_training
Training,10,220,nao_usado_training
Training,10,120,nao_usado_training
Training,10,305,nao_usado_training
Training,10,457,nao_usado_training
Training,10,455,nao_usado_training
Training,10,261,nao_usado_training
Training,10,160,nao_usado_training
Training,10,258,nao_usado_training
Training,10,479,nao_usado_training
Training,10,326,nao_usado_training
Training,10,316,nao_usado_training
Training,10,132,nao_usado_training
Training,10,54,nao_usado_training
Training,10,351,nao_usado_training
Training,10,444,nao_usado_training
Training,10,394,nao_usado_training
Training,10,188,nao_usado_training
Training,10,77,nao_usado_training
Training,10,229,nao_usado_training
Training,10,224,nao_usado_training
Training,10,187,nao_usado_training
Training,10,196,nao_usado_training
Training,10,281,nao_usado_training
Training,10,466,nao_usado_training
Training,10,227,nao_usado_training
Training,10,249,nao_usado_training
Training,10,465,nao_usado_training
Training,10,38,nao_usado_training
Training,10,201,nao_usado_training
Training,10,485,nao_usado_training
Training,10,82,nao_usado_training
Training,10,219,nao_usado_training
Training,10,218,nao_usado_training
Training,10,381,nao_usado_training
Training,10,40,nao_usado_training
Training,10,32,nao_usado_training
Training,10,312,nao_usado_training
Training,10,167,nao_usado_training
Training,10,331,nao_usado_training
Training,10,289,nao_usado_training
Training,10,18,nao_usado_training
Training,10,176,nao_usado_training
Training,10,89,nao_usado_training
Training,10,304,nao_usado_training
Training,10,265,nao_usado_training
Training,10,226,nao_usado_training
Training,10,441,nao_usado_training
Training,10,366,nao_usado_training
Training,10,106,nao_usado_training
Training,10,306,nao_usado_training
Training,10,247,nao_usado_training
Training,10,65,nao_usado_training
Training,10,145,nao_usado_training
Training,10,463,nao_usado_training
Training,10,238,nao_usado_training
Training,10,434,nao_usado_training
Training,10,266,nao_usado_training
Training,10,422,nao_usado_training
Training,10,190,nao_usado_training
Training,10,96,nao_usado_training
Training,10,483,nao_usado_training
Training,10,31,nao_usado_training
Training,10,130,nao_usado_training
Training,10,278,nao_usado_training
Training,10,398,nao_usado_training
Training,10,494,nao_usado_training
Training,10,4,nao_usado_training
Training,10,86,nao_usado_training
Training,10,282,nao_usado_training
Training,10,101,nao_usado_training
Training,10,36,nao_usado_training
Training,10,392,nao_usado_training
Training,10,482,nao_usado_training
Training,10,49,nao_usado_training
Training,10,459,nao_usado_training
Training,10,39,nao_usado_training
Training,10,481,nao_usado_training
Training,10,60,nao_usado_training
Training,10,323,nao_usado_training
Training,10,411,nao_usado_training
Training,10,192,nao_usado_training
Training,10,461,nao_usado_training
Training,10,56,nao_usado_training
Training,10,236,nao_usado_training
Training,10,420,nao_usado_training
Training,10,72,nao_usado_training
Training,10,378,nao_usado_training
Training,10,126,nao_usado_training
Training,10,359,nao_usado_training
Training,10,84,nao_usado_training
Training,10,271,nao_usado_training
Training,10,52,nao_usado_training
Training,10,216,nao_usado_training
Training,10,451,nao_usado_training
Training,10,349,nao_usado_training
Training,10,251,nao_usado_training
Training,10,290,nao_usado_training
Training,10,58,nao_usado_training
Training,10,71,nao_usado_training
Training,10,98,nao_usado_training
Training,10,11,nao_usado_training
Training,10,298,nao_usado_training
Training,10,421,nao_usado_training
Training,10,273,nao_usado_training
Training,10,403,nao_usado_training
Training,10,487,nao_usado_training
Training,10,309,nao_usado_training
Training,10,231,nao_usado_training
Training,10,467,nao_usado_training
Training,10,399,nao_usado_training
Training,10,95,nao_usado_training
Training,10,445,nao_usado_training
Training,10,264,nao_usado_training
Training,10,313,nao_usado_training
Training,10,119,nao_usado_training
Training,10,223,nao_usado_training
Training,10,368,nao_usado_training
Training,10,234,nao_usado_training
Training,10,390,nao_usado_training
Training,10,212,nao_usado_training
Training,10,179,nao_usado_training
Training,10,73,nao_usado_training
Training,10,490,nao_usado_training
Training,10,88,nao_usado_training
Training,10,215,nao_usado_training
Training,10,181,nao_usado_training
Training,10,438,nao_usado_training
Training,10,239,nao_usado_training
Training,10,45,nao_usado_training
Training,10,7,nao_usado_training
Training,10,489,nao_usado_training
Training,10,318,nao_usado_training
Training,10,144,nao_usado_training
Training,10,116,nao_usado_training
Training,10,340,nao_usado_training
Training,10,128,nao_usado_training
Training,10,412,nao_usado_training
Training,10,439,nao_usado_training
Training,10,476,nao_usado_training
Training,10,8,nao_usado_training
Training,10,148,nao_usado_training
Training,10,150,nao_usado_training
Training,10,299,nao_usado_training
Training,10,364,nao_usado_training
Training,10,496,nao_usado_training
Training,10,26,nao_usado_training
Training,10,292,nao_usado_training
Training,10,391,nao_usado_training
Training,10,230,nao_usado_training
Training,10,293,nao_usado_training
Training,10,322,nao_usado_training
Training,10,13,nao_usado_training
Training,10,94,nao_usado_training
Training,10,90,nao_usado_training
Training,10,184,nao_usado_training
Training,10,156,nao_usado_training
Training,10,131,nao_usado_training
Training,10,446,nao_usado_training
Training,10,222,nao_usado_training
Training,10,20,nao_usado_training
Training,10,118,nao_usado_training
Training,10,296,nao_usado_training
Training,10,452,nao_usado_training
Training,10,491,nao_usado_training
Training,10,43,nao_usado_training
Training,10,469,nao_usado_training
Training,10,375,nao_usado_training
Training,10,112,nao_usado_training
Training,10,404,nao_usado_training
Training,10,142,nao_usado_training
Training,10,93,nao_usado_training
Training,10,209,nao_usado_training
Training,10,242,nao_usado_training
Training,10,214,nao_usado_training
Training,10,424,nao_usado_training
Training,10,104,nao_usado_training
Training,10,143,nao_usado_training
Training,10,193,nao_usado_training
Training,10,260,nao_usado_training
Training,10,327,nao_usado_training
Training,10,64,nao_usado_training
Training,10,321,nao_usado_training
Training,10,495,nao_usado_training
Training,10,406,nao_usado_training
Training,10,436,nao_usado_training
Training,10,345,nao_usado_training
Training,10,59,nao_usado_training
Training,10,425,nao_usado_training
Training,10,464,nao_usado_training
Training,10,133,nao_usado_training
Training,10,428,nao_usado_training
Training,10,277,nao_usado_training
Training,10,75,nao_usado_training
Training,10,376,nao_usado_training
Training,10,210,nao_usado_training
Training,10,182,nao_usado_training
Training,10,55,nao_usado_training
Training,10,155,nao_usado_training
Training,10,402,nao_usado_training
Training,10,189,nao_usado_training
Training,10,395,nao_usado_training
Training,10,288,nao_usado_training
Training,10,203,nao_usado_training
Training,10,14,nao_usado_training
Training,10,409,nao_usado_training
Training,10,166,nao_usado_training
Training,10,170,nao_usado_training
Training,10,113,nao_usado_training
Training,10,246,nao_usado_training
Training,10,388,nao_usado_training
Training,10,50,nao_usado_training
Training,10,268,nao_usado_training
Training,10,149,nao_usado_training
Training,10,51,nao_usado_training
Training,10,389,nao_usado_training
Training,10,315,nao_usado_training
Training,10,191,nao_usado_training
Training,10,484,nao_usado_training
Training,10,28,nao_usado_training
Training,10,492,nao_usado_training
Training,10,110,nao_usado_training
Training,10,139,nao_usado_training
Training,10,498,nao_usado_training
Training,10,343,nao_usado_training
Training,10,211,nao_usado_training
Training,10,48,nao_usado_training
Training,10,276,nao_usado_training
Training,10,153,nao_usado_training
Training,10,427,nao_usado_training
Training,10,477,nao_usado_training
Training,10,74,nao_usado_training
Training,10,450,nao_usado_training
Training,10,171,nao_usado_training
Training,10,19,nao_usado_training
Training,10,383,nao_usado_training
Training,10,29,nao_usado_training
Training,10,61,nao_usado_training
Training,10,68,nao_usado_training
Training,10,25,nao_usado_training
Training,10,339,nao_usado_training
Training,10,138,nao_usado_training
Training,10,125,nao_usado_training
Training,10,341,nao_usado_training
Training,10,197,nao_usado_training
Training,10,208,nao_usado_training
Training,10,3,nao_usado_training
Training,10,355,nao_usado_training
Training,10,442,nao_usado_training
Training,10,235,nao_usado_training
Training,10,256,nao_usado_training
Training,10,207,nao_usado_training
Training,10,183,nao_usado_training
Training,10,416,nao_usado_training
Training,10,356,nao_usado_training
Training,10,480,nao_usado_training
Training,10,433,nao_usado_training
Training,10,114,nao_usado_training
Training,10,408,nao_usado_training
Training,10,462,nao_usado_training
Training,10,415,nao_usado_training
Training,11,177,treino
Training,11,486,treino
Training,11,110,treino
Training,11,276,treino
Training,11,437,treino
Training,11,277,treino
Training,11,469,treino
Training,11,500,treino
Training,11,391,treino
Training,11,117,treino
Training,11,492,treino
Training,11,356,treino
Training,11,496,treino
Training,11,157,treino
Training,11,290,treino
Training,11,23,treino
Training,11,35,treino
Training,11,450,treino
Training,11,196,treino
Training,11,476,treino
Training,11,15,treino
Training,11,57,treino
Training,11,195,treino
Training,11,207,treino
Training,11,51,treino
Training,11,89,treino
Training,11,109,treino
Training,11,234,treino
Training,11,481,treino
Training,11,178,treino
Training,11,418,treino
Training,11,467,treino
Training,11,129,treino
Training,11,138,treino
Training,11,342,treino
Training,11,410,treino
Training,11,274,treino
Training,11,161,treino
Training,11,149,treino
Training,11,331,treino
Training,11,224,treino
Training,11,265,treino
Training,11,86,treino
Training,11,142,treino
Training,11,137,treino
Training,11,334,treino
Training,11,401,treino
Training,11,353,treino
Training,11,371,treino
Training,11,395,treino
Training,11,140,treino
Training,11,250,treino
Training,11,156,treino
Training,11,354,treino
Training,11,272,treino
Training,11,261,treino
Training,11,153,treino
Training,11,41,treino
Training,11,489,treino
Training,11,441,treino
Training,11,33,treino
Training,11,84,treino
Training,11,135,treino
Training,11,91,treino
Training,11,359,treino
Training,11,347,treino
Training,11,204,treino
Training,11,154,treino
Training,11,420,treino
Training,11,499,treino
Training,11,415,treino
Training,11,389,treino
Training,11,114,treino
Training,11,49,treino
Training,11,255,treino
Training,11,254,treino
Training,11,179,treino
Training,11,80,treino
Training,11,199,treino
Training,11,67,treino
Training,11,134,treino
Training,11,417,treino
Training,11,102,treino
Training,11,444,treino
Training,11,328,treino
Training,11,460,treino
Training,11,172,treino
Training,11,105,treino
Training,11,24,treino
Training,11,257,treino
Training,11,104,treino
Training,11,316,treino
Training,11,123,treino
Training,11,281,treino
Training,11,367,treino
Training,11,92,treino
Training,11,453,treino
Training,11,97,treino
Training,11,81,treino
Training,11,131,treino
Training,11,216,validacao
Training,11,168,validacao
Training,11,398,validacao
Training,11,350,validacao
Training,11,322,validacao
Training,11,370,validacao
Training,11,339,validacao
Training,11,1,validacao
Training,11,160,validacao
Training,11,107,validacao
Training,11,451,validacao
Training,11,39,validacao
Training,11,46,validacao
Training,11,115,validacao
Training,11,169,validacao
Training,11,306,validacao
Training,11,213,validacao
Training,11,88,validacao
Training,11,329,validacao
Training,11,222,validacao
Training,11,480,validacao
Training,11,10,validacao
Training,11,152,validacao
Training,11,228,validacao
Training,11,66,validacao
Training,11,170,validacao
Training,11,53,validacao
Training,11,133,validacao
Training,11,285,validacao
Training,11,263,validacao
Training,11,361,validacao
Training,11,308,validacao
Training,11,95,validacao
Training,11,183,validacao
Training,11,236,validacao
Training,11,319,validacao
Training,11,376,validacao
Training,11,374,validacao
Training,11,68,validacao
Training,11,393,validacao
Training,11,252,validacao
Training,11,126,validacao
Training,11,294,validacao
Training,11,396,validacao
Training,11,82,validacao
Training,11,368,validacao
Training,11,232,validacao
Training,11,32,validacao
Training,11,9,validacao
Training,11,176,validacao
Training,11,292,nao_usado_training
Training,11,408,nao_usado_training
Training,11,455,nao_usado_training
Training,11,38,nao_usado_training
Training,11,147,nao_usado_training
Training,11,483,nao_usado_training
Training,11,330,nao_usado_training
Training,11,302,nao_usado_training
Training,11,167,nao_usado_training
Training,11,498,nao_usado_training
Training,11,62,nao_usado_training
Training,11,485,nao_usado_training
Training,11,34,nao_usado_training
Training,11,454,nao_usado_training
Training,11,340,nao_usado_training
Training,11,464,nao_usado_training
Training,11,377,nao_usado_training
Training,11,372,nao_usado_training
Training,11,253,nao_usado_training
Training,11,300,nao_usado_training
Training,11,333,nao_usado_training
Training,11,364,nao_usado_training
Training,11,312,nao_usado_training
Training,11,70,nao_usado_training
Training,11,293,nao_usado_training
Training,11,148,nao_usado_training
Training,11,189,nao_usado_training
Training,11,55,nao_usado_training
Training,11,298,nao_usado_training
Training,11,165,nao_usado_training
Training,11,348,nao_usado_training
Training,11,21,nao_usado_training
Training,11,309,nao_usado_training
Training,11,463,nao_usado_training
Training,11,301,nao_usado_training
Training,11,219,nao_usado_training
Training,11,341,nao_usado_training
Training,11,411,nao_usado_training
Training,11,29,nao_usado_training
Training,11,490,nao_usado_training
Training,11,352,nao_usado_training
Training,11,399,nao_usado_training
Training,11,180,nao_usado_training
Training,11,338,nao_usado_training
Training,11,386,nao_usado_training
Training,11,387,nao_usado_training
Training,11,325,nao_usado_training
Training,11,158,nao_usado_training
Training,11,488,nao_usado_training
Training,11,373,nao_usado_training
Training,11,238,nao_usado_training
Training,11,440,nao_usado_training
Training,11,118,nao_usado_training
Training,11,28,nao_usado_training
Training,11,211,nao_usado_training
Training,11,244,nao_usado_training
Training,11,282,nao_usado_training
Training,11,428,nao_usado_training
Training,11,36,nao_usado_training
Training,11,120,nao_usado_training
Training,11,260,nao_usado_training
Training,11,362,nao_usado_training
Training,11,424,nao_usado_training
Training,11,43,nao_usado_training
Training,11,369,nao_usado_training
Training,11,12,nao_usado_training
Training,11,124,nao_usado_training
Training,11,380,nao_usado_training
Training,11,174,nao_usado_training
Training,11,119,nao_usado_training
Training,11,442,nao_usado_training
Training,11,462,nao_usado_training
Training,11,7,nao_usado_training
Training,11,412,nao_usado_training
Training,11,79,nao_usado_training
Training,11,27,nao_usado_training
Training,11,155,nao_usado_training
Training,11,392,nao_usado_training
Training,11,218,nao_usado_training
Training,11,130,nao_usado_training
Training,11,231,nao_usado_training
Training,11,132,nao_usado_training
Training,11,77,nao_usado_training
Training,11,477,nao_usado_training
Training,11,295,nao_usado_training
Training,11,479,nao_usado_training
Training,11,268,nao_usado_training
Training,11,409,nao_usado_training
Training,11,235,nao_usado_training
Training,11,323,nao_usado_training
Training,11,185,nao_usado_training
Training,11,491,nao_usado_training
Training,11,144,nao_usado_training
Training,11,471,nao_usado_training
Training,11,357,nao_usado_training
Training,11,406,nao_usado_training
Training,11,227,nao_usado_training
Training,11,397,nao_usado_training
Training,11,243,nao_usado_training
Training,11,407,nao_usado_training
Training,11,16,nao_usado_training
Training,11,75,nao_usado_training
Training,11,289,nao_usado_training
Training,11,54,nao_usado_training
Training,11,210,nao_usado_training
Training,11,42,nao_usado_training
Training,11,121,nao_usado_training
Training,11,258,nao_usado_training
Training,11,64,nao_usado_training
Training,11,433,nao_usado_training
Training,11,326,nao_usado_training
Training,11,304,nao_usado_training
Training,11,85,nao_usado_training
Training,11,11,nao_usado_training
Training,11,430,nao_usado_training
Training,11,266,nao_usado_training
Training,11,226,nao_usado_training
Training,11,48,nao_usado_training
Training,11,116,nao_usado_training
Training,11,275,nao_usado_training
Training,11,127,nao_usado_training
Training,11,459,nao_usado_training
Training,11,206,nao_usado_training
Training,11,74,nao_usado_training
Training,11,25,nao_usado_training
Training,11,248,nao_usado_training
Training,11,351,nao_usado_training
Training,11,475,nao_usado_training
Training,11,215,nao_usado_training
Training,11,256,nao_usado_training
Training,11,47,nao_usado_training
Training,11,69,nao_usado_training
Training,11,436,nao_usado_training
Training,11,336,nao_usado_training
Training,11,83,nao_usado_training
Training,11,434,nao_usado_training
Training,11,279,nao_usado_training
Training,11,233,nao_usado_training
Training,11,400,nao_usado_training
Training,11,113,nao_usado_training
Training,11,18,nao_usado_training
Training,11,225,nao_usado_training
Training,11,270,nao_usado_training
Training,11,87,nao_usado_training
Training,11,465,nao_usado_training
Training,11,3,nao_usado_training
Training,11,251,nao_usado_training
Training,11,474,nao_usado_training
Training,11,452,nao_usado_training
Training,11,150,nao_usado_training
Training,11,193,nao_usado_training
Training,11,432,nao_usado_training
Training,11,291,nao_usado_training
Training,11,214,nao_usado_training
Training,11,297,nao_usado_training
Training,11,315,nao_usado_training
Training,11,299,nao_usado_training
Training,11,139,nao_usado_training
Training,11,318,nao_usado_training
Training,11,112,nao_usado_training
Training,11,320,nao_usado_training
Training,11,212,nao_usado_training
Training,11,202,nao_usado_training
Training,11,229,nao_usado_training
Training,11,96,nao_usado_training
Training,11,344,nao_usado_training
Training,11,472,nao_usado_training
Training,11,106,nao_usado_training
Training,11,365,nao_usado_training
Training,11,403,nao_usado_training
Training,11,93,nao_usado_training
Training,11,4,nao_usado_training
Training,11,473,nao_usado_training
Training,11,382,nao_usado_training
Training,11,151,nao_usado_training
Training,11,173,nao_usado_training
Training,11,343,nao_usado_training
Training,11,98,nao_usado_training
Training,11,404,nao_usado_training
Training,11,221,nao_usado_training
Training,11,402,nao_usado_training
Training,11,394,nao_usado_training
Training,11,230,nao_usado_training
Training,11,286,nao_usado_training
Training,11,313,nao_usado_training
Training,11,125,nao_usado_training
Training,11,458,nao_usado_training
Training,11,71,nao_usado_training
Training,11,264,nao_usado_training
Training,11,45,nao_usado_training
Training,11,201,nao_usado_training
Training,11,159,nao_usado_training
Training,11,171,nao_usado_training
Training,11,271,nao_usado_training
Training,11,280,nao_usado_training
Training,11,136,nao_usado_training
Training,11,246,nao_usado_training
Training,11,259,nao_usado_training
Training,11,287,nao_usado_training
Training,11,194,nao_usado_training
Training,11,487,nao_usado_training
Training,11,284,nao_usado_training
Training,11,346,nao_usado_training
Training,11,427,nao_usado_training
Training,11,461,nao_usado_training
Training,11,429,nao_usado_training
Training,11,187,nao_usado_training
Training,11,296,nao_usado_training
Training,11,324,nao_usado_training
Training,11,468,nao_usado_training
Training,11,128,nao_usado_training
Training,11,314,nao_usado_training
Training,11,422,nao_usado_training
Training,11,164,nao_usado_training
Training,11,288,nao_usado_training
Training,11,355,nao_usado_training
Training,11,65,nao_usado_training
Training,11,50,nao_usado_training
Training,11,363,nao_usado_training
Training,11,327,nao_usado_training
Training,11,421,nao_usado_training
Training,11,317,nao_usado_training
Training,11,478,nao_usado_training
Training,11,383,nao_usado_training
Training,11,122,nao_usado_training
Training,11,435,nao_usado_training
Training,11,100,nao_usado_training
Training,11,419,nao_usado_training
Training,11,413,nao_usado_training
Training,11,63,nao_usado_training
Training,11,19,nao_usado_training
Training,11,375,nao_usado_training
Training,11,44,nao_usado_training
Training,11,384,nao_usado_training
Training,11,13,nao_usado_training
Training,11,414,nao_usado_training
Training,11,446,nao_usado_training
Training,11,425,nao_usado_training
Training,11,388,nao_usado_training
Training,11,146,nao_usado_training
Training,11,242,nao_usado_training
Training,11,482,nao_usado_training
Training,11,198,nao_usado_training
Training,11,390,nao_usado_training
Training,11,20,nao_usado_training
Training,11,495,nao_usado_training
Training,11,303,nao_usado_training
Training,11,26,nao_usado_training
Training,11,217,nao_usado_training
Training,11,305,nao_usado_training
Training,11,58,nao_usado_training
Training,11,484,nao_usado_training
Training,11,6,nao_usado_training
Training,11,60,nao_usado_training
Training,11,416,nao_usado_training
Training,11,245,nao_usado_training
Training,11,241,nao_usado_training
Training,11,269,nao_usado_training
Training,11,283,nao_usado_training
Training,11,310,nao_usado_training
Training,11,143,nao_usado_training
Training,11,72,nao_usado_training
Training,11,239,nao_usado_training
Training,11,14,nao_usado_training
Training,11,366,nao_usado_training
Training,11,163,nao_usado_training
Training,11,262,nao_usado_training
Training,11,78,nao_usado_training
Training,11,337,nao_usado_training
Training,11,431,nao_usado_training
Training,11,145,nao_usado_training
Training,11,141,nao_usado_training
Training,11,470,nao_usado_training
Training,11,17,nao_usado_training
Training,11,273,nao_usado_training
Training,11,175,nao_usado_training
Training,11,190,nao_usado_training
Training,11,8,nao_usado_training
Training,11,208,nao_usado_training
Training,11,99,nao_usado_training
Training,11,166,nao_usado_training
Training,11,22,nao_usado_training
Training,11,209,nao_usado_training
Training,11,335,nao_usado_training
Training,11,405,nao_usado_training
Training,11,426,nao_usado_training
Training,11,182,nao_usado_training
Training,11,191,nao_usado_training
Training,11,249,nao_usado_training
Training,11,321,nao_usado_training
Training,11,466,nao_usado_training
Training,11,111,nao_usado_training
Training,11,101,nao_usado_training
Training,11,40,nao_usado_training
Training,11,278,nao_usado_training
Training,11,439,nao_usado_training
Training,11,385,nao_usado_training
Training,11,76,nao_usado_training
Training,11,345,nao_usado_training
Training,11,52,nao_usado_training
Training,11,31,nao_usado_training
Training,11,247,nao_usado_training
Training,11,162,nao_usado_training
Training,11,184,nao_usado_training
Training,11,186,nao_usado_training
Training,11,223,nao_usado_training
Training,11,103,nao_usado_training
Training,11,457,nao_usado_training
Training,11,94,nao_usado_training
Training,11,494,nao_usado_training
Training,11,220,nao_usado_training
Training,11,438,nao_usado_training
Training,11,381,nao_usado_training
Training,11,445,nao_usado_training
Training,11,448,nao_usado_training
Training,11,447,nao_usado_training
Training,11,456,nao_usado_training
Training,11,379,nao_usado_training
Training,11,205,nao_usado_training
Training,11,90,nao_usado_training
Training,11,423,nao_usado_training
Training,11,332,nao_usado_training
Training,11,108,nao_usado_training
Training,11,267,nao_usado_training
Training,11,30,nao_usado_training
Training,11,307,nao_usado_training
Training,11,188,nao_usado_training
Training,11,360,nao_usado_training
Training,11,449,nao_usado_training
Training,11,2,nao_usado_training
Training,11,240,nao_usado_training
Training,11,59,nao_usado_training
Training,11,73,nao_usado_training
Training,11,197,nao_usado_training
Training,11,349,nao_usado_training
Training,11,358,nao_usado_training
Training,11,493,nao_usado_training
Training,11,443,nao_usado_training
Training,11,56,nao_usado_training
Training,11,37,nao_usado_training
Training,11,311,nao_usado_training
Training,11,181,nao_usado_training
Training,11,237,nao_usado_training
Training,11,378,nao_usado_training
Training,11,5,nao_usado_training
Training,11,192,nao_usado_training
Training,11,61,nao_usado_training
Training,11,203,nao_usado_training
Training,11,200,nao_usado_training
Training,11,497,nao_usado_training
Training,12,403,treino
Training,12,319,treino
Training,12,444,treino
Training,12,277,treino
Training,12,370,treino
Training,12,306,treino
Training,12,302,treino
Training,12,352,treino
Training,12,497,treino
Training,12,114,treino
Training,12,21,treino
Training,12,369,treino
Training,12,120,treino
Training,12,159,treino
Training,12,442,treino
Training,12,398,treino
Training,12,297,treino
Training,12,228,treino
Training,12,221,treino
Training,12,485,treino
Training,12,254,treino
Training,12,209,treino
Training,12,487,treino
Training,12,5,treino
Training,12,257,treino
Training,12,292,treino
Training,12,258,treino
Training,12,252,treino
Training,12,37,treino
Training,12,40,treino
Training,12,430,treino
Training,12,216,treino
Training,12,34,treino
Training,12,224,treino
Training,12,162,treino
Training,12,225,treino
Training,12,49,treino
Training,12,97,treino
Training,12,213,treino
Training,12,322,treino
Training,12,408,treino
Training,12,386,treino
Training,12,14,treino
Training,12,385,treino
Training,12,419,treino
Training,12,490,treino
Training,12,223,treino
Training,12,184,treino
Training,12,339,treino
Training,12,103,treino
Training,12,470,treino
Training,12,82,treino
Training,12,105,treino
Training,12,61,treino
Training,12,295,treino
Training,12,404,treino
Training,12,405,treino
Training,12,394,treino
Training,12,492,treino
Training,12,282,treino
Training,12,455,treino
Training,12,399,treino
Training,12,329,treino
Training,12,357,treino
Training,12,390,treino
Training,12,450,treino
Training,12,175,treino
Training,12,255,treino
Training,12,126,treino
Training,12,284,treino
Training,12,139,treino
Training,12,362,treino
Training,12,375,treino
Training,12,330,treino
Training,12,183,treino
Training,12,130,treino
Training,12,265,treino
Training,12,27,treino
Training,12,304,treino
Training,12,332,treino
Training,12,57,treino
Training,12,63,treino
Training,12,125,treino
Training,12,59,treino
Training,12,91,treino
Training,12,312,treino
Training,12,100,treino
Training,12,168,treino
Training,12,13,treino
Training,12,62,treino
Training,12,196,treino
Training,12,360,treino
Training,12,415,treino
Training,12,69,treino
Training,12,147,treino
Training,12,368,treino
Training,12,23,treino
Training,12,441,treino
Training,12,191,treino
Training,12,128,treino
Training,12,458,validacao
Training,12,460,validacao
Training,12,81,validacao
Training,12,145,validacao
Training,12,214,validacao
Training,12,50,validacao
Training,12,423,validacao
Training,12,56,validacao
Training,12,420,validacao
Training,12,80,validacao
Training,12,107,validacao
Training,12,486,validacao
Training,12,311,validacao
Training,12,227,validacao
Training,12,422,validacao
Training,12,237,validacao
Training,12,24,validacao
Training,12,271,validacao
Training,12,41,validacao
Training,12,226,validacao
Training,12,378,validacao
Training,12,124,validacao
Training,12,192,validacao
Training,12,272,validacao
Training,12,121,validacao
Training,12,313,validacao
Training,12,153,validacao
Training,12,78,validacao
Training,12,60,validacao
Training,12,307,validacao
Training,12,143,validacao
Training,12,262,validacao
Training,12,474,validacao
Training,12,45,validacao
Training,12,177,validacao
Training,12,249,validacao
Training,12,84,validacao
Training,12,157,validacao
Training,12,434,validacao
Training,12,136,validacao
Training,12,67,validacao
Training,12,179,validacao
Training,12,359,validacao
Training,12,38,validacao
Training,12,334,validacao
Training,12,333,validacao
Training,12,6,validacao
Training,12,318,validacao
Training,12,447,validacao
Training,12,92,validacao
Training,12,10,nao_usado_training
Training,12,439,nao_usado_training
Training,12,392,nao_usado_training
Training,12,371,nao_usado_training
Training,12,389,nao_usado_training
Training,12,314,nao_usado_training
Training,12,185,nao_usado_training
Training,12,274,nao_usado_training
Training,12,74,nao_usado_training
Training,12,53,nao_usado_training
Training,12,349,nao_usado_training
Training,12,160,nao_usado_training
Training,12,150,nao_usado_training
Training,12,9,nao_usado_training
Training,12,119,nao_usado_training
Training,12,338,nao_usado_training
Training,12,428,nao_usado_training
Training,12,467,nao_usado_training
Training,12,387,nao_usado_training
Training,12,144,nao_usado_training
Training,12,55,nao_usado_training
Training,12,85,nao_usado_training
Training,12,25,nao_usado_training
Training,12,436,nao_usado_training
Training,12,229,nao_usado_training
Training,12,234,nao_usado_training
Training,12,472,nao_usado_training
Training,12,431,nao_usado_training
Training,12,300,nao_usado_training
Training,12,388,nao_usado_training
Training,12,113,nao_usado_training
Training,12,266,nao_usado_training
Training,12,68,nao_usado_training
Training,12,315,nao_usado_training
Training,12,316,nao_usado_training
Training,12,416,nao_usado_training
Training,12,259,nao_usado_training
Training,12,380,nao_usado_training
Training,12,205,nao_usado_training
Training,12,250,nao_usado_training
Training,12,165,nao_usado_training
Training,12,166,nao_usado_training
Training,12,376,nao_usado_training
Training,12,135,nao_usado_training
Training,12,3,nao_usado_training
Training,12,239,nao_usado_training
Training,12,182,nao_usado_training
Training,12,172,nao_usado_training
Training,12,443,nao_usado_training
Training,12,180,nao_usado_training
Training,12,2,nao_usado_training
Training,12,475,nao_usado_training
Training,12,331,nao_usado_training
Training,12,437,nao_usado_training
Training,12,281,nao_usado_training
Training,12,308,nao_usado_training
Training,12,76,nao_usado_training
Training,12,478,nao_usado_training
Training,12,358,nao_usado_training
Training,12,382,nao_usado_training
Training,12,155,nao_usado_training
Training,12,94,nao_usado_training
Training,12,321,nao_usado_training
Training,12,242,nao_usado_training
Training,12,202,nao_usado_training
Training,12,33,nao_usado_training
Training,12,170,nao_usado_training
Training,12,248,nao_usado_training
Training,12,241,nao_usado_training
Training,12,425,nao_usado_training
Training,12,264,nao_usado_training
Training,12,101,nao_usado_training
Training,12,19,nao_usado_training
Training,12,373,nao_usado_training
Training,12,152,nao_usado_training
Training,12,366,nao_usado_training
Training,12,457,nao_usado_training
Training,12,70,nao_usado_training
Training,12,134,nao_usado_training
Training,12,341,nao_usado_training
Training,12,289,nao_usado_training
Training,12,301,nao_usado_training
Training,12,186,nao_usado_training
Training,12,500,nao_usado_training
Training,12,303,nao_usado_training
Training,12,465,nao_usado_training
Training,12,293,nao_usado_training
Training,12,90,nao_usado_training
Training,12,489,nao_usado_training
Training,12,36,nao_usado_training
Training,12,222,nao_usado_training
Training,12,12,nao_usado_training
Training,12,108,nao_usado_training
Training,12,66,nao_usado_training
Training,12,203,nao_usado_training
Training,12,22,nao_usado_training
Training,12,158,nao_usado_training
Training,12,30,nao_usado_training
Training,12,384,nao_usado_training
Training,12,233,nao_usado_training
Training,12,449,nao_usado_training
Training,12,176,nao_usado_training
Training,12,345,nao_usado_training
Training,12,174,nao_usado_training
Training,12,48,nao_usado_training
Training,12,354,nao_usado_training
Training,12,17,nao_usado_training
Training,12,31,nao_usado_training
Training,12,481,nao_usado_training
Training,12,433,nao_usado_training
Training,12,347,nao_usado_training
Training,12,426,nao_usado_training
Training,12,156,nao_usado_training
Training,12,146,nao_usado_training
Training,12,32,nao_usado_training
Training,12,483,nao_usado_training
Training,12,290,nao_usado_training
Training,12,253,nao_usado_training
Training,12,471,nao_usado_training
Training,12,189,nao_usado_training
Training,12,178,nao_usado_training
Training,12,71,nao_usado_training
Training,12,280,nao_usado_training
Training,12,320,nao_usado_training
Training,12,410,nao_usado_training
Training,12,132,nao_usado_training
Training,12,4,nao_usado_training
Training,12,374,nao_usado_training
Training,12,236,nao_usado_training
Training,12,1,nao_usado_training
Training,12,393,nao_usado_training
Training,12,412,nao_usado_training
Training,12,138,nao_usado_training
Training,12,459,nao_usado_training
Training,12,210,nao_usado_training
Training,12,435,nao_usado_training
Training,12,499,nao_usado_training
Training,12,296,nao_usado_training
Training,12,468,nao_usado_training
Training,12,244,nao_usado_training
Training,12,246,nao_usado_training
Training,12,64,nao_usado_training
Training,12,181,nao_usado_training
Training,12,47,nao_usado_training
Training,12,106,nao_usado_training
Training,12,495,nao_usado_training
Training,12,438,nao_usado_training
Training,12,79,nao_usado_training
Training,12,377,nao_usado_training
Training,12,93,nao_usado_training
Training,12,238,nao_usado_training
Training,12,327,nao_usado_training
Training,12,496,nao_usado_training
Training,12,286,nao_usado_training
Training,12,35,nao_usado_training
Training,12,270,nao_usado_training
Training,12,491,nao_usado_training
Training,12,395,nao_usado_training
Training,12,323,nao_usado_training
Training,12,361,nao_usado_training
Training,12,235,nao_usado_training
Training,12,28,nao_usado_training
Training,12,279,nao_usado_training
Training,12,215,nao_usado_training
Training,12,348,nao_usado_training
Training,12,122,nao_usado_training
Training,12,7,nao_usado_training
Training,12,305,nao_usado_training
Training,12,414,nao_usado_training
Training,12,381,nao_usado_training
Training,12,446,nao_usado_training
Training,12,116,nao_usado_training
Training,12,411,nao_usado_training
Training,12,118,nao_usado_training
Training,12,421,nao_usado_training
Training,12,269,nao_usado_training
Training,12,208,nao_usado_training
Training,12,88,nao_usado_training
Training,12,309,nao_usado_training
Training,12,406,nao_usado_training
Training,12,117,nao_usado_training
Training,12,51,nao_usado_training
Training,12,140,nao_usado_training
Training,12,350,nao_usado_training
Training,12,324,nao_usado_training
Training,12,466,nao_usado_training
Training,12,351,nao_usado_training
Training,12,263,nao_usado_training
Training,12,479,nao_usado_training
Training,12,328,nao_usado_training
Training,12,232,nao_usado_training
Training,12,65,nao_usado_training
Training,12,220,nao_usado_training
Training,12,230,nao_usado_training
Training,12,448,nao_usado_training
Training,12,456,nao_usado_training
Training,12,488,nao_usado_training
Training,12,11,nao_usado_training
Training,12,42,nao_usado_training
Training,12,154,nao_usado_training
Training,12,267,nao_usado_training
Training,12,207,nao_usado_training
Training,12,268,nao_usado_training
Training,12,39,nao_usado_training
Training,12,363,nao_usado_training
Training,12,367,nao_usado_training
Training,12,407,nao_usado_training
Training,12,137,nao_usado_training
Training,12,77,nao_usado_training
Training,12,299,nao_usado_training
Training,12,26,nao_usado_training
Training,12,115,nao_usado_training
Training,12,240,nao_usado_training
Training,12,346,nao_usado_training
Training,12,298,nao_usado_training
Training,12,200,nao_usado_training
Training,12,211,nao_usado_training
Training,12,498,nao_usado_training
Training,12,342,nao_usado_training
Training,12,484,nao_usado_training
Training,12,402,nao_usado_training
Training,12,52,nao_usado_training
Training,12,86,nao_usado_training
Training,12,391,nao_usado_training
Training,12,141,nao_usado_training
Training,12,171,nao_usado_training
Training,12,173,nao_usado_training
Training,12,102,nao_usado_training
Training,12,275,nao_usado_training
Training,12,476,nao_usado_training
Training,12,260,nao_usado_training
Training,12,167,nao_usado_training
Training,12,73,nao_usado_training
Training,12,276,nao_usado_training
Training,12,454,nao_usado_training
Training,12,493,nao_usado_training
Training,12,204,nao_usado_training
Training,12,364,nao_usado_training
Training,12,197,nao_usado_training
Training,12,163,nao_usado_training
Training,12,188,nao_usado_training
Training,12,131,nao_usado_training
Training,12,161,nao_usado_training
Training,12,112,nao_usado_training
Training,12,29,nao_usado_training
Training,12,8,nao_usado_training
Training,12,427,nao_usado_training
Training,12,340,nao_usado_training
Training,12,194,nao_usado_training
Training,12,469,nao_usado_training
Training,12,418,nao_usado_training
Training,12,111,nao_usado_training
Training,12,58,nao_usado_training
Training,12,383,nao_usado_training
Training,12,193,nao_usado_training
Training,12,464,nao_usado_training
Training,12,20,nao_usado_training
Training,12,99,nao_usado_training
Training,12,16,nao_usado_training
Training,12,218,nao_usado_training
Training,12,413,nao_usado_training
Training,12,344,nao_usado_training
Training,12,54,nao_usado_training
Training,12,75,nao_usado_training
Training,12,494,nao_usado_training
Training,12,451,nao_usado_training
Training,12,432,nao_usado_training
Training,12,129,nao_usado_training
Training,12,247,nao_usado_training
Training,12,72,nao_usado_training
Training,12,89,nao_usado_training
Training,12,219,nao_usado_training
Training,12,325,nao_usado_training
Training,12,278,nao_usado_training
Training,12,95,nao_usado_training
Training,12,409,nao_usado_training
Training,12,326,nao_usado_training
Training,12,285,nao_usado_training
Training,12,201,nao_usado_training
Training,12,133,nao_usado_training
Training,12,291,nao_usado_training
Training,12,212,nao_usado_training
Training,12,251,nao_usado_training
Training,12,397,nao_usado_training
Training,12,424,nao_usado_training
Training,12,463,nao_usado_training
Training,12,190,nao_usado_training
Training,12,110,nao_usado_training
Training,12,83,nao_usado_training
Training,12,273,nao_usado_training
Training,12,355,nao_usado_training
Training,12,287,nao_usado_training
Training,12,245,nao_usado_training
Training,12,353,nao_usado_training
Training,12,43,nao_usado_training
Training,12,335,nao_usado_training
Training,12,473,nao_usado_training
Training,12,379,nao_usado_training
Training,12,256,nao_usado_training
Training,12,477,nao_usado_training
Training,12,343,nao_usado_training
Training,12,372,nao_usado_training
Training,12,283,nao_usado_training
Training,12,109,nao_usado_training
Training,12,261,nao_usado_training
Training,12,98,nao_usado_training
Training,12,461,nao_usado_training
Training,12,310,nao_usado_training
Training,12,169,nao_usado_training
Training,12,401,nao_usado_training
Training,12,44,nao_usado_training
Training,12,15,nao_usado_training
Training,12,288,nao_usado_training
Training,12,46,nao_usado_training
Training,12,199,nao_usado_training
Training,12,317,nao_usado_training
Training,12,142,nao_usado_training
Training,12,87,nao_usado_training
Training,12,337,nao_usado_training
Training,12,482,nao_usado_training
Training,12,396,nao_usado_training
Training,12,198,nao_usado_training
Training,12,206,nao_usado_training
Training,12,231,nao_usado_training
Training,12,462,nao_usado_training
Training,12,243,nao_usado_training
Training,12,104,nao_usado_training
Training,12,149,nao_usado_training
Training,12,452,nao_usado_training
Training,12,453,nao_usado_training
Training,12,187,nao_usado_training
Training,12,400,nao_usado_training
Training,12,123,nao_usado_training
Training,12,365,nao_usado_training
Training,12,480,nao_usado_training
Training,12,151,nao_usado_training
Training,12,195,nao_usado_training
Training,12,294,nao_usado_training
Training,12,18,nao_usado_training
Training,12,148,nao_usado_training
Training,12,164,nao_usado_training
Training,12,429,nao_usado_training
Training,12,417,nao_usado_training
Training,12,96,nao_usado_training
Training,12,217,nao_usado_training
Training,12,440,nao_usado_training
Training,12,356,nao_usado_training
Training,12,445,nao_usado_training
Training,12,336,nao_usado_training
Training,12,127,nao_usado_training
Training,13,431,treino
Training,13,311,treino
Training,13,250,treino
Training,13,271,treino
Training,13,255,treino
Training,13,46,treino
Training,13,380,treino
Training,13,445,treino
Training,13,180,treino
Training,13,483,treino
Training,13,5,treino
Training,13,408,treino
Training,13,194,treino
Training,13,469,treino
Training,13,323,treino
Training,13,156,treino
Training,13,2,treino
Training,13,149,treino
Training,13,334,treino
Training,13,205,treino
Training,13,44,treino
Training,13,480,treino
Training,13,266,treino
Training,13,362,treino
Training,13,171,treino
Training,13,139,treino
Training,13,337,treino
Training,13,293,treino
Training,13,339,treino
Training,13,239,treino
Training,13,167,treino
Training,13,31,treino
Training,13,393,treino
Training,13,449,treino
Training,13,212,treino
Training,13,11,treino
Training,13,243,treino
Training,13,477,treino
Training,13,125,treino
Training,13,145,treino
Training,13,114,treino
Training,13,423,treino
Training,13,119,treino
Training,13,406,treino
Training,13,265,treino
Training,13,377,treino
Training,13,110,treino
Training,13,201,treino
Training,13,198,treino
Training,13,461,treino
Training,13,399,treino
Training,13,53,treino
Training,13,417,treino
Training,13,207,treino
Training,13,12,treino
Training,13,317,treino
Training,13,120,treino
Training,13,500,treino
Training,13,262,treino
Training,13,253,treino
Training,13,285,treino
Training,13,263,treino
Training,13,366,treino
Training,13,52,treino
Training,13,49,treino
Training,13,305,treino
Training,13,40,treino
Training,13,227,treino
Training,13,76,treino
Training,13,346,treino
Training,13,68,treino
Training,13,440,treino
Training,13,315,treino
Training,13,118,treino
Training,13,23,treino
Training,13,278,treino
Training,13,218,treino
Training,13,284,treino
Training,13,385,treino
Training,13,163,treino
Training,13,452,treino
Training,13,367,treino
Training,13,108,treino
Training,13,387,treino
Training,13,470,treino
Training,13,356,treino
Training,13,280,treino
Training,13,140,treino
Training,13,138,treino
Training,13,62,treino
Training,13,251,treino
Training,13,327,treino
Training,13,318,treino
Training,13,443,treino
Training,13,33,treino
Training,13,32,treino
Training,13,421,treino
Training,13,43,treino
Training,13,291,treino
Training,13,162,treino
Training,13,102,validacao
Training,13,375,validacao
Training,13,379,validacao
Training,13,169,validacao
Training,13,238,validacao
Training,13,499,validacao
Training,13,240,validacao
Training,13,18,validacao
Training,13,97,validacao
Training,13,242,validacao
Training,13,29,validacao
Training,13,55,validacao
Training,13,493,validacao
Training,13,358,validacao
Training,13,341,validacao
Training,13,495,validacao
Training,13,86,validacao
Training,13,289,validacao
Training,13,107,validacao
Training,13,450,validacao
Training,13,66,validacao
Training,13,57,validacao
Training,13,295,validacao
Training,13,451,validacao
Training,13,333,validacao
Training,13,228,validacao
Training,13,335,validacao
Training,13,203,validacao
Training,13,51,validacao
Training,13,286,validacao
Training,13,459,validacao
Training,13,492,validacao
Training,13,81,validacao
Training,13,150,validacao
Training,13,147,validacao
Training,13,132,validacao
Training,13,369,validacao
Training,13,326,validacao
Training,13,193,validacao
Training,13,113,validacao
Training,13,128,validacao
Training,13,307,validacao
Training,13,181,validacao
Training,13,404,validacao
Training,13,231,validacao
Training,13,22,validacao
Training,13,85,validacao
Training,13,84,validacao
Training,13,338,validacao
Training,13,94,validacao
Training,13,233,nao_usado_training
Training,13,316,nao_usado_training
Training,13,448,nao_usado_training
Training,13,310,nao_usado_training
Training,13,252,nao_usado_training
Training,13,91,nao_usado_training
Training,13,136,nao_usado_training
Training,13,436,nao_usado_training
Training,13,471,nao_usado_training
Training,13,309,nao_usado_training
Training,13,473,nao_usado_training
Training,13,188,nao_usado_training
Training,13,264,nao_usado_training
Training,13,426,nao_usado_training
Training,13,121,nao_usado_training
Training,13,257,nao_usado_training
Training,13,213,nao_usado_training
Training,13,290,nao_usado_training
Training,13,442,nao_usado_training
Training,13,332,nao_usado_training
Training,13,202,nao_usado_training
Training,13,160,nao_usado_training
Training,13,96,nao_usado_training
Training,13,98,nao_usado_training
Training,13,348,nao_usado_training
Training,13,47,nao_usado_training
Training,13,229,nao_usado_training
Training,13,185,nao_usado_training
Training,13,485,nao_usado_training
Training,13,269,nao_usado_training
Training,13,281,nao_usado_training
Training,13,294,nao_usado_training
Training,13,409,nao_usado_training
Training,13,304,nao_usado_training
Training,13,302,nao_usado_training
Training,13,359,nao_usado_training
Training,13,468,nao_usado_training
Training,13,300,nao_usado_training
Training,13,430,nao_usado_training
Training,13,234,nao_usado_training
Training,13,24,nao_usado_training
Training,13,124,nao_usado_training
Training,13,17,nao_usado_training
Training,13,349,nao_usado_training
Training,13,159,nao_usado_training
Training,13,61,nao_usado_training
Training,13,378,nao_usado_training
Training,13,235,nao_usado_training
Training,13,14,nao_usado_training
Training,13,204,nao_usado_training
Training,13,453,nao_usado_training
Training,13,415,nao_usado_training
Training,13,175,nao_usado_training
Training,13,116,nao_usado_training
Training,13,3,nao_usado_training
Training,13,386,nao_usado_training
Training,13,133,nao_usado_training
Training,13,254,nao_usado_training
Training,13,127,nao_usado_training
Training,13,187,nao_usado_training
Training,13,165,nao_usado_training
Training,13,63,nao_usado_training
Training,13,178,nao_usado_training
Training,13,161,nao_usado_training
Training,13,342,nao_usado_training
Training,13,277,nao_usado_training
Training,13,353,nao_usado_training
Training,13,230,nao_usado_training
Training,13,41,nao_usado_training
Training,13,87,nao_usado_training
Training,13,172,nao_usado_training
Training,13,437,nao_usado_training
Training,13,208,nao_usado_training
Training,13,219,nao_usado_training
Training,13,414,nao_usado_training
Training,13,27,nao_usado_training
Training,13,314,nao_usado_training
Training,13,104,nao_usado_training
Training,13,131,nao_usado_training
Training,13,123,nao_usado_training
Training,13,292,nao_usado_training
Training,13,196,nao_usado_training
Training,13,56,nao_usado_training
Training,13,200,nao_usado_training
Training,13,275,nao_usado_training
Training,13,321,nao_usado_training
Training,13,444,nao_usado_training
Training,13,388,nao_usado_training
Training,13,370,nao_usado_training
Training,13,71,nao_usado_training
Training,13,248,nao_usado_training
Training,13,439,nao_usado_training
Training,13,224,nao_usado_training
Training,13,454,nao_usado_training
Training,13,20,nao_usado_training
Training,13,418,nao_usado_training
Training,13,282,nao_usado_training
Training,13,59,nao_usado_training
Training,13,222,nao_usado_training
Training,13,325,nao_usado_training
Training,13,184,nao_usado_training
Training,13,54,nao_usado_training
Training,13,391,nao_usado_training
Training,13,176,nao_usado_training
Training,13,456,nao_usado_training
Training,13,283,nao_usado_training
Training,13,78,nao_usado_training
Training,13,350,nao_usado_training
Training,13,166,nao_usado_training
Training,13,299,nao_usado_training
Training,13,496,nao_usado_training
Training,13,26,nao_usado_training
Training,13,424,nao_usado_training
Training,13,174,nao_usado_training
Training,13,412,nao_usado_training
Training,13,392,nao_usado_training
Training,13,215,nao_usado_training
Training,13,6,nao_usado_training
Training,13,36,nao_usado_training
Training,13,396,nao_usado_training
Training,13,383,nao_usado_training
Training,13,155,nao_usado_training
Training,13,288,nao_usado_training
Training,13,173,nao_usado_training
Training,13,395,nao_usado_training
Training,13,273,nao_usado_training
Training,13,410,nao_usado_training
Training,13,83,nao_usado_training
Training,13,80,nao_usado_training
Training,13,306,nao_usado_training
Training,13,210,nao_usado_training
Training,13,72,nao_usado_training
Training,13,319,nao_usado_training
Training,13,232,nao_usado_training
Training,13,357,nao_usado_training
Training,13,324,nao_usado_training
Training,13,382,nao_usado_training
Training,13,7,nao_usado_training
Training,13,100,nao_usado_training
Training,13,270,nao_usado_training
Training,13,328,nao_usado_training
Training,13,416,nao_usado_training
Training,13,217,nao_usado_training
Training,13,376,nao_usado_training
Training,13,216,nao_usado_training
Training,13,144,nao_usado_training
Training,13,214,nao_usado_training
Training,13,192,nao_usado_training
Training,13,467,nao_usado_training
Training,13,82,nao_usado_training
Training,13,476,nao_usado_training
Training,13,186,nao_usado_training
Training,13,195,nao_usado_training
Training,13,389,nao_usado_training
Training,13,106,nao_usado_training
Training,13,220,nao_usado_training
Training,13,434,nao_usado_training
Training,13,354,nao_usado_training
Training,13,413,nao_usado_training
Training,13,351,nao_usado_training
Training,13,368,nao_usado_training
Training,13,183,nao_usado_training
Training,13,398,nao_usado_training
Training,13,397,nao_usado_training
Training,13,384,nao_usado_training
Training,13,89,nao_usado_training
Training,13,223,nao_usado_training
Training,13,197,nao_usado_training
Training,13,179,nao_usado_training
Training,13,206,nao_usado_training
Training,13,157,nao_usado_training
Training,13,497,nao_usado_training
Training,13,320,nao_usado_training
Training,13,455,nao_usado_training
Training,13,481,nao_usado_training
Training,13,279,nao_usado_training
Training,13,60,nao_usado_training
Training,13,312,nao_usado_training
Training,13,447,nao_usado_training
Training,13,130,nao_usado_training
Training,13,199,nao_usado_training
Training,13,364,nao_usado_training
Training,13,73,nao_usado_training
Training,13,74,nao_usado_training
Training,13,37,nao_usado_training
Training,13,268,nao_usado_training
Training,13,141,nao_usado_training
Training,13,164,nao_usado_training
Training,13,298,nao_usado_training
Training,13,365,nao_usado_training
Training,13,267,nao_usado_training
Training,13,446,nao_usado_training
Training,13,420,nao_usado_training
Training,13,256,nao_usado_training
Training,13,374,nao_usado_training
Training,13,67,nao_usado_training
Training,13,8,nao_usado_training
Training,13,105,nao_usado_training
Training,13,95,nao_usado_training
Training,13,189,nao_usado_training
Training,13,330,nao_usado_training
Training,13,474,nao_usado_training
Training,13,260,nao_usado_training
Training,13,13,nao_usado_training
Training,13,93,nao_usado_training
Training,13,258,nao_usado_training
Training,13,111,nao_usado_training
Training,13,422,nao_usado_training
Training,13,79,nao_usado_training
Training,13,276,nao_usado_training
Training,13,261,nao_usado_training
Training,13,247,nao_usado_training
Training,13,69,nao_usado_training
Training,13,308,nao_usado_training
Training,13,99,nao_usado_training
Training,13,143,nao_usado_training
Training,13,272,nao_usado_training
Training,13,209,nao_usado_training
Training,13,154,nao_usado_training
Training,13,462,nao_usado_training
Training,13,460,nao_usado_training
Training,13,9,nao_usado_training
Training,13,433,nao_usado_training
Training,13,191,nao_usado_training
Training,13,4,nao_usado_training
Training,13,15,nao_usado_training
Training,13,402,nao_usado_training
Training,13,394,nao_usado_training
Training,13,475,nao_usado_training
Training,13,274,nao_usado_training
Training,13,244,nao_usado_training
Training,13,30,nao_usado_training
Training,13,10,nao_usado_training
Training,13,458,nao_usado_training
Training,13,39,nao_usado_training
Training,13,48,nao_usado_training
Training,13,361,nao_usado_training
Training,13,490,nao_usado_training
Training,13,70,nao_usado_training
Training,13,122,nao_usado_training
Training,13,457,nao_usado_training
Training,13,438,nao_usado_training
Training,13,45,nao_usado_training
Training,13,419,nao_usado_training
Training,13,411,nao_usado_training
Training,13,34,nao_usado_training
Training,13,360,nao_usado_training
Training,13,236,nao_usado_training
Training,13,336,nao_usado_training
Training,13,42,nao_usado_training
Training,13,129,nao_usado_training
Training,13,329,nao_usado_training
Training,13,182,nao_usado_training
Training,13,16,nao_usado_training
Training,13,441,nao_usado_training
Training,13,211,nao_usado_training
Training,13,403,nao_usado_training
Training,13,221,nao_usado_training
Training,13,226,nao_usado_training
Training,13,400,nao_usado_training
Training,13,345,nao_usado_training
Training,13,126,nao_usado_training
Training,13,153,nao_usado_training
Training,13,1,nao_usado_training
Training,13,190,nao_usado_training
Training,13,35,nao_usado_training
Training,13,237,nao_usado_training
Training,13,344,nao_usado_training
Training,13,381,nao_usado_training
Training,13,372,nao_usado_training
Training,13,241,nao_usado_training
Training,13,487,nao_usado_training
Training,13,19,nao_usado_training
Training,13,152,nao_usado_training
Training,13,484,nao_usado_training
Training,13,355,nao_usado_training
Training,13,373,nao_usado_training
Training,13,259,nao_usado_training
Training,13,472,nao_usado_training
Training,13,322,nao_usado_training
Training,13,142,nao_usado_training
Training,13,75,nao_usado_training
Training,13,429,nao_usado_training
Training,13,390,nao_usado_training
Training,13,38,nao_usado_training
Training,13,249,nao_usado_training
Training,13,331,nao_usado_training
Training,13,464,nao_usado_training
Training,13,297,nao_usado_training
Training,13,58,nao_usado_training
Training,13,25,nao_usado_training
Training,13,425,nao_usado_training
Training,13,28,nao_usado_training
Training,13,401,nao_usado_training
Training,13,92,nao_usado_training
Training,13,117,nao_usado_training
Training,13,246,nao_usado_training
Training,13,101,nao_usado_training
Training,13,148,nao_usado_training
Training,13,486,nao_usado_training
Training,13,177,nao_usado_training
Training,13,488,nao_usado_training
Training,13,478,nao_usado_training
Training,13,112,nao_usado_training
Training,13,296,nao_usado_training
Training,13,90,nao_usado_training
Training,13,21,nao_usado_training
Training,13,287,nao_usado_training
Training,13,482,nao_usado_training
Training,13,109,nao_usado_training
Training,13,245,nao_usado_training
Training,13,137,nao_usado_training
Training,13,465,nao_usado_training
Training,13,498,nao_usado_training
Training,13,479,nao_usado_training
Training,13,340,nao_usado_training
Training,13,432,nao_usado_training
Training,13,50,nao_usado_training
Training,13,135,nao_usado_training
Training,13,170,nao_usado_training
Training,13,435,nao_usado_training
Training,13,168,nao_usado_training
Training,13,303,nao_usado_training
Training,13,371,nao_usado_training
Training,13,88,nao_usado_training
Training,13,466,nao_usado_training
Training,13,428,nao_usado_training
Training,13,301,nao_usado_training
Training,13,347,nao_usado_training
Training,13,491,nao_usado_training
Training,13,103,nao_usado_training
Training,13,313,nao_usado_training
Training,13,405,nao_usado_training
Training,13,225,nao_usado_training
Training,13,463,nao_usado_training
Training,13,494,nao_usado_training
Training,13,146,nao_usado_training
Training,13,77,nao_usado_training
Training,13,158,nao_usado_training
Training,13,352,nao_usado_training
Training,13,407,nao_usado_training
Training,13,363,nao_usado_training
Training,13,427,nao_usado_training
Training,13,343,nao_usado_training
Training,13,64,nao_usado_training
Training,13,115,nao_usado_training
Training,13,151,nao_usado_training
Training,13,134,nao_usado_training
Training,13,65,nao_usado_training
Training,13,489,nao_usado_training
Training,14,60,treino
Training,14,409,treino
Training,14,250,treino
Training,14,227,treino
Training,14,113,treino
Training,14,289,treino
Training,14,91,treino
Training,14,258,treino
Training,14,80,treino
Training,14,182,treino
Training,14,322,treino
Training,14,407,treino
Training,14,359,treino
Training,14,363,treino
Training,14,95,treino
Training,14,299,treino
Training,14,262,treino
Training,14,416,treino
Training,14,357,treino
Training,14,163,treino
Training,14,99,treino
Training,14,466,treino
Training,14,475,treino
Training,14,474,treino
Training,14,28,treino
Training,14,5,treino
Training,14,451,treino
Training,14,142,treino
Training,14,220,treino
Training,14,461,treino
Training,14,500,treino
Training,14,349,treino
Training,14,261,treino
Training,14,190,treino
Training,14,222,treino
Training,14,268,treino
Training,14,64,treino
Training,14,454,treino
Training,14,256,treino
Training,14,30,treino
Training,14,160,treino
Training,14,111,treino
Training,14,197,treino
Training,14,242,treino
Training,14,104,treino
Training,14,269,treino
Training,14,364,treino
Training,14,194,treino
Training,14,406,treino
Training,14,75,treino
Training,14,175,treino
Training,14,139,treino
Training,14,77,treino
Training,14,178,treino
Training,14,196,treino
Training,14,31,treino
Training,14,29,treino
Training,14,285,treino
Training,14,316,treino
Training,14,193,treino
Training,14,433,treino
Training,14,159,treino
Training,14,186,treino
Training,14,277,treino
Training,14,280,treino
Training,14,339,treino
Training,14,374,treino
Training,14,482,treino
Training,14,52,treino
Training,14,441,treino
Training,14,325,treino
Training,14,195,treino
Training,14,237,treino
Training,14,486,treino
Training,14,210,treino
Training,14,59,treino
Training,14,33,treino
Training,14,400,treino
Training,14,57,treino
Training,14,70,treino
Training,14,437,treino
Training,14,488,treino
Training,14,207,treino
Training,14,102,treino
Training,14,24,treino
Training,14,470,treino
Training,14,358,treino
Training,14,179,treino
Training,14,136,treino
Training,14,372,treino
Training,14,138,treino
Training,14,116,treino
Training,14,110,treino
Training,14,251,treino
Training,14,398,treino
Training,14,346,treino
Training,14,303,treino
Training,14,421,treino
Training,14,153,treino
Training,14,225,treino
Training,14,7,validacao
Training,14,238,validacao
Training,14,88,validacao
Training,14,415,validacao
Training,14,39,validacao
Training,14,333,validacao
Training,14,50,validacao
Training,14,254,validacao
Training,14,21,validacao
Training,14,86,validacao
Training,14,128,validacao
Training,14,497,validacao
Training,14,347,validacao
Training,14,165,validacao
Training,14,424,validacao
Training,14,469,validacao
Training,14,376,validacao
Training,14,456,validacao
Training,14,440,validacao
Training,14,112,validacao
Training,14,276,validacao
Training,14,146,validacao
Training,14,388,validacao
Training,14,264,validacao
Training,14,453,validacao
Training,14,232,validacao
Training,14,133,validacao
Training,14,296,validacao
Training,14,8,validacao
Training,14,260,validacao
Training,14,319,validacao
Training,14,365,validacao
Training,14,173,validacao
Training,14,214,validacao
Training,14,445,validacao
Training,14,455,validacao
Training,14,295,validacao
Training,14,471,validacao
Training,14,240,validacao
Training,14,328,validacao
Training,14,231,validacao
Training,14,202,validacao
Training,14,321,validacao
Training,14,315,validacao
Training,14,300,validacao
Training,14,85,validacao
Training,14,380,validacao
Training,14,249,validacao
Training,14,141,validacao
Training,14,4,validacao
Training,14,393,nao_usado_training
Training,14,369,nao_usado_training
Training,14,399,nao_usado_training
Training,14,382,nao_usado_training
Training,14,245,nao_usado_training
Training,14,345,nao_usado_training
Training,14,188,nao_usado_training
Training,14,164,nao_usado_training
Training,14,414,nao_usado_training
Training,14,167,nao_usado_training
Training,14,259,nao_usado_training
Training,14,38,nao_usado_training
Training,14,257,nao_usado_training
Training,14,392,nao_usado_training
Training,14,172,nao_usado_training
Training,14,458,nao_usado_training
Training,14,423,nao_usado_training
Training,14,418,nao_usado_training
Training,14,465,nao_usado_training
Training,14,106,nao_usado_training
Training,14,352,nao_usado_training
Training,14,350,nao_usado_training
Training,14,381,nao_usado_training
Training,14,311,nao_usado_training
Training,14,293,nao_usado_training
Training,14,72,nao_usado_training
Training,14,246,nao_usado_training
Training,14,397,nao_usado_training
Training,14,368,nao_usado_training
Training,14,93,nao_usado_training
Training,14,283,nao_usado_training
Training,14,373,nao_usado_training
Training,14,9,nao_usado_training
Training,14,37,nao_usado_training
Training,14,298,nao_usado_training
Training,14,235,nao_usado_training
Training,14,213,nao_usado_training
Training,14,122,nao_usado_training
Training,14,389,nao_usado_training
Training,14,143,nao_usado_training
Training,14,11,nao_usado_training
Training,14,432,nao_usado_training
Training,14,243,nao_usado_training
Training,14,135,nao_usado_training
Training,14,331,nao_usado_training
Training,14,323,nao_usado_training
Training,14,342,nao_usado_training
Training,14,53,nao_usado_training
Training,14,308,nao_usado_training
Training,14,230,nao_usado_training
Training,14,394,nao_usado_training
Training,14,305,nao_usado_training
Training,14,499,nao_usado_training
Training,14,272,nao_usado_training
Training,14,51,nao_usado_training
Training,14,443,nao_usado_training
Training,14,123,nao_usado_training
Training,14,396,nao_usado_training
Training,14,395,nao_usado_training
Training,14,18,nao_usado_training
Training,14,22,nao_usado_training
Training,14,221,nao_usado_training
Training,14,435,nao_usado_training
Training,14,248,nao_usado_training
Training,14,462,nao_usado_training
Training,14,255,nao_usado_training
Training,14,477,nao_usado_training
Training,14,83,nao_usado_training
Training,14,472,nao_usado_training
Training,14,252,nao_usado_training
Training,14,491,nao_usado_training
Training,14,241,nao_usado_training
Training,14,40,nao_usado_training
Training,14,12,nao_usado_training
Training,14,329,nao_usado_training
Training,14,291,nao_usado_training
Training,14,370,nao_usado_training
Training,14,367,nao_usado_training
Training,14,20,nao_usado_training
Training,14,84,nao_usado_training
Training,14,341,nao_usado_training
Training,14,124,nao_usado_training
Training,14,244,nao_usado_training
Training,14,464,nao_usado_training
Training,14,446,nao_usado_training
Training,14,310,nao_usado_training
Training,14,309,nao_usado_training
Training,14,425,nao_usado_training
Training,14,201,nao_usado_training
Training,14,234,nao_usado_training
Training,14,66,nao_usado_training
Training,14,332,nao_usado_training
Training,14,387,nao_usado_training
Training,14,48,nao_usado_training
Training,14,156,nao_usado_training
Training,14,330,nao_usado_training
Training,14,447,nao_usado_training
Training,14,236,nao_usado_training
Training,14,98,nao_usado_training
Training,14,386,nao_usado_training
Training,14,348,nao_usado_training
Training,14,473,nao_usado_training
Training,14,459,nao_usado_training
Training,14,267,nao_usado_training
Training,14,442,nao_usado_training
Training,14,218,nao_usado_training
Training,14,463,nao_usado_training
Training,14,281,nao_usado_training
Training,14,312,nao_usado_training
Training,14,468,nao_usado_training
Training,14,253,nao_usado_training
Training,14,68,nao_usado_training
Training,14,63,nao_usado_training
Training,14,338,nao_usado_training
Training,14,121,nao_usado_training
Training,14,304,nao_usado_training
Training,14,161,nao_usado_training
Training,14,362,nao_usado_training
Training,14,450,nao_usado_training
Training,14,460,nao_usado_training
Training,14,233,nao_usado_training
Training,14,401,nao_usado_training
Training,14,148,nao_usado_training
Training,14,134,nao_usado_training
Training,14,431,nao_usado_training
Training,14,404,nao_usado_training
Training,14,144,nao_usado_training
Training,14,286,nao_usado_training
Training,14,266,nao_usado_training
Training,14,354,nao_usado_training
Training,14,290,nao_usado_training
Training,14,457,nao_usado_training
Training,14,189,nao_usado_training
Training,14,46,nao_usado_training
Training,14,263,nao_usado_training
Training,14,118,nao_usado_training
Training,14,200,nao_usado_training
Training,14,301,nao_usado_training
Training,14,429,nao_usado_training
Training,14,49,nao_usado_training
Training,14,297,nao_usado_training
Training,14,184,nao_usado_training
Training,14,177,nao_usado_training
Training,14,76,nao_usado_training
Training,14,426,nao_usado_training
Training,14,275,nao_usado_training
Training,14,131,nao_usado_training
Training,14,481,nao_usado_training
Training,14,92,nao_usado_training
Training,14,174,nao_usado_training
Training,14,493,nao_usado_training
Training,14,419,nao_usado_training
Training,14,217,nao_usado_training
Training,14,495,nao_usado_training
Training,14,19,nao_usado_training
Training,14,247,nao_usado_training
Training,14,360,nao_usado_training
Training,14,371,nao_usado_training
Training,14,417,nao_usado_training
Training,14,205,nao_usado_training
Training,14,265,nao_usado_training
Training,14,479,nao_usado_training
Training,14,107,nao_usado_training
Training,14,47,nao_usado_training
Training,14,132,nao_usado_training
Training,14,223,nao_usado_training
Training,14,157,nao_usado_training
Training,14,14,nao_usado_training
Training,14,73,nao_usado_training
Training,14,17,nao_usado_training
Training,14,403,nao_usado_training
Training,14,449,nao_usado_training
Training,14,353,nao_usado_training
Training,14,212,nao_usado_training
Training,14,42,nao_usado_training
Training,14,274,nao_usado_training
Training,14,355,nao_usado_training
Training,14,152,nao_usado_training
Training,14,183,nao_usado_training
Training,14,149,nao_usado_training
Training,14,356,nao_usado_training
Training,14,496,nao_usado_training
Training,14,94,nao_usado_training
Training,14,306,nao_usado_training
Training,14,351,nao_usado_training
Training,14,487,nao_usado_training
Training,14,337,nao_usado_training
Training,14,324,nao_usado_training
Training,14,137,nao_usado_training
Training,14,318,nao_usado_training
Training,14,366,nao_usado_training
Training,14,313,nao_usado_training
Training,14,229,nao_usado_training
Training,14,216,nao_usado_training
Training,14,145,nao_usado_training
Training,14,384,nao_usado_training
Training,14,120,nao_usado_training
Training,14,344,nao_usado_training
Training,14,375,nao_usado_training
Training,14,166,nao_usado_training
Training,14,117,nao_usado_training
Training,14,176,nao_usado_training
Training,14,101,nao_usado_training
Training,14,25,nao_usado_training
Training,14,383,nao_usado_training
Training,14,203,nao_usado_training
Training,14,278,nao_usado_training
Training,14,215,nao_usado_training
Training,14,89,nao_usado_training
Training,14,271,nao_usado_training
Training,14,13,nao_usado_training
Training,14,199,nao_usado_training
Training,14,114,nao_usado_training
Training,14,292,nao_usado_training
Training,14,127,nao_usado_training
Training,14,430,nao_usado_training
Training,14,485,nao_usado_training
Training,14,320,nao_usado_training
Training,14,385,nao_usado_training
Training,14,284,nao_usado_training
Training,14,155,nao_usado_training
Training,14,62,nao_usado_training
Training,14,15,nao_usado_training
Training,14,405,nao_usado_training
Training,14,41,nao_usado_training
Training,14,422,nao_usado_training
Training,14,56,nao_usado_training
Training,14,204,nao_usado_training
Training,14,307,nao_usado_training
Training,14,170,nao_usado_training
Training,14,191,nao_usado_training
Training,14,115,nao_usado_training
Training,14,490,nao_usado_training
Training,14,412,nao_usado_training
Training,14,209,nao_usado_training
Training,14,126,nao_usado_training
Training,14,228,nao_usado_training
Training,14,158,nao_usado_training
Training,14,226,nao_usado_training
Training,14,90,nao_usado_training
Training,14,408,nao_usado_training
Training,14,467,nao_usado_training
Training,14,103,nao_usado_training
Training,14,6,nao_usado_training
Training,14,224,nao_usado_training
Training,14,180,nao_usado_training
Training,14,270,nao_usado_training
Training,14,498,nao_usado_training
Training,14,1,nao_usado_training
Training,14,105,nao_usado_training
Training,14,444,nao_usado_training
Training,14,43,nao_usado_training
Training,14,82,nao_usado_training
Training,14,287,nao_usado_training
Training,14,32,nao_usado_training
Training,14,314,nao_usado_training
Training,14,3,nao_usado_training
Training,14,71,nao_usado_training
Training,14,151,nao_usado_training
Training,14,411,nao_usado_training
Training,14,169,nao_usado_training
Training,14,427,nao_usado_training
Training,14,34,nao_usado_training
Training,14,420,nao_usado_training
Training,14,343,nao_usado_training
Training,14,67,nao_usado_training
Training,14,79,nao_usado_training
Training,14,35,nao_usado_training
Training,14,154,nao_usado_training
Training,14,413,nao_usado_training
Training,14,334,nao_usado_training
Training,14,208,nao_usado_training
Training,14,119,nao_usado_training
Training,14,294,nao_usado_training
Training,14,87,nao_usado_training
Training,14,494,nao_usado_training
Training,14,439,nao_usado_training
Training,14,378,nao_usado_training
Training,14,436,nao_usado_training
Training,14,130,nao_usado_training
Training,14,317,nao_usado_training
Training,14,69,nao_usado_training
Training,14,185,nao_usado_training
Training,14,219,nao_usado_training
Training,14,489,nao_usado_training
Training,14,55,nao_usado_training
Training,14,109,nao_usado_training
Training,14,36,nao_usado_training
Training,14,448,nao_usado_training
Training,14,282,nao_usado_training
Training,14,27,nao_usado_training
Training,14,44,nao_usado_training
Training,14,478,nao_usado_training
Training,14,483,nao_usado_training
Training,14,410,nao_usado_training
Training,14,484,nao_usado_training
Training,14,279,nao_usado_training
Training,14,97,nao_usado_training
Training,14,45,nao_usado_training
Training,14,390,nao_usado_training
Training,14,402,nao_usado_training
Training,14,211,nao_usado_training
Training,14,198,nao_usado_training
Training,14,58,nao_usado_training
Training,14,239,nao_usado_training
Training,14,438,nao_usado_training
Training,14,129,nao_usado_training
Training,14,340,nao_usado_training
Training,14,361,nao_usado_training
Training,14,288,nao_usado_training
Training,14,150,nao_usado_training
Training,14,326,nao_usado_training
Training,14,140,nao_usado_training
Training,14,81,nao_usado_training
Training,14,125,nao_usado_training
Training,14,434,nao_usado_training
Training,14,10,nao_usado_training
Training,14,2,nao_usado_training
Training,14,147,nao_usado_training
Training,14,96,nao_usado_training
Training,14,480,nao_usado_training
Training,14,16,nao_usado_training
Training,14,78,nao_usado_training
Training,14,206,nao_usado_training
Training,14,452,nao_usado_training
Training,14,302,nao_usado_training
Training,14,162,nao_usado_training
Training,14,335,nao_usado_training
Training,14,108,nao_usado_training
Training,14,327,nao_usado_training
Training,14,181,nao_usado_training
Training,14,428,nao_usado_training
Training,14,391,nao_usado_training
Training,14,23,nao_usado_training
Training,14,187,nao_usado_training
Training,14,377,nao_usado_training
Training,14,273,nao_usado_training
Training,14,171,nao_usado_training
Training,14,192,nao_usado_training
Training,14,74,nao_usado_training
Training,14,100,nao_usado_training
Training,14,65,nao_usado_training
Training,14,476,nao_usado_training
Training,14,336,nao_usado_training
Training,14,26,nao_usado_training
Training,14,168,nao_usado_training
Training,14,54,nao_usado_training
Training,14,61,nao_usado_training
Training,14,379,nao_usado_training
Training,14,492,nao_usado_training
Training,15,381,treino
Training,15,417,treino
Training,15,303,treino
Training,15,274,treino
Training,15,268,treino
Training,15,363,treino
Training,15,245,treino
Training,15,267,treino
Training,15,110,treino
Training,15,422,treino
Training,15,317,treino
Training,15,119,treino
Training,15,164,treino
Training,15,8,treino
Training,15,64,treino
Training,15,278,treino
Training,15,482,treino
Training,15,107,treino
Training,15,275,treino
Training,15,414,treino
Training,15,402,treino
Training,15,223,treino
Training,15,113,treino
Training,15,217,treino
Training,15,140,treino
Training,15,398,treino
Training,15,342,treino
Training,15,370,treino
Training,15,149,treino
Training,15,451,treino
Training,15,411,treino
Training,15,22,treino
Training,15,449,treino
Training,15,359,treino
Training,15,250,treino
Training,15,348,treino
Training,15,192,treino
Training,15,280,treino
Training,15,53,treino
Training,15,399,treino
Training,15,464,treino
Training,15,436,treino
Training,15,139,treino
Training,15,203,treino
Training,15,361,treino
Training,15,46,treino
Training,15,253,treino
Training,15,318,treino
Training,15,142,treino
Training,15,243,treino
Training,15,457,treino
Training,15,31,treino
Training,15,60,treino
Training,15,498,treino
Training,15,406,treino
Training,15,427,treino
Training,15,466,treino
Training,15,306,treino
Training,15,229,treino
Training,15,469,treino
Training,15,429,treino
Training,15,314,treino
Training,15,136,treino
Training,15,126,treino
Training,15,24,treino
Training,15,227,treino
Training,15,431,treino
Training,15,6,treino
Training,15,52,treino
Training,15,208,treino
Training,15,157,treino
Training,15,130,treino
Training,15,364,treino
Training,15,13,treino
Training,15,202,treino
Training,15,372,treino
Training,15,332,treino
Training,15,323,treino
Training,15,383,treino
Training,15,91,treino
Training,15,433,treino
Training,15,3,treino
Training,15,225,treino
Training,15,160,treino
Training,15,111,treino
Training,15,339,treino
Training,15,279,treino
Training,15,176,treino
Training,15,310,treino
Training,15,437,treino
Training,15,345,treino
Training,15,479,treino
Training,15,326,treino
Training,15,70,treino
Training,15,291,treino
Training,15,331,treino
Training,15,41,treino
Training,15,190,treino
Training,15,134,treino
Training,15,456,treino
Training,15,270,validacao
Training,15,94,validacao
Training,15,122,validacao
Training,15,390,validacao
Training,15,209,validacao
Training,15,138,validacao
Training,15,387,validacao
Training,15,211,validacao
Training,15,102,validacao
Training,15,335,validacao
Training,15,50,validacao
Training,15,259,validacao
Training,15,241,validacao
Training,15,407,validacao
Training,15,447,validacao
Training,15,494,validacao
Training,15,472,validacao
Training,15,295,validacao
Training,15,352,validacao
Training,15,89,validacao
Training,15,302,validacao
Training,15,264,validacao
Training,15,376,validacao
Training,15,222,validacao
Training,15,133,validacao
Training,15,125,validacao
Training,15,462,validacao
Training,15,328,validacao
Training,15,163,validacao
Training,15,379,validacao
Training,15,137,validacao
Training,15,35,validacao
Training,15,38,validacao
Training,15,257,validacao
Training,15,54,validacao
Training,15,72,validacao
Training,15,499,validacao
Training,15,340,validacao
Training,15,155,validacao
Training,15,440,validacao
Training,15,86,validacao
Training,15,315,validacao
Training,15,408,validacao
Training,15,96,validacao
Training,15,385,validacao
Training,15,438,validacao
Training,15,47,validacao
Training,15,285,validacao
Training,15,162,validacao
Training,15,154,validacao
Training,15,453,nao_usado_training
Training,15,489,nao_usado_training
Training,15,313,nao_usado_training
Training,15,350,nao_usado_training
Training,15,290,nao_usado_training
Training,15,283,nao_usado_training
Training,15,316,nao_usado_training
Training,15,15,nao_usado_training
Training,15,371,nao_usado_training
Training,15,480,nao_usado_training
Training,15,79,nao_usado_training
Training,15,129,nao_usado_training
Training,15,23,nao_usado_training
Training,15,413,nao_usado_training
Training,15,488,nao_usado_training
Training,15,277,nao_usado_training
Training,15,187,nao_usado_training
Training,15,419,nao_usado_training
Training,15,235,nao_usado_training
Training,15,405,nao_usado_training
Training,15,392,nao_usado_training
Training,15,14,nao_usado_training
Training,15,152,nao_usado_training
Training,15,327,nao_usado_training
Training,15,29,nao_usado_training
Training,15,158,nao_usado_training
Training,15,224,nao_usado_training
Training,15,338,nao_usado_training
Training,15,173,nao_usado_training
Training,15,481,nao_usado_training
Training,15,36,nao_usado_training
Training,15,39,nao_usado_training
Training,15,298,nao_usado_training
Training,15,210,nao_usado_training
Training,15,378,nao_usado_training
Training,15,272,nao_usado_training
Training,15,319,nao_usado_training
Training,15,487,nao_usado_training
Training,15,100,nao_usado_training
Training,15,269,nao_usado_training
Training,15,288,nao_usado_training
Training,15,2,nao_usado_training
Training,15,442,nao_usado_training
Training,15,320,nao_usado_training
Training,15,17,nao_usado_training
Training,15,73,nao_usado_training
Training,15,20,nao_usado_training
Training,15,337,nao_usado_training
Training,15,394,nao_usado_training
Training,15,287,nao_usado_training
Training,15,191,nao_usado_training
Training,15,118,nao_usado_training
Training,15,135,nao_usado_training
Training,15,233,nao_usado_training
Training,15,66,nao_usado_training
Training,15,81,nao_usado_training
Training,15,201,nao_usado_training
Training,15,87,nao_usado_training
Training,15,205,nao_usado_training
Training,15,293,nao_usado_training
Training,15,115,nao_usado_training
Training,15,236,nao_usado_training
Training,15,112,nao_usado_training
Training,15,183,nao_usado_training
Training,15,184,nao_usado_training
Training,15,276,nao_usado_training
Training,15,418,nao_usado_training
Training,15,109,nao_usado_training
Training,15,172,nao_usado_training
Training,15,180,nao_usado_training
Training,15,212,nao_usado_training
Training,15,289,nao_usado_training
Training,15,252,nao_usado_training
Training,15,153,nao_usado_training
Training,15,67,nao_usado_training
Training,15,463,nao_usado_training
Training,15,475,nao_usado_training
Training,15,346,nao_usado_training
Training,15,131,nao_usado_training
Training,15,490,nao_usado_training
Training,15,262,nao_usado_training
Training,15,415,nao_usado_training
Training,15,296,nao_usado_training
Training,15,93,nao_usado_training
Training,15,57,nao_usado_training
Training,15,454,nao_usado_training
Training,15,175,nao_usado_training
Training,15,18,nao_usado_training
Training,15,483,nao_usado_training
Training,15,120,nao_usado_training
Training,15,477,nao_usado_training
Training,15,304,nao_usado_training
Training,15,25,nao_usado_training
Training,15,382,nao_usado_training
Training,15,230,nao_usado_training
Training,15,148,nao_usado_training
Training,15,495,nao_usado_training
Training,15,334,nao_usado_training
Training,15,238,nao_usado_training
Training,15,426,nao_usado_training
Training,15,322,nao_usado_training
Training,15,465,nao_usado_training
Training,15,375,nao_usado_training
Training,15,21,nao_usado_training
Training,15,441,nao_usado_training
Training,15,369,nao_usado_training
Training,15,478,nao_usado_training
Training,15,95,nao_usado_training
Training,15,450,nao_usado_training
Training,15,43,nao_usado_training
Training,15,384,nao_usado_training
Training,15,97,nao_usado_training
Training,15,141,nao_usado_training
Training,15,161,nao_usado_training
Training,15,147,nao_usado_training
Training,15,367,nao_usado_training
Training,15,389,nao_usado_training
Training,15,386,nao_usado_training
Training,15,297,nao_usado_training
Training,15,321,nao_usado_training
Training,15,404,nao_usado_training
Training,15,354,nao_usado_training
Training,15,301,nao_usado_training
Training,15,265,nao_usado_training
Training,15,428,nao_usado_training
Training,15,213,nao_usado_training
Training,15,30,nao_usado_training
Training,15,85,nao_usado_training
Training,15,403,nao_usado_training
Training,15,286,nao_usado_training
Training,15,92,nao_usado_training
Training,15,193,nao_usado_training
Training,15,179,nao_usado_training
Training,15,128,nao_usado_training
Training,15,380,nao_usado_training
Training,15,231,nao_usado_training
Training,15,401,nao_usado_training
Training,15,266,nao_usado_training
Training,15,55,nao_usado_training
Training,15,194,nao_usado_training
Training,15,34,nao_usado_training
Training,15,434,nao_usado_training
Training,15,117,nao_usado_training
Training,15,249,nao_usado_training
Training,15,7,nao_usado_training
Training,15,19,nao_usado_training
Training,15,62,nao_usado_training
Training,15,206,nao_usado_training
Training,15,45,nao_usado_training
Training,15,37,nao_usado_training
Training,15,145,nao_usado_training
Training,15,165,nao_usado_training
Training,15,486,nao_usado_training
Training,15,500,nao_usado_training
Training,15,439,nao_usado_training
Training,15,360,nao_usado_training
Training,15,84,nao_usado_training
Training,15,343,nao_usado_training
Training,15,186,nao_usado_training
Training,15,44,nao_usado_training
Training,15,196,nao_usado_training
Training,15,311,nao_usado_training
Training,15,356,nao_usado_training
Training,15,305,nao_usado_training
Training,15,124,nao_usado_training
Training,15,242,nao_usado_training
Training,15,114,nao_usado_training
Training,15,214,nao_usado_training
Training,15,195,nao_usado_training
Training,15,27,nao_usado_training
Training,15,185,nao_usado_training
Training,15,80,nao_usado_training
Training,15,177,nao_usado_training
Training,15,216,nao_usado_training
Training,15,373,nao_usado_training
Training,15,299,nao_usado_training
Training,15,51,nao_usado_training
Training,15,48,nao_usado_training
Training,15,168,nao_usado_training
Training,15,239,nao_usado_training
Training,15,247,nao_usado_training
Training,15,232,nao_usado_training
Training,15,444,nao_usado_training
Training,15,374,nao_usado_training
Training,15,199,nao_usado_training
Training,15,400,nao_usado_training
Training,15,59,nao_usado_training
Training,15,132,nao_usado_training
Training,15,150,nao_usado_training
Training,15,294,nao_usado_training
Training,15,49,nao_usado_training
Training,15,425,nao_usado_training
Training,15,246,nao_usado_training
Training,15,358,nao_usado_training
Training,15,174,nao_usado_training
Training,15,344,nao_usado_training
Training,15,347,nao_usado_training
Training,15,251,nao_usado_training
Training,15,273,nao_usado_training
Training,15,218,nao_usado_training
Training,15,167,nao_usado_training
Training,15,1,nao_usado_training
Training,15,234,nao_usado_training
Training,15,69,nao_usado_training
Training,15,116,nao_usado_training
Training,15,76,nao_usado_training
Training,15,452,nao_usado_training
Training,15,170,nao_usado_training
Training,15,28,nao_usado_training
Training,15,207,nao_usado_training
Training,15,435,nao_usado_training
Training,15,349,nao_usado_training
Training,15,260,nao_usado_training
Training,15,395,nao_usado_training
Training,15,410,nao_usado_training
Training,15,121,nao_usado_training
Training,15,63,nao_usado_training
Training,15,146,nao_usado_training
Training,15,430,nao_usado_training
Training,15,61,nao_usado_training
Training,15,420,nao_usado_training
Training,15,393,nao_usado_training
Training,15,98,nao_usado_training
Training,15,215,nao_usado_training
Training,15,281,nao_usado_training
Training,15,292,nao_usado_training
Training,15,432,nao_usado_training
Training,15,351,nao_usado_training
Training,15,4,nao_usado_training
Training,15,10,nao_usado_training
Training,15,491,nao_usado_training
Training,15,461,nao_usado_training
Training,15,83,nao_usado_training
Training,15,448,nao_usado_training
Training,15,261,nao_usado_training
Training,15,166,nao_usado_training
Training,15,458,nao_usado_training
Training,15,377,nao_usado_training
Training,15,171,nao_usado_training
Training,15,74,nao_usado_training
Training,15,307,nao_usado_training
Training,15,423,nao_usado_training
Training,15,101,nao_usado_training
Training,15,200,nao_usado_training
Training,15,105,nao_usado_training
Training,15,56,nao_usado_training
Training,15,71,nao_usado_training
Training,15,33,nao_usado_training
Training,15,471,nao_usado_training
Training,15,324,nao_usado_training
Training,15,42,nao_usado_training
Training,15,75,nao_usado_training
Training,15,78,nao_usado_training
Training,15,58,nao_usado_training
Training,15,368,nao_usado_training
Training,15,365,nao_usado_training
Training,15,106,nao_usado_training
Training,15,103,nao_usado_training
Training,15,473,nao_usado_training
Training,15,226,nao_usado_training
Training,15,496,nao_usado_training
Training,15,197,nao_usado_training
Training,15,99,nao_usado_training
Training,15,312,nao_usado_training
Training,15,284,nao_usado_training
Training,15,182,nao_usado_training
Training,15,244,nao_usado_training
Training,15,325,nao_usado_training
Training,15,12,nao_usado_training
Training,15,9,nao_usado_training
Training,15,220,nao_usado_training
Training,15,353,nao_usado_training
Training,15,256,nao_usado_training
Training,15,357,nao_usado_training
Training,15,90,nao_usado_training
Training,15,396,nao_usado_training
Training,15,300,nao_usado_training
Training,15,409,nao_usado_training
Training,15,467,nao_usado_training
Training,15,309,nao_usado_training
Training,15,159,nao_usado_training
Training,15,336,nao_usado_training
Training,15,104,nao_usado_training
Training,15,68,nao_usado_training
Training,15,476,nao_usado_training
Training,15,189,nao_usado_training
Training,15,144,nao_usado_training
Training,15,123,nao_usado_training
Training,15,446,nao_usado_training
Training,15,484,nao_usado_training
Training,15,219,nao_usado_training
Training,15,443,nao_usado_training
Training,15,237,nao_usado_training
Training,15,455,nao_usado_training
Training,15,221,nao_usado_training
Training,15,492,nao_usado_training
Training,15,421,nao_usado_training
Training,15,445,nao_usado_training
Training,15,26,nao_usado_training
Training,15,108,nao_usado_training
Training,15,11,nao_usado_training
Training,15,388,nao_usado_training
Training,15,65,nao_usado_training
Training,15,198,nao_usado_training
Training,15,341,nao_usado_training
Training,15,228,nao_usado_training
Training,15,240,nao_usado_training
Training,15,468,nao_usado_training
Training,15,255,nao_usado_training
Training,15,355,nao_usado_training
Training,15,416,nao_usado_training
Training,15,412,nao_usado_training
Training,15,40,nao_usado_training
Training,15,263,nao_usado_training
Training,15,493,nao_usado_training
Training,15,248,nao_usado_training
Training,15,362,nao_usado_training
Training,15,143,nao_usado_training
Training,15,178,nao_usado_training
Training,15,366,nao_usado_training
Training,15,181,nao_usado_training
Training,15,169,nao_usado_training
Training,15,333,nao_usado_training
Training,15,308,nao_usado_training
Training,15,330,nao_usado_training
Training,15,459,nao_usado_training
Training,15,5,nao_usado_training
Training,15,397,nao_usado_training
Training,15,271,nao_usado_training
Training,15,32,nao_usado_training
Training,15,329,nao_usado_training
Training,15,188,nao_usado_training
Training,15,254,nao_usado_training
Training,15,424,nao_usado_training
Training,15,151,nao_usado_training
Training,15,16,nao_usado_training
Training,15,204,nao_usado_training
Training,15,88,nao_usado_training
Training,15,474,nao_usado_training
Training,15,282,nao_usado_training
Training,15,391,nao_usado_training
Training,15,497,nao_usado_training
Training,15,127,nao_usado_training
Training,15,258,nao_usado_training
Training,15,460,nao_usado_training
Training,15,470,nao_usado_training
Training,15,485,nao_usado_training
Training,15,77,nao_usado_training
Training,15,82,nao_usado_training
Training,15,156,nao_usado_training
Training,16,71,treino
Training,16,495,treino
Training,16,354,treino
Training,16,288,treino
Training,16,27,treino
Training,16,19,treino
Training,16,95,treino
Training,16,40,treino
Training,16,305,treino
Training,16,333,treino
Training,16,168,treino
Training,16,345,treino
Training,16,198,treino
Training,16,400,treino
Training,16,253,treino
Training,16,459,treino
Training,16,272,treino
Training,16,34,treino
Training,16,377,treino
Training,16,355,treino
Training,16,388,treino
Training,16,152,treino
Training,16,142,treino
Training,16,423,treino
Training,16,414,treino
Training,16,406,treino
Training,16,399,treino
Training,16,296,treino
Training,16,122,treino
Training,16,449,treino
Training,16,332,treino
Training,16,60,treino
Training,16,469,treino
Training,16,408,treino
Training,16,110,treino
Training,16,393,treino
Training,16,287,treino
Training,16,167,treino
Training,16,461,treino
Training,16,113,treino
Training,16,139,treino
Training,16,244,treino
Training,16,23,treino
Training,16,175,treino
Training,16,463,treino
Training,16,318,treino
Training,16,323,treino
Training,16,96,treino
Training,16,143,treino
Training,16,233,treino
Training,16,363,treino
Training,16,131,treino
Training,16,367,treino
Training,16,304,treino
Training,16,61,treino
Training,16,228,treino
Training,16,63,treino
Training,16,415,treino
Training,16,120,treino
Training,16,50,treino
Training,16,173,treino
Training,16,458,treino
Training,16,368,treino
Training,16,438,treino
Training,16,346,treino
Training,16,336,treino
Training,16,410,treino
Training,16,412,treino
Training,16,229,treino
Training,16,86,treino
Training,16,8,treino
Training,16,360,treino
Training,16,450,treino
Training,16,157,treino
Training,16,88,treino
Training,16,134,treino
Training,16,183,treino
Training,16,419,treino
Training,16,357,treino
Training,16,383,treino
Training,16,496,treino
Training,16,195,treino
Training,16,121,treino
Training,16,201,treino
Training,16,140,treino
Training,16,319,treino
Training,16,108,treino
Training,16,118,treino
Training,16,418,treino
Training,16,417,treino
Training,16,466,treino
Training,16,424,treino
Training,16,483,treino
Training,16,386,treino
Training,16,211,treino
Training,16,268,treino
Training,16,78,treino
Training,16,240,treino
Training,16,57,treino
Training,16,62,treino
Training,16,492,validacao
Training,16,18,validacao
Training,16,104,validacao
Training,16,151,validacao
Training,16,33,validacao
Training,16,457,validacao
Training,16,9,validacao
Training,16,213,validacao
Training,16,227,validacao
Training,16,286,validacao
Training,16,185,validacao
Training,16,205,validacao
Training,16,74,validacao
Training,16,180,validacao
Training,16,106,validacao
Training,16,81,validacao
Training,16,5,validacao
Training,16,445,validacao
Training,16,124,validacao
Training,16,119,validacao
Training,16,284,validacao
Training,16,194,validacao
Training,16,471,validacao
Training,16,12,validacao
Training,16,4,validacao
Training,16,313,validacao
Training,16,331,validacao
Training,16,137,validacao
Training,16,329,validacao
Training,16,309,validacao
Training,16,136,validacao
Training,16,306,validacao
Training,16,364,validacao
Training,16,321,validacao
Training,16,197,validacao
Training,16,401,validacao
Training,16,294,validacao
Training,16,275,validacao
Training,16,267,validacao
Training,16,435,validacao
Training,16,17,validacao
Training,16,343,validacao
Training,16,448,validacao
Training,16,172,validacao
Training,16,277,validacao
Training,16,196,validacao
Training,16,324,validacao
Training,16,307,validacao
Training,16,44,validacao
Training,16,452,validacao
Training,16,158,nao_usado_training
Training,16,308,nao_usado_training
Training,16,486,nao_usado_training
Training,16,425,nao_usado_training
Training,16,146,nao_usado_training
Training,16,171,nao_usado_training
Training,16,206,nao_usado_training
Training,16,100,nao_usado_training
Training,16,190,nao_usado_training
Training,16,476,nao_usado_training
Training,16,109,nao_usado_training
Training,16,107,nao_usado_training
Training,16,22,nao_usado_training
Training,16,356,nao_usado_training
Training,16,405,nao_usado_training
Training,16,251,nao_usado_training
Training,16,439,nao_usado_training
Training,16,83,nao_usado_training
Training,16,256,nao_usado_training
Training,16,440,nao_usado_training
Training,16,36,nao_usado_training
Training,16,54,nao_usado_training
Training,16,30,nao_usado_training
Training,16,245,nao_usado_training
Training,16,444,nao_usado_training
Training,16,56,nao_usado_training
Training,16,1,nao_usado_training
Training,16,283,nao_usado_training
Training,16,219,nao_usado_training
Training,16,32,nao_usado_training
Training,16,270,nao_usado_training
Training,16,446,nao_usado_training
Training,16,480,nao_usado_training
Training,16,132,nao_usado_training
Training,16,160,nao_usado_training
Training,16,127,nao_usado_training
Training,16,456,nao_usado_training
Training,16,339,nao_usado_training
Training,16,433,nao_usado_training
Training,16,101,nao_usado_training
Training,16,161,nao_usado_training
Training,16,334,nao_usado_training
Training,16,342,nao_usado_training
Training,16,404,nao_usado_training
Training,16,234,nao_usado_training
Training,16,481,nao_usado_training
Training,16,337,nao_usado_training
Training,16,178,nao_usado_training
Training,16,41,nao_usado_training
Training,16,247,nao_usado_training
Training,16,413,nao_usado_training
Training,16,437,nao_usado_training
Training,16,141,nao_usado_training
Training,16,353,nao_usado_training
Training,16,359,nao_usado_training
Training,16,68,nao_usado_training
Training,16,115,nao_usado_training
Training,16,436,nao_usado_training
Training,16,420,nao_usado_training
Training,16,380,nao_usado_training
Training,16,15,nao_usado_training
Training,16,341,nao_usado_training
Training,16,207,nao_usado_training
Training,16,263,nao_usado_training
Training,16,241,nao_usado_training
Training,16,59,nao_usado_training
Training,16,428,nao_usado_training
Training,16,322,nao_usado_training
Training,16,28,nao_usado_training
Training,16,442,nao_usado_training
Training,16,35,nao_usado_training
Training,16,202,nao_usado_training
Training,16,246,nao_usado_training
Training,16,242,nao_usado_training
Training,16,77,nao_usado_training
Training,16,295,nao_usado_training
Training,16,470,nao_usado_training
Training,16,192,nao_usado_training
Training,16,460,nao_usado_training
Training,16,279,nao_usado_training
Training,16,488,nao_usado_training
Training,16,55,nao_usado_training
Training,16,467,nao_usado_training
Training,16,384,nao_usado_training
Training,16,105,nao_usado_training
Training,16,222,nao_usado_training
Training,16,487,nao_usado_training
Training,16,493,nao_usado_training
Training,16,427,nao_usado_training
Training,16,266,nao_usado_training
Training,16,209,nao_usado_training
Training,16,365,nao_usado_training
Training,16,65,nao_usado_training
Training,16,212,nao_usado_training
Training,16,112,nao_usado_training
Training,16,24,nao_usado_training
Training,16,361,nao_usado_training
Training,16,411,nao_usado_training
Training,16,290,nao_usado_training
Training,16,150,nao_usado_training
Training,16,204,nao_usado_training
Training,16,422,nao_usado_training
Training,16,298,nao_usado_training
Training,16,431,nao_usado_training
Training,16,250,nao_usado_training
Training,16,269,nao_usado_training
Training,16,371,nao_usado_training
Training,16,398,nao_usado_training
Training,16,262,nao_usado_training
Training,16,6,nao_usado_training
Training,16,491,nao_usado_training
Training,16,389,nao_usado_training
Training,16,390,nao_usado_training
Training,16,153,nao_usado_training
Training,16,430,nao_usado_training
Training,16,129,nao_usado_training
Training,16,282,nao_usado_training
Training,16,25,nao_usado_training
Training,16,303,nao_usado_training
Training,16,344,nao_usado_training
Training,16,273,nao_usado_training
Training,16,135,nao_usado_training
Training,16,42,nao_usado_training
Training,16,221,nao_usado_training
Training,16,215,nao_usado_training
Training,16,220,nao_usado_training
Training,16,385,nao_usado_training
Training,16,316,nao_usado_training
Training,16,216,nao_usado_training
Training,16,370,nao_usado_training
Training,16,432,nao_usado_training
Training,16,73,nao_usado_training
Training,16,429,nao_usado_training
Training,16,14,nao_usado_training
Training,16,494,nao_usado_training
Training,16,317,nao_usado_training
Training,16,479,nao_usado_training
Training,16,299,nao_usado_training
Training,16,232,nao_usado_training
Training,16,37,nao_usado_training
Training,16,378,nao_usado_training
Training,16,292,nao_usado_training
Training,16,80,nao_usado_training
Training,16,285,nao_usado_training
Training,16,474,nao_usado_training
Training,16,94,nao_usado_training
Training,16,330,nao_usado_training
Training,16,352,nao_usado_training
Training,16,93,nao_usado_training
Training,16,249,nao_usado_training
Training,16,489,nao_usado_training
Training,16,302,nao_usado_training
Training,16,58,nao_usado_training
Training,16,312,nao_usado_training
Training,16,276,nao_usado_training
Training,16,248,nao_usado_training
Training,16,490,nao_usado_training
Training,16,376,nao_usado_training
Training,16,473,nao_usado_training
Training,16,497,nao_usado_training
Training,16,379,nao_usado_training
Training,16,264,nao_usado_training
Training,16,217,nao_usado_training
Training,16,174,nao_usado_training
Training,16,186,nao_usado_training
Training,16,90,nao_usado_training
Training,16,443,nao_usado_training
Training,16,155,nao_usado_training
Training,16,149,nao_usado_training
Training,16,235,nao_usado_training
Training,16,311,nao_usado_training
Training,16,208,nao_usado_training
Training,16,13,nao_usado_training
Training,16,403,nao_usado_training
Training,16,259,nao_usado_training
Training,16,328,nao_usado_training
Training,16,257,nao_usado_training
Training,16,144,nao_usado_training
Training,16,366,nao_usado_training
Training,16,271,nao_usado_training
Training,16,254,nao_usado_training
Training,16,261,nao_usado_training
Training,16,453,nao_usado_training
Training,16,26,nao_usado_training
Training,16,236,nao_usado_training
Training,16,255,nao_usado_training
Training,16,391,nao_usado_training
Training,16,348,nao_usado_training
Training,16,218,nao_usado_training
Training,16,177,nao_usado_training
Training,16,468,nao_usado_training
Training,16,451,nao_usado_training
Training,16,85,nao_usado_training
Training,16,455,nao_usado_training
Training,16,76,nao_usado_training
Training,16,482,nao_usado_training
Training,16,10,nao_usado_training
Training,16,475,nao_usado_training
Training,16,230,nao_usado_training
Training,16,188,nao_usado_training
Training,16,258,nao_usado_training
Training,16,265,nao_usado_training
Training,16,69,nao_usado_training
Training,16,126,nao_usado_training
Training,16,210,nao_usado_training
Training,16,51,nao_usado_training
Training,16,191,nao_usado_training
Training,16,84,nao_usado_training
Training,16,43,nao_usado_training
Training,16,281,nao_usado_training
Training,16,103,nao_usado_training
Training,16,159,nao_usado_training
Training,16,291,nao_usado_training
Training,16,99,nao_usado_training
Training,16,193,nao_usado_training
Training,16,477,nao_usado_training
Training,16,338,nao_usado_training
Training,16,111,nao_usado_training
Training,16,164,nao_usado_training
Training,16,465,nao_usado_training
Training,16,485,nao_usado_training
Training,16,46,nao_usado_training
Training,16,102,nao_usado_training
Training,16,223,nao_usado_training
Training,16,387,nao_usado_training
Training,16,21,nao_usado_training
Training,16,203,nao_usado_training
Training,16,426,nao_usado_training
Training,16,97,nao_usado_training
Training,16,500,nao_usado_training
Training,16,372,nao_usado_training
Training,16,29,nao_usado_training
Training,16,392,nao_usado_training
Training,16,3,nao_usado_training
Training,16,499,nao_usado_training
Training,16,260,nao_usado_training
Training,16,472,nao_usado_training
Training,16,179,nao_usado_training
Training,16,125,nao_usado_training
Training,16,182,nao_usado_training
Training,16,454,nao_usado_training
Training,16,64,nao_usado_training
Training,16,147,nao_usado_training
Training,16,351,nao_usado_training
Training,16,48,nao_usado_training
Training,16,154,nao_usado_training
Training,16,224,nao_usado_training
Training,16,402,nao_usado_training
Training,16,478,nao_usado_training
Training,16,38,nao_usado_training
Training,16,187,nao_usado_training
Training,16,53,nao_usado_training
Training,16,47,nao_usado_training
Training,16,7,nao_usado_training
Training,16,128,nao_usado_training
Training,16,314,nao_usado_training
Training,16,421,nao_usado_training
Training,16,347,nao_usado_training
Training,16,189,nao_usado_training
Training,16,280,nao_usado_training
Training,16,148,nao_usado_training
Training,16,301,nao_usado_training
Training,16,231,nao_usado_training
Training,16,181,nao_usado_training
Training,16,92,nao_usado_training
Training,16,375,nao_usado_training
Training,16,325,nao_usado_training
Training,16,315,nao_usado_training
Training,16,169,nao_usado_training
Training,16,397,nao_usado_training
Training,16,350,nao_usado_training
Training,16,2,nao_usado_training
Training,16,156,nao_usado_training
Training,16,98,nao_usado_training
Training,16,163,nao_usado_training
Training,16,358,nao_usado_training
Training,16,310,nao_usado_training
Training,16,16,nao_usado_training
Training,16,225,nao_usado_training
Training,16,87,nao_usado_training
Training,16,82,nao_usado_training
Training,16,300,nao_usado_training
Training,16,176,nao_usado_training
Training,16,123,nao_usado_training
Training,16,170,nao_usado_training
Training,16,79,nao_usado_training
Training,16,138,nao_usado_training
Training,16,320,nao_usado_training
Training,16,243,nao_usado_training
Training,16,293,nao_usado_training
Training,16,373,nao_usado_training
Training,16,374,nao_usado_training
Training,16,462,nao_usado_training
Training,16,274,nao_usado_training
Training,16,133,nao_usado_training
Training,16,239,nao_usado_training
Training,16,114,nao_usado_training
Training,16,278,nao_usado_training
Training,16,289,nao_usado_training
Training,16,52,nao_usado_training
Training,16,49,nao_usado_training
Training,16,165,nao_usado_training
Training,16,72,nao_usado_training
Training,16,349,nao_usado_training
Training,16,369,nao_usado_training
Training,16,252,nao_usado_training
Training,16,335,nao_usado_training
Training,16,89,nao_usado_training
Training,16,340,nao_usado_training
Training,16,214,nao_usado_training
Training,16,130,nao_usado_training
Training,16,166,nao_usado_training
Training,16,484,nao_usado_training
Training,16,238,nao_usado_training
Training,16,91,nao_usado_training
Training,16,407,nao_usado_training
Training,16,381,nao_usado_training
Training,16,326,nao_usado_training
Training,16,395,nao_usado_training
Training,16,45,nao_usado_training
Training,16,145,nao_usado_training
Training,16,39,nao_usado_training
Training,16,199,nao_usado_training
Training,16,396,nao_usado_training
Training,16,409,nao_usado_training
Training,16,464,nao_usado_training
Training,16,434,nao_usado_training
Training,16,226,nao_usado_training
Training,16,441,nao_usado_training
Training,16,20,nao_usado_training
Training,16,416,nao_usado_training
Training,16,447,nao_usado_training
Training,16,297,nao_usado_training
Training,16,70,nao_usado_training
Training,16,66,nao_usado_training
Training,16,498,nao_usado_training
Training,16,237,nao_usado_training
Training,16,75,nao_usado_training
Training,16,31,nao_usado_training
Training,16,200,nao_usado_training
Training,16,67,nao_usado_training
Training,16,162,nao_usado_training
Training,16,116,nao_usado_training
Training,16,362,nao_usado_training
Training,16,394,nao_usado_training
Training,16,184,nao_usado_training
Training,16,117,nao_usado_training
Training,16,327,nao_usado_training
Training,16,382,nao_usado_training
Training,16,11,nao_usado_training
Training,17,201,treino
Training,17,345,treino
Training,17,347,treino
Training,17,179,treino
Training,17,287,treino
Training,17,199,treino
Training,17,111,treino
Training,17,396,treino
Training,17,239,treino
Training,17,171,treino
Training,17,371,treino
Training,17,395,treino
Training,17,162,treino
Training,17,228,treino
Training,17,359,treino
Training,17,476,treino
Training,17,118,treino
Training,17,385,treino
Training,17,429,treino
Training,17,428,treino
Training,17,164,treino
Training,17,156,treino
Training,17,378,treino
Training,17,62,treino
Training,17,495,treino
Training,17,356,treino
Training,17,78,treino
Training,17,405,treino
Training,17,126,treino
Training,17,338,treino
Training,17,68,treino
Training,17,467,treino
Training,17,6,treino
Training,17,462,treino
Training,17,155,treino
Training,17,499,treino
Training,17,187,treino
Training,17,319,treino
Training,17,436,treino
Training,17,95,treino
Training,17,393,treino
Training,17,119,treino
Training,17,102,treino
Training,17,263,treino
Training,17,65,treino
Training,17,238,treino
Training,17,5,treino
Training,17,268,treino
Training,17,439,treino
Training,17,355,treino
Training,17,366,treino
Training,17,346,treino
Training,17,389,treino
Training,17,320,treino
Training,17,446,treino
Training,17,300,treino
Training,17,260,treino
Training,17,311,treino
Training,17,96,treino
Training,17,10,treino
Training,17,159,treino
Training,17,288,treino
Training,17,388,treino
Training,17,71,treino
Training,17,81,treino
Training,17,56,treino
Training,17,245,treino
Training,17,240,treino
Training,17,67,treino
Training,17,108,treino
Training,17,189,treino
Training,17,351,treino
Training,17,482,treino
Training,17,312,treino
Training,17,218,treino
Training,17,125,treino
Training,17,132,treino
Training,17,196,treino
Training,17,8,treino
Training,17,336,treino
Training,17,315,treino
Training,17,75,treino
Training,17,309,treino
Training,17,257,treino
Training,17,277,treino
Training,17,421,treino
Training,17,292,treino
Training,17,427,treino
Training,17,492,treino
Training,17,407,treino
Training,17,284,treino
Training,17,123,treino
Training,17,136,treino
Training,17,206,treino
Training,17,124,treino
Training,17,43,treino
Training,17,259,treino
Training,17,463,treino
Training,17,473,treino
Training,17,280,treino
Training,17,324,validacao
Training,17,266,validacao
Training,17,100,validacao
Training,17,147,validacao
Training,17,219,validacao
Training,17,138,validacao
Training,17,469,validacao
Training,17,285,validacao
Training,17,442,validacao
Training,17,397,validacao
Training,17,409,validacao
Training,17,53,validacao
Training,17,494,validacao
Training,17,472,validacao
Training,17,86,validacao
Training,17,458,validacao
Training,17,54,validacao
Training,17,480,validacao
Training,17,415,validacao
Training,17,339,validacao
Training,17,298,validacao
Training,17,391,validacao
Training,17,271,validacao
Training,17,37,validacao
Training,17,317,validacao
Training,17,110,validacao
Training,17,82,validacao
Training,17,250,validacao
Training,17,157,validacao
Training,17,485,validacao
Training,17,223,validacao
Training,17,377,validacao
Training,17,221,validacao
Training,17,194,validacao
Training,17,419,validacao
Training,17,209,validacao
Training,17,59,validacao
Training,17,290,validacao
Training,17,122,validacao
Training,17,426,validacao
Training,17,274,validacao
Training,17,468,validacao
Training,17,45,validacao
Training,17,307,validacao
Training,17,270,validacao
Training,17,254,validacao
Training,17,191,validacao
Training,17,3,validacao
Training,17,61,validacao
Training,17,364,validacao
Training,17,237,nao_usado_training
Training,17,66,nao_usado_training
Training,17,487,nao_usado_training
Training,17,435,nao_usado_training
Training,17,423,nao_usado_training
Training,17,41,nao_usado_training
Training,17,32,nao_usado_training
Training,17,341,nao_usado_training
Training,17,202,nao_usado_training
Training,17,35,nao_usado_training
Training,17,360,nao_usado_training
Training,17,163,nao_usado_training
Training,17,479,nao_usado_training
Training,17,217,nao_usado_training
Training,17,80,nao_usado_training
Training,17,113,nao_usado_training
Training,17,498,nao_usado_training
Training,17,433,nao_usado_training
Training,17,365,nao_usado_training
Training,17,464,nao_usado_training
Training,17,301,nao_usado_training
Training,17,88,nao_usado_training
Training,17,222,nao_usado_training
Training,17,203,nao_usado_training
Training,17,84,nao_usado_training
Training,17,383,nao_usado_training
Training,17,318,nao_usado_training
Training,17,379,nao_usado_training
Training,17,410,nao_usado_training
Training,17,193,nao_usado_training
Training,17,350,nao_usado_training
Training,17,182,nao_usado_training
Training,17,340,nao_usado_training
Training,17,337,nao_usado_training
Training,17,73,nao_usado_training
Training,17,438,nao_usado_training
Training,17,308,nao_usado_training
Training,17,496,nao_usado_training
Training,17,236,nao_usado_training
Training,17,184,nao_usado_training
Training,17,450,nao_usado_training
Training,17,181,nao_usado_training
Training,17,19,nao_usado_training
Training,17,303,nao_usado_training
Training,17,441,nao_usado_training
Training,17,93,nao_usado_training
Training,17,142,nao_usado_training
Training,17,471,nao_usado_training
Training,17,57,nao_usado_training
Training,17,23,nao_usado_training
Training,17,145,nao_usado_training
Training,17,342,nao_usado_training
Training,17,153,nao_usado_training
Training,17,33,nao_usado_training
Training,17,449,nao_usado_training
Training,17,390,nao_usado_training
Training,17,14,nao_usado_training
Training,17,400,nao_usado_training
Training,17,372,nao_usado_training
Training,17,382,nao_usado_training
Training,17,253,nao_usado_training
Training,17,55,nao_usado_training
Training,17,60,nao_usado_training
Training,17,197,nao_usado_training
Training,17,90,nao_usado_training
Training,17,4,nao_usado_training
Training,17,7,nao_usado_training
Training,17,430,nao_usado_training
Training,17,49,nao_usado_training
Training,17,361,nao_usado_training
Training,17,440,nao_usado_training
Training,17,74,nao_usado_training
Training,17,272,nao_usado_training
Training,17,343,nao_usado_training
Training,17,305,nao_usado_training
Training,17,265,nao_usado_training
Training,17,363,nao_usado_training
Training,17,36,nao_usado_training
Training,17,15,nao_usado_training
Training,17,392,nao_usado_training
Training,17,466,nao_usado_training
Training,17,77,nao_usado_training
Training,17,402,nao_usado_training
Training,17,128,nao_usado_training
Training,17,325,nao_usado_training
Training,17,483,nao_usado_training
Training,17,137,nao_usado_training
Training,17,172,nao_usado_training
Training,17,47,nao_usado_training
Training,17,112,nao_usado_training
Training,17,327,nao_usado_training
Training,17,224,nao_usado_training
Training,17,334,nao_usado_training
Training,17,403,nao_usado_training
Training,17,431,nao_usado_training
Training,17,234,nao_usado_training
Training,17,109,nao_usado_training
Training,17,493,nao_usado_training
Training,17,310,nao_usado_training
Training,17,116,nao_usado_training
Training,17,437,nao_usado_training
Training,17,460,nao_usado_training
Training,17,252,nao_usado_training
Training,17,212,nao_usado_training
Training,17,178,nao_usado_training
Training,17,358,nao_usado_training
Training,17,200,nao_usado_training
Training,17,296,nao_usado_training
Training,17,408,nao_usado_training
Training,17,399,nao_usado_training
Training,17,344,nao_usado_training
Training,17,175,nao_usado_training
Training,17,185,nao_usado_training
Training,17,432,nao_usado_training
Training,17,387,nao_usado_training
Training,17,295,nao_usado_training
Training,17,48,nao_usado_training
Training,17,13,nao_usado_training
Training,17,484,nao_usado_training
Training,17,1,nao_usado_training
Training,17,225,nao_usado_training
Training,17,465,nao_usado_training
Training,17,406,nao_usado_training
Training,17,368,nao_usado_training
Training,17,25,nao_usado_training
Training,17,148,nao_usado_training
Training,17,38,nao_usado_training
Training,17,497,nao_usado_training
Training,17,20,nao_usado_training
Training,17,180,nao_usado_training
Training,17,58,nao_usado_training
Training,17,21,nao_usado_training
Training,17,101,nao_usado_training
Training,17,2,nao_usado_training
Training,17,227,nao_usado_training
Training,17,474,nao_usado_training
Training,17,105,nao_usado_training
Training,17,357,nao_usado_training
Training,17,11,nao_usado_training
Training,17,332,nao_usado_training
Training,17,451,nao_usado_training
Training,17,488,nao_usado_training
Training,17,165,nao_usado_training
Training,17,349,nao_usado_training
Training,17,461,nao_usado_training
Training,17,443,nao_usado_training
Training,17,418,nao_usado_training
Training,17,456,nao_usado_training
Training,17,306,nao_usado_training
Training,17,267,nao_usado_training
Training,17,85,nao_usado_training
Training,17,69,nao_usado_training
Training,17,158,nao_usado_training
Training,17,335,nao_usado_training
Training,17,214,nao_usado_training
Training,17,302,nao_usado_training
Training,17,248,nao_usado_training
Training,17,204,nao_usado_training
Training,17,231,nao_usado_training
Training,17,76,nao_usado_training
Training,17,244,nao_usado_training
Training,17,168,nao_usado_training
Training,17,127,nao_usado_training
Training,17,17,nao_usado_training
Training,17,28,nao_usado_training
Training,17,44,nao_usado_training
Training,17,198,nao_usado_training
Training,17,283,nao_usado_training
Training,17,249,nao_usado_training
Training,17,149,nao_usado_training
Training,17,87,nao_usado_training
Training,17,294,nao_usado_training
Training,17,370,nao_usado_training
Training,17,321,nao_usado_training
Training,17,304,nao_usado_training
Training,17,486,nao_usado_training
Training,17,256,nao_usado_training
Training,17,195,nao_usado_training
Training,17,348,nao_usado_training
Training,17,470,nao_usado_training
Training,17,232,nao_usado_training
Training,17,31,nao_usado_training
Training,17,420,nao_usado_training
Training,17,322,nao_usado_training
Training,17,500,nao_usado_training
Training,17,152,nao_usado_training
Training,17,258,nao_usado_training
Training,17,243,nao_usado_training
Training,17,64,nao_usado_training
Training,17,160,nao_usado_training
Training,17,376,nao_usado_training
Training,17,414,nao_usado_training
Training,17,354,nao_usado_training
Training,17,299,nao_usado_training
Training,17,42,nao_usado_training
Training,17,316,nao_usado_training
Training,17,143,nao_usado_training
Training,17,362,nao_usado_training
Training,17,174,nao_usado_training
Training,17,314,nao_usado_training
Training,17,424,nao_usado_training
Training,17,404,nao_usado_training
Training,17,24,nao_usado_training
Training,17,208,nao_usado_training
Training,17,173,nao_usado_training
Training,17,293,nao_usado_training
Training,17,130,nao_usado_training
Training,17,297,nao_usado_training
Training,17,333,nao_usado_training
Training,17,455,nao_usado_training
Training,17,374,nao_usado_training
Training,17,29,nao_usado_training
Training,17,63,nao_usado_training
Training,17,92,nao_usado_training
Training,17,91,nao_usado_training
Training,17,129,nao_usado_training
Training,17,94,nao_usado_training
Training,17,121,nao_usado_training
Training,17,139,nao_usado_training
Training,17,375,nao_usado_training
Training,17,447,nao_usado_training
Training,17,489,nao_usado_training
Training,17,103,nao_usado_training
Training,17,210,nao_usado_training
Training,17,323,nao_usado_training
Training,17,192,nao_usado_training
Training,17,444,nao_usado_training
Training,17,326,nao_usado_training
Training,17,120,nao_usado_training
Training,17,131,nao_usado_training
Training,17,230,nao_usado_training
Training,17,291,nao_usado_training
Training,17,34,nao_usado_training
Training,17,416,nao_usado_training
Training,17,401,nao_usado_training
Training,17,226,nao_usado_training
Training,17,445,nao_usado_training
Training,17,425,nao_usado_training
Training,17,52,nao_usado_training
Training,17,79,nao_usado_training
Training,17,9,nao_usado_training
Training,17,251,nao_usado_training
Training,17,183,nao_usado_training
Training,17,394,nao_usado_training
Training,17,233,nao_usado_training
Training,17,213,nao_usado_training
Training,17,141,nao_usado_training
Training,17,89,nao_usado_training
Training,17,104,nao_usado_training
Training,17,151,nao_usado_training
Training,17,51,nao_usado_training
Training,17,278,nao_usado_training
Training,17,398,nao_usado_training
Training,17,99,nao_usado_training
Training,17,140,nao_usado_training
Training,17,457,nao_usado_training
Training,17,262,nao_usado_training
Training,17,246,nao_usado_training
Training,17,150,nao_usado_training
Training,17,70,nao_usado_training
Training,17,186,nao_usado_training
Training,17,247,nao_usado_training
Training,17,273,nao_usado_training
Training,17,330,nao_usado_training
Training,17,454,nao_usado_training
Training,17,477,nao_usado_training
Training,17,146,nao_usado_training
Training,17,216,nao_usado_training
Training,17,452,nao_usado_training
Training,17,166,nao_usado_training
Training,17,50,nao_usado_training
Training,17,46,nao_usado_training
Training,17,134,nao_usado_training
Training,17,369,nao_usado_training
Training,17,386,nao_usado_training
Training,17,422,nao_usado_training
Training,17,241,nao_usado_training
Training,17,176,nao_usado_training
Training,17,154,nao_usado_training
Training,17,417,nao_usado_training
Training,17,39,nao_usado_training
Training,17,205,nao_usado_training
Training,17,144,nao_usado_training
Training,17,448,nao_usado_training
Training,17,286,nao_usado_training
Training,17,117,nao_usado_training
Training,17,242,nao_usado_training
Training,17,18,nao_usado_training
Training,17,235,nao_usado_training
Training,17,353,nao_usado_training
Training,17,459,nao_usado_training
Training,17,107,nao_usado_training
Training,17,161,nao_usado_training
Training,17,412,nao_usado_training
Training,17,269,nao_usado_training
Training,17,22,nao_usado_training
Training,17,453,nao_usado_training
Training,17,282,nao_usado_training
Training,17,177,nao_usado_training
Training,17,373,nao_usado_training
Training,17,220,nao_usado_training
Training,17,106,nao_usado_training
Training,17,133,nao_usado_training
Training,17,72,nao_usado_training
Training,17,12,nao_usado_training
Training,17,352,nao_usado_training
Training,17,475,nao_usado_training
Training,17,135,nao_usado_training
Training,17,279,nao_usado_training
Training,17,16,nao_usado_training
Training,17,490,nao_usado_training
Training,17,97,nao_usado_training
Training,17,229,nao_usado_training
Training,17,289,nao_usado_training
Training,17,169,nao_usado_training
Training,17,188,nao_usado_training
Training,17,167,nao_usado_training
Training,17,413,nao_usado_training
Training,17,170,nao_usado_training
Training,17,434,nao_usado_training
Training,17,481,nao_usado_training
Training,17,83,nao_usado_training
Training,17,190,nao_usado_training
Training,17,27,nao_usado_training
Training,17,26,nao_usado_training
Training,17,40,nao_usado_training
Training,17,411,nao_usado_training
Training,17,215,nao_usado_training
Training,17,211,nao_usado_training
Training,17,328,nao_usado_training
Training,17,384,nao_usado_training
Training,17,207,nao_usado_training
Training,17,331,nao_usado_training
Training,17,261,nao_usado_training
Training,17,275,nao_usado_training
Training,17,281,nao_usado_training
Training,17,276,nao_usado_training
Training,17,115,nao_usado_training
Training,17,329,nao_usado_training
Training,17,367,nao_usado_training
Training,17,313,nao_usado_training
Training,17,98,nao_usado_training
Training,17,264,nao_usado_training
Training,17,30,nao_usado_training
Training,17,380,nao_usado_training
Training,17,381,nao_usado_training
Training,17,255,nao_usado_training
Training,17,491,nao_usado_training
Training,17,114,nao_usado_training
Training,17,478,nao_usado_training
Training,18,102,treino
Training,18,327,treino
Training,18,182,treino
Training,18,398,treino
Training,18,26,treino
Training,18,160,treino
Training,18,444,treino
Training,18,60,treino
Training,18,334,treino
Training,18,307,treino
Training,18,343,treino
Training,18,396,treino
Training,18,69,treino
Training,18,244,treino
Training,18,68,treino
Training,18,198,treino
Training,18,15,treino
Training,18,340,treino
Training,18,88,treino
Training,18,72,treino
Training,18,294,treino
Training,18,422,treino
Training,18,2,treino
Training,18,51,treino
Training,18,110,treino
Training,18,97,treino
Training,18,279,treino
Training,18,412,treino
Training,18,5,treino
Training,18,94,treino
Training,18,129,treino
Training,18,187,treino
Training,18,13,treino
Training,18,375,treino
Training,18,4,treino
Training,18,35,treino
Training,18,390,treino
Training,18,306,treino
Training,18,285,treino
Training,18,489,treino
Training,18,66,treino
Training,18,413,treino
Training,18,124,treino
Training,18,365,treino
Training,18,29,treino
Training,18,270,treino
Training,18,311,treino
Training,18,269,treino
Training,18,25,treino
Training,18,24,treino
Training,18,355,treino
Training,18,21,treino
Training,18,247,treino
Training,18,430,treino
Training,18,1,treino
Training,18,260,treino
Training,18,358,treino
Training,18,337,treino
Training,18,468,treino
Training,18,95,treino
Training,18,347,treino
Training,18,405,treino
Training,18,149,treino
Training,18,457,treino
Training,18,465,treino
Training,18,208,treino
Training,18,48,treino
Training,18,344,treino
Training,18,154,treino
Training,18,308,treino
Training,18,315,treino
Training,18,82,treino
Training,18,179,treino
Training,18,474,treino
Training,18,267,treino
Training,18,410,treino
Training,18,348,treino
Training,18,158,treino
Training,18,271,treino
Training,18,228,treino
Training,18,185,treino
Training,18,479,treino
Training,18,326,treino
Training,18,142,treino
Training,18,391,treino
Training,18,331,treino
Training,18,32,treino
Training,18,386,treino
Training,18,459,treino
Training,18,320,treino
Training,18,168,treino
Training,18,249,treino
Training,18,303,treino
Training,18,427,treino
Training,18,45,treino
Training,18,18,treino
Training,18,245,treino
Training,18,291,treino
Training,18,59,treino
Training,18,17,treino
Training,18,30,validacao
Training,18,131,validacao
Training,18,117,validacao
Training,18,400,validacao
Training,18,169,validacao
Training,18,3,validacao
Training,18,61,validacao
Training,18,393,validacao
Training,18,299,validacao
Training,18,277,validacao
Training,18,134,validacao
Training,18,148,validacao
Training,18,150,validacao
Training,18,316,validacao
Training,18,203,validacao
Training,18,385,validacao
Training,18,181,validacao
Training,18,500,validacao
Training,18,212,validacao
Training,18,215,validacao
Training,18,330,validacao
Training,18,463,validacao
Training,18,455,validacao
Training,18,75,validacao
Training,18,496,validacao
Training,18,50,validacao
Training,18,301,validacao
Training,18,333,validacao
Training,18,406,validacao
Training,18,325,validacao
Training,18,178,validacao
Training,18,394,validacao
Training,18,499,validacao
Training,18,46,validacao
Training,18,300,validacao
Training,18,224,validacao
Training,18,211,validacao
Training,18,70,validacao
Training,18,450,validacao
Training,18,493,validacao
Training,18,314,validacao
Training,18,138,validacao
Training,18,464,validacao
Training,18,165,validacao
Training,18,319,validacao
Training,18,157,validacao
Training,18,209,validacao
Training,18,171,validacao
Training,18,144,validacao
Training,18,275,validacao
Training,18,483,nao_usado_training
Training,18,214,nao_usado_training
Training,18,361,nao_usado_training
Training,18,146,nao_usado_training
Training,18,451,nao_usado_training
Training,18,383,nao_usado_training
Training,18,96,nao_usado_training
Training,18,227,nao_usado_training
Training,18,73,nao_usado_training
Training,18,312,nao_usado_training
Training,18,174,nao_usado_training
Training,18,76,nao_usado_training
Training,18,498,nao_usado_training
Training,18,351,nao_usado_training
Training,18,256,nao_usado_training
Training,18,476,nao_usado_training
Training,18,381,nao_usado_training
Training,18,292,nao_usado_training
Training,18,318,nao_usado_training
Training,18,421,nao_usado_training
Training,18,184,nao_usado_training
Training,18,120,nao_usado_training
Training,18,19,nao_usado_training
Training,18,243,nao_usado_training
Training,18,16,nao_usado_training
Training,18,229,nao_usado_training
Training,18,238,nao_usado_training
Training,18,389,nao_usado_training
Training,18,64,nao_usado_training
Training,18,411,nao_usado_training
Training,18,125,nao_usado_training
Training,18,472,nao_usado_training
Training,18,151,nao_usado_training
Training,18,193,nao_usado_training
Training,18,272,nao_usado_training
Training,18,194,nao_usado_training
Training,18,373,nao_usado_training
Training,18,481,nao_usado_training
Training,18,81,nao_usado_training
Training,18,439,nao_usado_training
Training,18,475,nao_usado_training
Training,18,52,nao_usado_training
Training,18,317,nao_usado_training
Training,18,126,nao_usado_training
Training,18,86,nao_usado_training
Training,18,342,nao_usado_training
Training,18,37,nao_usado_training
Training,18,167,nao_usado_training
Training,18,216,nao_usado_training
Training,18,369,nao_usado_training
Training,18,67,nao_usado_training
Training,18,166,nao_usado_training
Training,18,71,nao_usado_training
Training,18,47,nao_usado_training
Training,18,99,nao_usado_training
Training,18,297,nao_usado_training
Training,18,426,nao_usado_training
Training,18,43,nao_usado_training
Training,18,438,nao_usado_training
Training,18,241,nao_usado_training
Training,18,133,nao_usado_training
Training,18,54,nao_usado_training
Training,18,376,nao_usado_training
Training,18,122,nao_usado_training
Training,18,31,nao_usado_training
Training,18,109,nao_usado_training
Training,18,85,nao_usado_training
Training,18,432,nao_usado_training
Training,18,153,nao_usado_training
Training,18,91,nao_usado_training
Training,18,14,nao_usado_training
Training,18,442,nao_usado_training
Training,18,419,nao_usado_training
Training,18,23,nao_usado_training
Training,18,254,nao_usado_training
Training,18,101,nao_usado_training
Training,18,140,nao_usado_training
Training,18,170,nao_usado_training
Training,18,20,nao_usado_training
Training,18,33,nao_usado_training
Training,18,207,nao_usado_training
Training,18,392,nao_usado_training
Training,18,434,nao_usado_training
Training,18,143,nao_usado_training
Training,18,352,nao_usado_training
Training,18,188,nao_usado_training
Training,18,28,nao_usado_training
Training,18,114,nao_usado_training
Training,18,265,nao_usado_training
Training,18,159,nao_usado_training
Training,18,497,nao_usado_training
Training,18,130,nao_usado_training
Training,18,145,nao_usado_training
Training,18,172,nao_usado_training
Training,18,329,nao_usado_training
Training,18,89,nao_usado_training
Training,18,36,nao_usado_training
Training,18,401,nao_usado_training
Training,18,495,nao_usado_training
Training,18,77,nao_usado_training
Training,18,447,nao_usado_training
Training,18,341,nao_usado_training
Training,18,420,nao_usado_training
Training,18,371,nao_usado_training
Training,18,232,nao_usado_training
Training,18,90,nao_usado_training
Training,18,387,nao_usado_training
Training,18,62,nao_usado_training
Training,18,231,nao_usado_training
Training,18,55,nao_usado_training
Training,18,128,nao_usado_training
Training,18,440,nao_usado_training
Training,18,460,nao_usado_training
Training,18,192,nao_usado_training
Training,18,482,nao_usado_training
Training,18,417,nao_usado_training
Training,18,370,nao_usado_training
Training,18,384,nao_usado_training
Training,18,135,nao_usado_training
Training,18,80,nao_usado_training
Training,18,196,nao_usado_training
Training,18,322,nao_usado_training
Training,18,180,nao_usado_training
Training,18,268,nao_usado_training
Training,18,253,nao_usado_training
Training,18,283,nao_usado_training
Training,18,56,nao_usado_training
Training,18,467,nao_usado_training
Training,18,218,nao_usado_training
Training,18,446,nao_usado_training
Training,18,402,nao_usado_training
Training,18,164,nao_usado_training
Training,18,471,nao_usado_training
Training,18,11,nao_usado_training
Training,18,217,nao_usado_training
Training,18,287,nao_usado_training
Training,18,177,nao_usado_training
Training,18,12,nao_usado_training
Training,18,195,nao_usado_training
Training,18,233,nao_usado_training
Training,18,10,nao_usado_training
Training,18,239,nao_usado_training
Training,18,276,nao_usado_training
Training,18,65,nao_usado_training
Training,18,141,nao_usado_training
Training,18,121,nao_usado_training
Training,18,414,nao_usado_training
Training,18,248,nao_usado_training
Training,18,377,nao_usado_training
Training,18,266,nao_usado_training
Training,18,346,nao_usado_training
Training,18,186,nao_usado_training
Training,18,205,nao_usado_training
Training,18,113,nao_usado_training
Training,18,368,nao_usado_training
Training,18,416,nao_usado_training
Training,18,374,nao_usado_training
Training,18,458,nao_usado_training
Training,18,161,nao_usado_training
Training,18,345,nao_usado_training
Training,18,356,nao_usado_training
Training,18,79,nao_usado_training
Training,18,34,nao_usado_training
Training,18,296,nao_usado_training
Training,18,219,nao_usado_training
Training,18,399,nao_usado_training
Training,18,473,nao_usado_training
Training,18,38,nao_usado_training
Training,18,461,nao_usado_training
Training,18,49,nao_usado_training
Training,18,484,nao_usado_training
Training,18,350,nao_usado_training
Training,18,295,nao_usado_training
Training,18,8,nao_usado_training
Training,18,176,nao_usado_training
Training,18,139,nao_usado_training
Training,18,278,nao_usado_training
Training,18,302,nao_usado_training
Training,18,152,nao_usado_training
Training,18,448,nao_usado_training
Training,18,252,nao_usado_training
Training,18,425,nao_usado_training
Training,18,431,nao_usado_training
Training,18,338,nao_usado_training
Training,18,84,nao_usado_training
Training,18,378,nao_usado_training
Training,18,491,nao_usado_training
Training,18,445,nao_usado_training
Training,18,87,nao_usado_training
Training,18,137,nao_usado_training
Training,18,98,nao_usado_training
Training,18,298,nao_usado_training
Training,18,57,nao_usado_training
Training,18,264,nao_usado_training
Training,18,273,nao_usado_training
Training,18,437,nao_usado_training
Training,18,288,nao_usado_training
Training,18,40,nao_usado_training
Training,18,289,nao_usado_training
Training,18,235,nao_usado_training
Training,18,257,nao_usado_training
Training,18,155,nao_usado_training
Training,18,486,nao_usado_training
Training,18,397,nao_usado_training
Training,18,452,nao_usado_training
Training,18,435,nao_usado_training
Training,18,6,nao_usado_training
Training,18,111,nao_usado_training
Training,18,353,nao_usado_training
Training,18,246,nao_usado_training
Training,18,382,nao_usado_training
Training,18,200,nao_usado_training
Training,18,183,nao_usado_training
Training,18,236,nao_usado_training
Training,18,454,nao_usado_training
Training,18,202,nao_usado_training
Training,18,225,nao_usado_training
Training,18,349,nao_usado_training
Training,18,449,nao_usado_training
Training,18,433,nao_usado_training
Training,18,201,nao_usado_training
Training,18,428,nao_usado_training
Training,18,222,nao_usado_training
Training,18,221,nao_usado_training
Training,18,251,nao_usado_training
Training,18,107,nao_usado_training
Training,18,262,nao_usado_training
Training,18,310,nao_usado_training
Training,18,204,nao_usado_training
Training,18,258,nao_usado_training
Training,18,105,nao_usado_training
Training,18,357,nao_usado_training
Training,18,259,nao_usado_training
Training,18,22,nao_usado_training
Training,18,462,nao_usado_training
Training,18,339,nao_usado_training
Training,18,429,nao_usado_training
Training,18,477,nao_usado_training
Training,18,123,nao_usado_training
Training,18,213,nao_usado_training
Training,18,480,nao_usado_training
Training,18,255,nao_usado_training
Training,18,147,nao_usado_training
Training,18,324,nao_usado_training
Training,18,191,nao_usado_training
Training,18,74,nao_usado_training
Training,18,104,nao_usado_training
Training,18,27,nao_usado_training
Training,18,336,nao_usado_training
Training,18,335,nao_usado_training
Training,18,119,nao_usado_training
Training,18,39,nao_usado_training
Training,18,418,nao_usado_training
Training,18,408,nao_usado_training
Training,18,108,nao_usado_training
Training,18,78,nao_usado_training
Training,18,372,nao_usado_training
Training,18,281,nao_usado_training
Training,18,485,nao_usado_training
Training,18,173,nao_usado_training
Training,18,415,nao_usado_training
Training,18,41,nao_usado_training
Training,18,478,nao_usado_training
Training,18,115,nao_usado_training
Training,18,304,nao_usado_training
Training,18,9,nao_usado_training
Training,18,58,nao_usado_training
Training,18,403,nao_usado_training
Training,18,362,nao_usado_training
Training,18,290,nao_usado_training
Training,18,366,nao_usado_training
Training,18,189,nao_usado_training
Training,18,490,nao_usado_training
Training,18,263,nao_usado_training
Training,18,436,nao_usado_training
Training,18,360,nao_usado_training
Training,18,487,nao_usado_training
Training,18,492,nao_usado_training
Training,18,240,nao_usado_training
Training,18,83,nao_usado_training
Training,18,404,nao_usado_training
Training,18,250,nao_usado_training
Training,18,367,nao_usado_training
Training,18,223,nao_usado_training
Training,18,443,nao_usado_training
Training,18,323,nao_usado_training
Training,18,197,nao_usado_training
Training,18,494,nao_usado_training
Training,18,230,nao_usado_training
Training,18,453,nao_usado_training
Training,18,409,nao_usado_training
Training,18,112,nao_usado_training
Training,18,364,nao_usado_training
Training,18,132,nao_usado_training
Training,18,242,nao_usado_training
Training,18,53,nao_usado_training
Training,18,359,nao_usado_training
Training,18,190,nao_usado_training
Training,18,423,nao_usado_training
Training,18,92,nao_usado_training
Training,18,424,nao_usado_training
Training,18,127,nao_usado_training
Training,18,7,nao_usado_training
Training,18,226,nao_usado_training
Training,18,293,nao_usado_training
Training,18,441,nao_usado_training
Training,18,282,nao_usado_training
Training,18,175,nao_usado_training
Training,18,63,nao_usado_training
Training,18,103,nao_usado_training
Training,18,328,nao_usado_training
Training,18,286,nao_usado_training
Training,18,354,nao_usado_training
Training,18,305,nao_usado_training
Training,18,261,nao_usado_training
Training,18,100,nao_usado_training
Training,18,388,nao_usado_training
Training,18,456,nao_usado_training
Training,18,309,nao_usado_training
Training,18,237,nao_usado_training
Training,18,118,nao_usado_training
Training,18,106,nao_usado_training
Training,18,136,nao_usado_training
Training,18,280,nao_usado_training
Training,18,220,nao_usado_training
Training,18,466,nao_usado_training
Training,18,206,nao_usado_training
Training,18,210,nao_usado_training
Training,18,379,nao_usado_training
Training,18,284,nao_usado_training
Training,18,42,nao_usado_training
Training,18,93,nao_usado_training
Training,18,116,nao_usado_training
Training,18,163,nao_usado_training
Training,18,234,nao_usado_training
Training,18,470,nao_usado_training
Training,18,395,nao_usado_training
Training,18,162,nao_usado_training
Training,18,469,nao_usado_training
Training,18,407,nao_usado_training
Training,18,199,nao_usado_training
Training,18,380,nao_usado_training
Training,18,488,nao_usado_training
Training,18,156,nao_usado_training
Training,18,363,nao_usado_training
Training,18,313,nao_usado_training
Training,18,332,nao_usado_training
Training,18,44,nao_usado_training
Training,18,274,nao_usado_training
Training,18,321,nao_usado_training
Training,19,67,treino
Training,19,97,treino
Training,19,328,treino
Training,19,68,treino
Training,19,63,treino
Training,19,445,treino
Training,19,308,treino
Training,19,183,treino
Training,19,372,treino
Training,19,335,treino
Training,19,233,treino
Training,19,492,treino
Training,19,447,treino
Training,19,254,treino
Training,19,277,treino
Training,19,40,treino
Training,19,27,treino
Training,19,142,treino
Training,19,83,treino
Training,19,500,treino
Training,19,248,treino
Training,19,140,treino
Training,19,78,treino
Training,19,74,treino
Training,19,252,treino
Training,19,431,treino
Training,19,396,treino
Training,19,117,treino
Training,19,304,treino
Training,19,160,treino
Training,19,135,treino
Training,19,143,treino
Training,19,434,treino
Training,19,76,treino
Training,19,236,treino
Training,19,444,treino
Training,19,412,treino
Training,19,477,treino
Training,19,169,treino
Training,19,234,treino
Training,19,462,treino
Training,19,247,treino
Training,19,55,treino
Training,19,469,treino
Training,19,406,treino
Training,19,256,treino
Training,19,38,treino
Training,19,47,treino
Training,19,19,treino
Training,19,190,treino
Training,19,114,treino
Training,19,402,treino
Training,19,452,treino
Training,19,378,treino
Training,19,44,treino
Training,19,409,treino
Training,19,112,treino
Training,19,214,treino
Training,19,312,treino
Training,19,219,treino
Training,19,306,treino
Training,19,443,treino
Training,19,90,treino
Training,19,382,treino
Training,19,215,treino
Training,19,32,treino
Training,19,223,treino
Training,19,380,treino
Training,19,245,treino
Training,19,487,treino
Training,19,322,treino
Training,19,386,treino
Training,19,3,treino
Training,19,166,treino
Training,19,269,treino
Training,19,4,treino
Training,19,288,treino
Training,19,362,treino
Training,19,495,treino
Training,19,358,treino
Training,19,159,treino
Training,19,360,treino
Training,19,279,treino
Training,19,108,treino
Training,19,200,treino
Training,19,381,treino
Training,19,174,treino
Training,19,374,treino
Training,19,59,treino
Training,19,307,treino
Training,19,435,treino
Training,19,285,treino
Training,19,251,treino
Training,19,240,treino
Training,19,217,treino
Training,19,294,treino
Training,19,171,treino
Training,19,371,treino
Training,19,99,treino
Training,19,96,treino
Training,19,179,validacao
Training,19,463,validacao
Training,19,11,validacao
Training,19,224,validacao
Training,19,13,validacao
Training,19,123,validacao
Training,19,17,validacao
Training,19,232,validacao
Training,19,367,validacao
Training,19,95,validacao
Training,19,442,validacao
Training,19,207,validacao
Training,19,80,validacao
Training,19,5,validacao
Training,19,136,validacao
Training,19,383,validacao
Training,19,332,validacao
Training,19,397,validacao
Training,19,265,validacao
Training,19,181,validacao
Training,19,131,validacao
Training,19,488,validacao
Training,19,98,validacao
Training,19,318,validacao
Training,19,147,validacao
Training,19,243,validacao
Training,19,235,validacao
Training,19,244,validacao
Training,19,210,validacao
Training,19,87,validacao
Training,19,471,validacao
Training,19,175,validacao
Training,19,180,validacao
Training,19,21,validacao
Training,19,499,validacao
Training,19,1,validacao
Training,19,370,validacao
Training,19,461,validacao
Training,19,348,validacao
Training,19,466,validacao
Training,19,336,validacao
Training,19,101,validacao
Training,19,104,validacao
Training,19,484,validacao
Training,19,325,validacao
Training,19,178,validacao
Training,19,414,validacao
Training,19,339,validacao
Training,19,415,validacao
Training,19,351,validacao
Training,19,14,nao_usado_training
Training,19,446,nao_usado_training
Training,19,451,nao_usado_training
Training,19,31,nao_usado_training
Training,19,438,nao_usado_training
Training,19,70,nao_usado_training
Training,19,349,nao_usado_training
Training,19,242,nao_usado_training
Training,19,182,nao_usado_training
Training,19,60,nao_usado_training
Training,19,9,nao_usado_training
Training,19,162,nao_usado_training
Training,19,119,nao_usado_training
Training,19,222,nao_usado_training
Training,19,173,nao_usado_training
Training,19,25,nao_usado_training
Training,19,151,nao_usado_training
Training,19,258,nao_usado_training
Training,19,301,nao_usado_training
Training,19,41,nao_usado_training
Training,19,64,nao_usado_training
Training,19,497,nao_usado_training
Training,19,394,nao_usado_training
Training,19,69,nao_usado_training
Training,19,15,nao_usado_training
Training,19,111,nao_usado_training
Training,19,250,nao_usado_training
Training,19,85,nao_usado_training
Training,19,436,nao_usado_training
Training,19,291,nao_usado_training
Training,19,263,nao_usado_training
Training,19,283,nao_usado_training
Training,19,35,nao_usado_training
Training,19,28,nao_usado_training
Training,19,58,nao_usado_training
Training,19,33,nao_usado_training
Training,19,347,nao_usado_training
Training,19,284,nao_usado_training
Training,19,424,nao_usado_training
Training,19,430,nao_usado_training
Training,19,395,nao_usado_training
Training,19,418,nao_usado_training
Training,19,212,nao_usado_training
Training,19,132,nao_usado_training
Training,19,274,nao_usado_training
Training,19,107,nao_usado_training
Training,19,282,nao_usado_training
Training,19,317,nao_usado_training
Training,19,20,nao_usado_training
Training,19,30,nao_usado_training
Training,19,408,nao_usado_training
Training,19,427,nao_usado_training
Training,19,209,nao_usado_training
Training,19,189,nao_usado_training
Training,19,72,nao_usado_training
Training,19,62,nao_usado_training
Training,19,192,nao_usado_training
Training,19,329,nao_usado_training
Training,19,352,nao_usado_training
Training,19,423,nao_usado_training
Training,19,221,nao_usado_training
Training,19,37,nao_usado_training
Training,19,388,nao_usado_training
Training,19,241,nao_usado_training
Training,19,16,nao_usado_training
Training,19,197,nao_usado_training
Training,19,276,nao_usado_training
Training,19,7,nao_usado_training
Training,19,126,nao_usado_training
Training,19,393,nao_usado_training
Training,19,482,nao_usado_training
Training,19,456,nao_usado_training
Training,19,390,nao_usado_training
Training,19,428,nao_usado_training
Training,19,295,nao_usado_training
Training,19,255,nao_usado_training
Training,19,261,nao_usado_training
Training,19,327,nao_usado_training
Training,19,403,nao_usado_training
Training,19,475,nao_usado_training
Training,19,345,nao_usado_training
Training,19,196,nao_usado_training
Training,19,45,nao_usado_training
Training,19,168,nao_usado_training
Training,19,405,nao_usado_training
Training,19,100,nao_usado_training
Training,19,211,nao_usado_training
Training,19,53,nao_usado_training
Training,19,379,nao_usado_training
Training,19,73,nao_usado_training
Training,19,281,nao_usado_training
Training,19,49,nao_usado_training
Training,19,110,nao_usado_training
Training,19,34,nao_usado_training
Training,19,355,nao_usado_training
Training,19,137,nao_usado_training
Training,19,400,nao_usado_training
Training,19,331,nao_usado_training
Training,19,199,nao_usado_training
Training,19,231,nao_usado_training
Training,19,417,nao_usado_training
Training,19,158,nao_usado_training
Training,19,81,nao_usado_training
Training,19,130,nao_usado_training
Training,19,375,nao_usado_training
Training,19,122,nao_usado_training
Training,19,411,nao_usado_training
Training,19,320,nao_usado_training
Training,19,273,nao_usado_training
Training,19,264,nao_usado_training
Training,19,338,nao_usado_training
Training,19,187,nao_usado_training
Training,19,305,nao_usado_training
Training,19,42,nao_usado_training
Training,19,54,nao_usado_training
Training,19,361,nao_usado_training
Training,19,474,nao_usado_training
Training,19,29,nao_usado_training
Training,19,163,nao_usado_training
Training,19,75,nao_usado_training
Training,19,419,nao_usado_training
Training,19,481,nao_usado_training
Training,19,490,nao_usado_training
Training,19,479,nao_usado_training
Training,19,432,nao_usado_training
Training,19,208,nao_usado_training
Training,19,24,nao_usado_training
Training,19,310,nao_usado_training
Training,19,426,nao_usado_training
Training,19,280,nao_usado_training
Training,19,129,nao_usado_training
Training,19,300,nao_usado_training
Training,19,278,nao_usado_training
Training,19,298,nao_usado_training
Training,19,422,nao_usado_training
Training,19,473,nao_usado_training
Training,19,148,nao_usado_training
Training,19,213,nao_usado_training
Training,19,257,nao_usado_training
Training,19,290,nao_usado_training
Training,19,65,nao_usado_training
Training,19,133,nao_usado_training
Training,19,385,nao_usado_training
Training,19,429,nao_usado_training
Training,19,364,nao_usado_training
Training,19,84,nao_usado_training
Training,19,448,nao_usado_training
Training,19,354,nao_usado_training
Training,19,105,nao_usado_training
Training,19,82,nao_usado_training
Training,19,489,nao_usado_training
Training,19,50,nao_usado_training
Training,19,376,nao_usado_training
Training,19,303,nao_usado_training
Training,19,138,nao_usado_training
Training,19,460,nao_usado_training
Training,19,116,nao_usado_training
Training,19,109,nao_usado_training
Training,19,315,nao_usado_training
Training,19,373,nao_usado_training
Training,19,425,nao_usado_training
Training,19,198,nao_usado_training
Training,19,299,nao_usado_training
Training,19,259,nao_usado_training
Training,19,271,nao_usado_training
Training,19,230,nao_usado_training
Training,19,188,nao_usado_training
Training,19,266,nao_usado_training
Training,19,350,nao_usado_training
Training,19,311,nao_usado_training
Training,19,368,nao_usado_training
Training,19,128,nao_usado_training
Training,19,201,nao_usado_training
Training,19,391,nao_usado_training
Training,19,184,nao_usado_training
Training,19,314,nao_usado_training
Training,19,146,nao_usado_training
Training,19,399,nao_usado_training
Training,19,398,nao_usado_training
Training,19,496,nao_usado_training
Training,19,453,nao_usado_training
Training,19,292,nao_usado_training
Training,19,459,nao_usado_training
Training,19,39,nao_usado_training
Training,19,170,nao_usado_training
Training,19,268,nao_usado_training
Training,19,267,nao_usado_training
Training,19,204,nao_usado_training
Training,19,36,nao_usado_training
Training,19,302,nao_usado_training
Training,19,316,nao_usado_training
Training,19,465,nao_usado_training
Training,19,106,nao_usado_training
Training,19,227,nao_usado_training
Training,19,246,nao_usado_training
Training,19,253,nao_usado_training
Training,19,176,nao_usado_training
Training,19,365,nao_usado_training
Training,19,51,nao_usado_training
Training,19,346,nao_usado_training
Training,19,407,nao_usado_training
Training,19,125,nao_usado_training
Training,19,440,nao_usado_training
Training,19,88,nao_usado_training
Training,19,22,nao_usado_training
Training,19,321,nao_usado_training
Training,19,134,nao_usado_training
Training,19,293,nao_usado_training
Training,19,237,nao_usado_training
Training,19,249,nao_usado_training
Training,19,478,nao_usado_training
Training,19,155,nao_usado_training
Training,19,23,nao_usado_training
Training,19,43,nao_usado_training
Training,19,216,nao_usado_training
Training,19,356,nao_usado_training
Training,19,483,nao_usado_training
Training,19,330,nao_usado_training
Training,19,404,nao_usado_training
Training,19,226,nao_usado_training
Training,19,121,nao_usado_training
Training,19,185,nao_usado_training
Training,19,494,nao_usado_training
Training,19,416,nao_usado_training
Training,19,343,nao_usado_training
Training,19,57,nao_usado_training
Training,19,341,nao_usado_training
Training,19,177,nao_usado_training
Training,19,296,nao_usado_training
Training,19,172,nao_usado_training
Training,19,156,nao_usado_training
Training,19,12,nao_usado_training
Training,19,191,nao_usado_training
Training,19,48,nao_usado_training
Training,19,94,nao_usado_training
Training,19,369,nao_usado_training
Training,19,319,nao_usado_training
Training,19,464,nao_usado_training
Training,19,239,nao_usado_training
Training,19,323,nao_usado_training
Training,19,152,nao_usado_training
Training,19,334,nao_usado_training
Training,19,384,nao_usado_training
Training,19,377,nao_usado_training
Training,19,498,nao_usado_training
Training,19,218,nao_usado_training
Training,19,437,nao_usado_training
Training,19,289,nao_usado_training
Training,19,141,nao_usado_training
Training,19,91,nao_usado_training
Training,19,476,nao_usado_training
Training,19,421,nao_usado_training
Training,19,150,nao_usado_training
Training,19,202,nao_usado_training
Training,19,124,nao_usado_training
Training,19,441,nao_usado_training
Training,19,79,nao_usado_training
Training,19,66,nao_usado_training
Training,19,353,nao_usado_training
Training,19,480,nao_usado_training
Training,19,387,nao_usado_training
Training,19,344,nao_usado_training
Training,19,8,nao_usado_training
Training,19,220,nao_usado_training
Training,19,413,nao_usado_training
Training,19,470,nao_usado_training
Training,19,120,nao_usado_training
Training,19,272,nao_usado_training
Training,19,238,nao_usado_training
Training,19,144,nao_usado_training
Training,19,46,nao_usado_training
Training,19,433,nao_usado_training
Training,19,337,nao_usado_training
Training,19,228,nao_usado_training
Training,19,56,nao_usado_training
Training,19,270,nao_usado_training
Training,19,161,nao_usado_training
Training,19,167,nao_usado_training
Training,19,154,nao_usado_training
Training,19,89,nao_usado_training
Training,19,118,nao_usado_training
Training,19,205,nao_usado_training
Training,19,149,nao_usado_training
Training,19,6,nao_usado_training
Training,19,164,nao_usado_training
Training,19,260,nao_usado_training
Training,19,389,nao_usado_training
Training,19,342,nao_usado_training
Training,19,2,nao_usado_training
Training,19,468,nao_usado_training
Training,19,86,nao_usado_training
Training,19,145,nao_usado_training
Training,19,309,nao_usado_training
Training,19,410,nao_usado_training
Training,19,420,nao_usado_training
Training,19,93,nao_usado_training
Training,19,366,nao_usado_training
Training,19,439,nao_usado_training
Training,19,401,nao_usado_training
Training,19,287,nao_usado_training
Training,19,206,nao_usado_training
Training,19,195,nao_usado_training
Training,19,52,nao_usado_training
Training,19,458,nao_usado_training
Training,19,340,nao_usado_training
Training,19,357,nao_usado_training
Training,19,333,nao_usado_training
Training,19,449,nao_usado_training
Training,19,139,nao_usado_training
Training,19,493,nao_usado_training
Training,19,10,nao_usado_training
Training,19,18,nao_usado_training
Training,19,262,nao_usado_training
Training,19,115,nao_usado_training
Training,19,193,nao_usado_training
Training,19,127,nao_usado_training
Training,19,225,nao_usado_training
Training,19,153,nao_usado_training
Training,19,457,nao_usado_training
Training,19,455,nao_usado_training
Training,19,286,nao_usado_training
Training,19,92,nao_usado_training
Training,19,491,nao_usado_training
Training,19,165,nao_usado_training
Training,19,313,nao_usado_training
Training,19,113,nao_usado_training
Training,19,486,nao_usado_training
Training,19,186,nao_usado_training
Training,19,324,nao_usado_training
Training,19,275,nao_usado_training
Training,19,194,nao_usado_training
Training,19,359,nao_usado_training
Training,19,485,nao_usado_training
Training,19,157,nao_usado_training
Training,19,363,nao_usado_training
Training,19,326,nao_usado_training
Training,19,467,nao_usado_training
Training,19,103,nao_usado_training
Training,19,71,nao_usado_training
Training,19,26,nao_usado_training
Training,19,61,nao_usado_training
Training,19,454,nao_usado_training
Training,19,472,nao_usado_training
Training,19,203,nao_usado_training
Training,19,297,nao_usado_training
Training,19,450,nao_usado_training
Training,19,229,nao_usado_training
Training,19,77,nao_usado_training
Training,19,392,nao_usado_training
Training,19,102,nao_usado_training
Training,20,320,treino
Training,20,7,treino
Training,20,413,treino
Training,20,5,treino
Training,20,218,treino
Training,20,36,treino
Training,20,202,treino
Training,20,173,treino
Training,20,305,treino
Training,20,87,treino
Training,20,184,treino
Training,20,197,treino
Training,20,29,treino
Training,20,464,treino
Training,20,2,treino
Training,20,120,treino
Training,20,166,treino
Training,20,115,treino
Training,20,339,treino
Training,20,151,treino
Training,20,296,treino
Training,20,424,treino
Training,20,432,treino
Training,20,129,treino
Training,20,398,treino
Training,20,290,treino
Training,20,410,treino
Training,20,145,treino
Training,20,42,treino
Training,20,321,treino
Training,20,359,treino
Training,20,408,treino
Training,20,241,treino
Training,20,91,treino
Training,20,180,treino
Training,20,387,treino
Training,20,471,treino
Training,20,325,treino
Training,20,78,treino
Training,20,356,treino
Training,20,449,treino
Training,20,349,treino
Training,20,345,treino
Training,20,121,treino
Training,20,402,treino
Training,20,277,treino
Training,20,18,treino
Training,20,26,treino
Training,20,174,treino
Training,20,238,treino
Training,20,135,treino
Training,20,123,treino
Training,20,204,treino
Training,20,488,treino
Training,20,328,treino
Training,20,60,treino
Training,20,455,treino
Training,20,490,treino
Training,20,189,treino
Training,20,293,treino
Training,20,80,treino
Training,20,415,treino
Training,20,137,treino
Training,20,403,treino
Training,20,127,treino
Training,20,479,treino
Training,20,232,treino
Training,20,6,treino
Training,20,154,treino
Training,20,322,treino
Training,20,34,treino
Training,20,269,treino
Training,20,226,treino
Training,20,21,treino
Training,20,35,treino
Training,20,472,treino
Training,20,98,treino
Training,20,491,treino
Training,20,97,treino
Training,20,194,treino
Training,20,214,treino
Training,20,474,treino
Training,20,107,treino
Training,20,32,treino
Training,20,407,treino
Training,20,159,treino
Training,20,259,treino
Training,20,217,treino
Training,20,469,treino
Training,20,82,treino
Training,20,62,treino
Training,20,311,treino
Training,20,22,treino
Training,20,351,treino
Training,20,437,treino
Training,20,453,treino
Training,20,423,treino
Training,20,473,treino
Training,20,260,treino
Training,20,24,treino
Training,20,86,validacao
Training,20,254,validacao
Training,20,40,validacao
Training,20,306,validacao
Training,20,185,validacao
Training,20,302,validacao
Training,20,337,validacao
Training,20,222,validacao
Training,20,462,validacao
Training,20,377,validacao
Training,20,212,validacao
Training,20,458,validacao
Training,20,278,validacao
Training,20,56,validacao
Training,20,101,validacao
Training,20,298,validacao
Training,20,493,validacao
Training,20,134,validacao
Training,20,411,validacao
Training,20,114,validacao
Training,20,294,validacao
Training,20,262,validacao
Training,20,37,validacao
Training,20,30,validacao
Training,20,248,validacao
Training,20,389,validacao
Training,20,354,validacao
Training,20,362,validacao
Training,20,181,validacao
Training,20,153,validacao
Training,20,208,validacao
Training,20,376,validacao
Training,20,448,validacao
Training,20,79,validacao
Training,20,478,validacao
Training,20,54,validacao
Training,20,179,validacao
Training,20,119,validacao
Training,20,497,validacao
Training,20,446,validacao
Training,20,70,validacao
Training,20,357,validacao
Training,20,394,validacao
Training,20,470,validacao
Training,20,95,validacao
Training,20,17,validacao
Training,20,445,validacao
Training,20,400,validacao
Training,20,258,validacao
Training,20,480,validacao
Training,20,309,nao_usado_training
Training,20,273,nao_usado_training
Training,20,380,nao_usado_training
Training,20,404,nao_usado_training
Training,20,227,nao_usado_training
Training,20,317,nao_usado_training
Training,20,188,nao_usado_training
Training,20,393,nao_usado_training
Training,20,124,nao_usado_training
Training,20,267,nao_usado_training
Training,20,288,nao_usado_training
Training,20,160,nao_usado_training
Training,20,103,nao_usado_training
Training,20,81,nao_usado_training
Training,20,192,nao_usado_training
Training,20,489,nao_usado_training
Training,20,242,nao_usado_training
Training,20,247,nao_usado_training
Training,20,261,nao_usado_training
Training,20,65,nao_usado_training
Training,20,93,nao_usado_training
Training,20,391,nao_usado_training
Training,20,117,nao_usado_training
Training,20,373,nao_usado_training
Training,20,68,nao_usado_training
Training,20,335,nao_usado_training
Training,20,195,nao_usado_training
Training,20,436,nao_usado_training
Training,20,74,nao_usado_training
Training,20,27,nao_usado_training
Training,20,475,nao_usado_training
Training,20,162,nao_usado_training
Training,20,385,nao_usado_training
Training,20,282,nao_usado_training
Training,20,370,nao_usado_training
Training,20,183,nao_usado_training
Training,20,336,nao_usado_training
Training,20,250,nao_usado_training
Training,20,198,nao_usado_training
Training,20,412,nao_usado_training
Training,20,457,nao_usado_training
Training,20,252,nao_usado_training
Training,20,390,nao_usado_training
Training,20,221,nao_usado_training
Training,20,444,nao_usado_training
Training,20,90,nao_usado_training
Training,20,215,nao_usado_training
Training,20,216,nao_usado_training
Training,20,280,nao_usado_training
Training,20,312,nao_usado_training
Training,20,361,nao_usado_training
Training,20,178,nao_usado_training
Training,20,235,nao_usado_training
Training,20,118,nao_usado_training
Training,20,353,nao_usado_training
Training,20,295,nao_usado_training
Training,20,147,nao_usado_training
Training,20,363,nao_usado_training
Training,20,284,nao_usado_training
Training,20,69,nao_usado_training
Training,20,72,nao_usado_training
Training,20,187,nao_usado_training
Training,20,430,nao_usado_training
Training,20,265,nao_usado_training
Training,20,1,nao_usado_training
Training,20,14,nao_usado_training
Training,20,348,nao_usado_training
Training,20,483,nao_usado_training
Training,20,341,nao_usado_training
Training,20,99,nao_usado_training
Training,20,89,nao_usado_training
Training,20,237,nao_usado_training
Training,20,50,nao_usado_training
Training,20,126,nao_usado_training
Training,20,375,nao_usado_training
Training,20,326,nao_usado_training
Training,20,11,nao_usado_training
Training,20,231,nao_usado_training
Training,20,149,nao_usado_training
Training,20,12,nao_usado_training
Training,20,25,nao_usado_training
Training,20,384,nao_usado_training
Training,20,406,nao_usado_training
Training,20,229,nao_usado_training
Training,20,425,nao_usado_training
Training,20,146,nao_usado_training
Training,20,319,nao_usado_training
Training,20,140,nao_usado_training
Training,20,492,nao_usado_training
Training,20,108,nao_usado_training
Training,20,257,nao_usado_training
Training,20,233,nao_usado_training
Training,20,148,nao_usado_training
Training,20,263,nao_usado_training
Training,20,420,nao_usado_training
Training,20,477,nao_usado_training
Training,20,443,nao_usado_training
Training,20,243,nao_usado_training
Training,20,164,nao_usado_training
Training,20,367,nao_usado_training
Training,20,161,nao_usado_training
Training,20,196,nao_usado_training
Training,20,417,nao_usado_training
Training,20,44,nao_usado_training
Training,20,171,nao_usado_training
Training,20,207,nao_usado_training
Training,20,109,nao_usado_training
Training,20,481,nao_usado_training
Training,20,365,nao_usado_training
Training,20,51,nao_usado_training
Training,20,191,nao_usado_training
Training,20,299,nao_usado_training
Training,20,100,nao_usado_training
Training,20,466,nao_usado_training
Training,20,360,nao_usado_training
Training,20,460,nao_usado_training
Training,20,13,nao_usado_training
Training,20,427,nao_usado_training
Training,20,364,nao_usado_training
Training,20,23,nao_usado_training
Training,20,130,nao_usado_training
Training,20,167,nao_usado_training
Training,20,41,nao_usado_training
Training,20,122,nao_usado_training
Training,20,487,nao_usado_training
Training,20,316,nao_usado_training
Training,20,366,nao_usado_training
Training,20,397,nao_usado_training
Training,20,343,nao_usado_training
Training,20,300,nao_usado_training
Training,20,494,nao_usado_training
Training,20,83,nao_usado_training
Training,20,71,nao_usado_training
Training,20,308,nao_usado_training
Training,20,113,nao_usado_training
Training,20,283,nao_usado_training
Training,20,57,nao_usado_training
Training,20,219,nao_usado_training
Training,20,111,nao_usado_training
Training,20,346,nao_usado_training
Training,20,10,nao_usado_training
Training,20,67,nao_usado_training
Training,20,442,nao_usado_training
Training,20,292,nao_usado_training
Training,20,452,nao_usado_training
Training,20,392,nao_usado_training
Training,20,131,nao_usado_training
Training,20,388,nao_usado_training
Training,20,476,nao_usado_training
Training,20,465,nao_usado_training
Training,20,116,nao_usado_training
Training,20,176,nao_usado_training
Training,20,323,nao_usado_training
Training,20,272,nao_usado_training
Training,20,8,nao_usado_training
Training,20,61,nao_usado_training
Training,20,55,nao_usado_training
Training,20,133,nao_usado_training
Training,20,399,nao_usado_training
Training,20,327,nao_usado_training
Training,20,440,nao_usado_training
Training,20,372,nao_usado_training
Training,20,454,nao_usado_training
Training,20,150,nao_usado_training
Training,20,379,nao_usado_training
Training,20,313,nao_usado_training
Training,20,386,nao_usado_training
Training,20,52,nao_usado_training
Training,20,426,nao_usado_training
Training,20,434,nao_usado_training
Training,20,157,nao_usado_training
Training,20,75,nao_usado_training
Training,20,344,nao_usado_training
Training,20,249,nao_usado_training
Training,20,484,nao_usado_training
Training,20,64,nao_usado_training
Training,20,46,nao_usado_training
Training,20,234,nao_usado_training
Training,20,271,nao_usado_training
Training,20,199,nao_usado_training
Training,20,318,nao_usado_training
Training,20,301,nao_usado_training
Training,20,374,nao_usado_training
Training,20,409,nao_usado_training
Training,20,206,nao_usado_training
Training,20,279,nao_usado_training
Training,20,92,nao_usado_training
Training,20,255,nao_usado_training
Training,20,338,nao_usado_training
Training,20,15,nao_usado_training
Training,20,332,nao_usado_training
Training,20,286,nao_usado_training
Training,20,289,nao_usado_training
Training,20,246,nao_usado_training
Training,20,307,nao_usado_training
Training,20,49,nao_usado_training
Training,20,63,nao_usado_training
Training,20,177,nao_usado_training
Training,20,59,nao_usado_training
Training,20,334,nao_usado_training
Training,20,16,nao_usado_training
Training,20,371,nao_usado_training
Training,20,268,nao_usado_training
Training,20,125,nao_usado_training
Training,20,495,nao_usado_training
Training,20,244,nao_usado_training
Training,20,264,nao_usado_training
Training,20,43,nao_usado_training
Training,20,224,nao_usado_training
Training,20,209,nao_usado_training
Training,20,144,nao_usado_training
Training,20,486,nao_usado_training
Training,20,303,nao_usado_training
Training,20,251,nao_usado_training
Training,20,141,nao_usado_training
Training,20,158,nao_usado_training
Training,20,152,nao_usado_training
Training,20,33,nao_usado_training
Training,20,352,nao_usado_training
Training,20,143,nao_usado_training
Training,20,84,nao_usado_training
Training,20,368,nao_usado_training
Training,20,428,nao_usado_training
Training,20,225,nao_usado_training
Training,20,201,nao_usado_training
Training,20,58,nao_usado_training
Training,20,429,nao_usado_training
Training,20,266,nao_usado_training
Training,20,66,nao_usado_training
Training,20,245,nao_usado_training
Training,20,28,nao_usado_training
Training,20,383,nao_usado_training
Training,20,395,nao_usado_training
Training,20,369,nao_usado_training
Training,20,211,nao_usado_training
Training,20,88,nao_usado_training
Training,20,275,nao_usado_training
Training,20,447,nao_usado_training
Training,20,39,nao_usado_training
Training,20,333,nao_usado_training
Training,20,106,nao_usado_training
Training,20,102,nao_usado_training
Training,20,256,nao_usado_training
Training,20,304,nao_usado_training
Training,20,498,nao_usado_training
Training,20,329,nao_usado_training
Training,20,76,nao_usado_training
Training,20,441,nao_usado_training
Training,20,500,nao_usado_training
Training,20,381,nao_usado_training
Training,20,205,nao_usado_training
Training,20,422,nao_usado_training
Training,20,324,nao_usado_training
Training,20,340,nao_usado_training
Training,20,213,nao_usado_training
Training,20,347,nao_usado_training
Training,20,240,nao_usado_training
Training,20,48,nao_usado_training
Training,20,94,nao_usado_training
Training,20,47,nao_usado_training
Training,20,358,nao_usado_training
Training,20,172,nao_usado_training
Training,20,155,nao_usado_training
Training,20,4,nao_usado_training
Training,20,435,nao_usado_training
Training,20,203,nao_usado_training
Training,20,110,nao_usado_training
Training,20,175,nao_usado_training
Training,20,53,nao_usado_training
Training,20,291,nao_usado_training
Training,20,276,nao_usado_training
Training,20,139,nao_usado_training
Training,20,165,nao_usado_training
Training,20,405,nao_usado_training
Training,20,350,nao_usado_training
Training,20,190,nao_usado_training
Training,20,9,nao_usado_training
Training,20,142,nao_usado_training
Training,20,463,nao_usado_training
Training,20,228,nao_usado_training
Training,20,342,nao_usado_training
Training,20,236,nao_usado_training
Training,20,3,nao_usado_training
Training,20,223,nao_usado_training
Training,20,136,nao_usado_training
Training,20,220,nao_usado_training
Training,20,200,nao_usado_training
Training,20,19,nao_usado_training
Training,20,459,nao_usado_training
Training,20,281,nao_usado_training
Training,20,414,nao_usado_training
Training,20,210,nao_usado_training
Training,20,128,nao_usado_training
Training,20,186,nao_usado_training
Training,20,170,nao_usado_training
Training,20,104,nao_usado_training
Training,20,314,nao_usado_training
Training,20,31,nao_usado_training
Training,20,310,nao_usado_training
Training,20,433,nao_usado_training
Training,20,418,nao_usado_training
Training,20,467,nao_usado_training
Training,20,239,nao_usado_training
Training,20,20,nao_usado_training
Training,20,274,nao_usado_training
Training,20,285,nao_usado_training
Training,20,451,nao_usado_training
Training,20,496,nao_usado_training
Training,20,253,nao_usado_training
Training,20,468,nao_usado_training
Training,20,485,nao_usado_training
Training,20,163,nao_usado_training
Training,20,401,nao_usado_training
Training,20,45,nao_usado_training
Training,20,396,nao_usado_training
Training,20,38,nao_usado_training
Training,20,270,nao_usado_training
Training,20,331,nao_usado_training
Training,20,431,nao_usado_training
Training,20,138,nao_usado_training
Training,20,382,nao_usado_training
Training,20,355,nao_usado_training
Training,20,132,nao_usado_training
Training,20,439,nao_usado_training
Training,20,330,nao_usado_training
Training,20,193,nao_usado_training
Training,20,105,nao_usado_training
Training,20,421,nao_usado_training
Training,20,499,nao_usado_training
Training,20,378,nao_usado_training
Training,20,168,nao_usado_training
Training,20,438,nao_usado_training
Training,20,96,nao_usado_training
Training,20,230,nao_usado_training
Training,20,450,nao_usado_training
Training,20,112,nao_usado_training
Training,20,297,nao_usado_training
Training,20,315,nao_usado_training
Training,20,456,nao_usado_training
Training,20,482,nao_usado_training
Training,20,182,nao_usado_training
Training,20,416,nao_usado_training
Training,20,85,nao_usado_training
Training,20,287,nao_usado_training
Training,20,461,nao_usado_training
Training,20,169,nao_usado_training
Training,20,419,nao_usado_training
Training,20,77,nao_usado_training
Training,20,156,nao_usado_training
Training,20,73,nao_usado_training
Testing,0,1,teste
Testing,0,2,teste
Testing,0,3,teste
Testing,0,4,teste
Testing,0,5,teste
Testing,0,6,teste
Testing,0,7,teste
Testing,0,8,teste
Testing,0,9,teste
Testing,0,10,teste
Testing,0,11,teste
Testing,0,12,teste
Testing,0,13,teste
Testing,0,14,teste
Testing,0,15,teste
Testing,0,16,teste
Testing,0,17,teste
Testing,0,18,teste
Testing,0,19,teste
Testing,0,20,teste
Testing,0,21,teste
Testing,0,22,teste
Testing,0,23,teste
Testing,0,24,teste
Testing,0,25,teste
Testing,0,26,teste
Testing,0,27,teste
Testing,0,28,teste
Testing,0,29,teste
Testing,0,30,teste
Testing,0,31,teste
Testing,0,32,teste
Testing,0,33,teste
Testing,0,34,teste
Testing,0,35,teste
Testing,0,36,teste
Testing,0,37,teste
Testing,0,38,teste
Testing,0,39,teste
Testing,0,40,teste
Testing,0,41,teste
Testing,0,42,teste
Testing,0,43,teste
Testing,0,44,teste
Testing,0,45,teste
Testing,0,46,teste
Testing,0,47,teste
Testing,0,48,teste
Testing,0,49,teste
Testing,0,50,teste
Testing,0,51,teste
Testing,0,52,teste
Testing,0,53,teste
Testing,0,54,teste
Testing,0,55,teste
Testing,0,56,teste
Testing,0,57,teste
Testing,0,58,teste
Testing,0,59,teste
Testing,0,60,teste
Testing,0,61,teste
Testing,0,62,teste
Testing,0,63,teste
Testing,0,64,teste
Testing,0,65,teste
Testing,0,66,teste
Testing,0,67,teste
Testing,0,68,teste
Testing,0,69,teste
Testing,0,70,teste
Testing,0,71,teste
Testing,0,72,teste
Testing,0,73,teste
Testing,0,74,teste
Testing,0,75,teste
Testing,0,76,teste
Testing,0,77,teste
Testing,0,78,teste
Testing,0,79,teste
Testing,0,80,teste
Testing,0,81,teste
Testing,0,82,teste
Testing,0,83,teste
Testing,0,84,teste
Testing,0,85,teste
Testing,0,86,teste
Testing,0,87,teste
Testing,0,88,teste
Testing,0,89,teste
Testing,0,90,teste
Testing,0,91,teste
Testing,0,92,teste
Testing,0,93,teste
Testing,0,94,teste
Testing,0,95,teste
Testing,0,96,teste
Testing,0,97,teste
Testing,0,98,teste
Testing,0,99,teste
Testing,0,100,teste
Testing,0,101,teste
Testing,0,102,teste
Testing,0,103,teste
Testing,0,104,teste
Testing,0,105,teste
Testing,0,106,teste
Testing,0,107,teste
Testing,0,108,teste
Testing,0,109,teste
Testing,0,110,teste
Testing,0,111,teste
Testing,0,112,teste
Testing,0,113,teste
Testing,0,114,teste
Testing,0,115,teste
Testing,0,116,teste
Testing,0,117,teste
Testing,0,118,teste
Testing,0,119,teste
Testing,0,120,teste
Testing,0,121,teste
Testing,0,122,teste
Testing,0,123,teste
Testing,0,124,teste
Testing,0,125,teste
Testing,0,126,teste
Testing,0,127,teste
Testing,0,128,teste
Testing,0,129,teste
Testing,0,130,teste
Testing,0,131,teste
Testing,0,132,teste
Testing,0,133,teste
Testing,0,134,teste
Testing,0,135,teste
Testing,0,136,teste
Testing,0,137,teste
Testing,0,138,teste
Testing,0,139,teste
Testing,0,140,teste
Testing,0,141,teste
Testing,0,142,teste
Testing,0,143,teste
Testing,0,144,teste
Testing,0,145,teste
Testing,0,146,teste
Testing,0,147,teste
Testing,0,148,teste
Testing,0,149,teste
Testing,0,150,teste
Testing,0,151,teste
Testing,0,152,teste
Testing,0,153,teste
Testing,0,154,teste
Testing,0,155,teste
Testing,0,156,teste
Testing,0,157,teste
Testing,0,158,teste
Testing,0,159,teste
Testing,0,160,teste
Testing,0,161,teste
Testing,0,162,teste
Testing,0,163,teste
Testing,0,164,teste
Testing,0,165,teste
Testing,0,166,teste
Testing,0,167,teste
Testing,0,168,teste
Testing,0,169,teste
Testing,0,170,teste
Testing,0,171,teste
Testing,0,172,teste
Testing,0,173,teste
Testing,0,174,teste
Testing,0,175,teste
Testing,0,176,teste
Testing,0,177,teste
Testing,0,178,teste
Testing,0,179,teste
Testing,0,180,teste
Testing,0,181,teste
Testing,0,182,teste
Testing,0,183,teste
Testing,0,184,teste
Testing,0,185,teste
Testing,0,186,teste
Testing,0,187,teste
Testing,0,188,teste
Testing,0,189,teste
Testing,0,190,teste
Testing,0,191,teste
Testing,0,192,teste
Testing,0,193,teste
Testing,0,194,teste
Testing,0,195,teste
Testing,0,196,teste
Testing,0,197,teste
Testing,0,198,teste
Testing,0,199,teste
Testing,0,200,teste
Testing,0,201,teste
Testing,0,202,teste
Testing,0,203,teste
Testing,0,204,teste
Testing,0,205,teste
Testing,0,206,teste
Testing,0,207,teste
Testing,0,208,teste
Testing,0,209,teste
Testing,0,210,teste
Testing,0,211,teste
Testing,0,212,teste
Testing,0,213,teste
Testing,0,214,teste
Testing,0,215,teste
Testing,0,216,teste
Testing,0,217,teste
Testing,0,218,teste
Testing,0,219,teste
Testing,0,220,teste
Testing,0,221,teste
Testing,0,222,teste
Testing,0,223,teste
Testing,0,224,teste
Testing,0,225,teste
Testing,0,226,teste
Testing,0,227,teste
Testing,0,228,teste
Testing,0,229,teste
Testing,0,230,teste
Testing,0,231,teste
Testing,0,232,teste
Testing,0,233,teste
Testing,0,234,teste
Testing,0,235,teste
Testing,0,236,teste
Testing,0,237,teste
Testing,0,238,teste
Testing,0,239,teste
Testing,0,240,teste
Testing,0,241,teste
Testing,0,242,teste
Testing,0,243,teste
Testing,0,244,teste
Testing,0,245,teste
Testing,0,246,teste
Testing,0,247,teste
Testing,0,248,teste
Testing,0,249,teste
Testing,0,250,teste
Testing,0,251,teste
Testing,0,252,teste
Testing,0,253,teste
Testing,0,254,teste
Testing,0,255,teste
Testing,0,256,teste
Testing,0,257,teste
Testing,0,258,teste
Testing,0,259,teste
Testing,0,260,teste
Testing,0,261,teste
Testing,0,262,teste
Testing,0,263,teste
Testing,0,264,teste
Testing,0,265,teste
Testing,0,266,teste
Testing,0,267,teste
Testing,0,268,teste
Testing,0,269,teste
Testing,0,270,teste
Testing,0,271,teste
Testing,0,272,teste
Testing,0,273,teste
Testing,0,274,teste
Testing,0,275,teste
Testing,0,276,teste
Testing,0,277,teste
Testing,0,278,teste
Testing,0,279,teste
Testing,0,280,teste
Testing,0,281,teste
Testing,0,282,teste
Testing,0,283,teste
Testing,0,284,teste
Testing,0,285,teste
Testing,0,286,teste
Testing,0,287,teste
Testing,0,288,teste
Testing,0,289,teste
Testing,0,290,teste
Testing,0,291,teste
Testing,0,292,teste
Testing,0,293,teste
Testing,0,294,teste
Testing,0,295,teste
Testing,0,296,teste
Testing,0,297,teste
Testing,0,298,teste
Testing,0,299,teste
Testing,0,300,teste
Testing,0,301,teste
Testing,0,302,teste
Testing,0,303,teste
Testing,0,304,teste
Testing,0,305,teste
Testing,0,306,teste
Testing,0,307,teste
Testing,0,308,teste
Testing,0,309,teste
Testing,0,310,teste
Testing,0,311,teste
Testing,0,312,teste
Testing,0,313,teste
Testing,0,314,teste
Testing,0,315,teste
Testing,0,316,teste
Testing,0,317,teste
Testing,0,318,teste
Testing,0,319,teste
Testing,0,320,teste
Testing,0,321,teste
Testing,0,322,teste
Testing,0,323,teste
Testing,0,324,teste
Testing,0,325,teste
Testing,0,326,teste
Testing,0,327,teste
Testing,0,328,teste
Testing,0,329,teste
Testing,0,330,teste
Testing,0,331,teste
Testing,0,332,teste
Testing,0,333,teste
Testing,0,334,teste
Testing,0,335,teste
Testing,0,336,teste
Testing,0,337,teste
Testing,0,338,teste
Testing,0,339,teste
Testing,0,340,teste
Testing,0,341,teste
Testing,0,342,teste
Testing,0,343,teste
Testing,0,344,teste
Testing,0,345,teste
Testing,0,346,teste
Testing,0,347,teste
Testing,0,348,teste
Testing,0,349,teste
Testing,0,350,teste
Testing,0,351,teste
Testing,0,352,teste
Testing,0,353,teste
Testing,0,354,teste
Testing,0,355,teste
Testing,0,356,teste
Testing,0,357,teste
Testing,0,358,teste
Testing,0,359,teste
Testing,0,360,teste
Testing,0,361,teste
Testing,0,362,teste
Testing,0,363,teste
Testing,0,364,teste
Testing,0,365,teste
Testing,0,366,teste
Testing,0,367,teste
Testing,0,368,teste
Testing,0,369,teste
Testing,0,370,teste
Testing,0,371,teste
Testing,0,372,teste
Testing,0,373,teste
Testing,0,374,teste
Testing,0,375,teste
Testing,0,376,teste
Testing,0,377,teste
Testing,0,378,teste
Testing,0,379,teste
Testing,0,380,teste
Testing,0,381,teste
Testing,0,382,teste
Testing,0,383,teste
Testing,0,384,teste
Testing,0,385,teste
Testing,0,386,teste
Testing,0,387,teste
Testing,0,388,teste
Testing,0,389,teste
Testing,0,390,teste
Testing,0,391,teste
Testing,0,392,teste
Testing,0,393,teste
Testing,0,394,teste
Testing,0,395,teste
Testing,0,396,teste
Testing,0,397,teste
Testing,0,398,teste
Testing,0,399,teste
Testing,0,400,teste
Testing,0,401,teste
Testing,0,402,teste
Testing,0,403,teste
Testing,0,404,teste
Testing,0,405,teste
Testing,0,406,teste
Testing,0,407,teste
Testing,0,408,teste
Testing,0,409,teste
Testing,0,410,teste
Testing,0,411,teste
Testing,0,412,teste
Testing,0,413,teste
Testing,0,414,teste
Testing,0,415,teste
Testing,0,416,teste
Testing,0,417,teste
Testing,0,418,teste
Testing,0,419,teste
Testing,0,420,teste
Testing,0,421,teste
Testing,0,422,teste
Testing,0,423,teste
Testing,0,424,teste
Testing,0,425,teste
Testing,0,426,teste
Testing,0,427,teste
Testing,0,428,teste
Testing,0,429,teste
Testing,0,430,teste
Testing,0,431,teste
Testing,0,432,teste
Testing,0,433,teste
Testing,0,434,teste
Testing,0,435,teste
Testing,0,436,teste
Testing,0,437,teste
Testing,0,438,teste
Testing,0,439,teste
Testing,0,440,teste
Testing,0,441,teste
Testing,0,442,teste
Testing,0,443,teste
Testing,0,444,teste
Testing,0,445,teste
Testing,0,446,teste
Testing,0,447,teste
Testing,0,448,teste
Testing,0,449,teste
Testing,0,450,teste
Testing,0,451,teste
Testing,0,452,teste
Testing,0,453,teste
Testing,0,454,teste
Testing,0,455,teste
Testing,0,456,teste
Testing,0,457,teste
Testing,0,458,teste
Testing,0,459,teste
Testing,0,460,teste
Testing,0,461,teste
Testing,0,462,teste
Testing,0,463,teste
Testing,0,464,teste
Testing,0,465,teste
Testing,0,466,teste
Testing,0,467,teste
Testing,0,468,teste
Testing,0,469,teste
Testing,0,470,teste
Testing,0,471,teste
Testing,0,472,teste
Testing,0,473,teste
Testing,0,474,teste
Testing,0,475,teste
Testing,0,476,teste
Testing,0,477,teste
Testing,0,478,teste
Testing,0,479,teste
Testing,0,480,teste
Testing,0,481,teste
Testing,0,482,teste
Testing,0,483,teste
Testing,0,484,teste
Testing,0,485,teste
Testing,0,486,teste
Testing,0,487,teste
Testing,0,488,teste
Testing,0,489,teste
Testing,0,490,teste
Testing,0,491,teste
Testing,0,492,teste
Testing,0,493,teste
Testing,0,494,teste
Testing,0,495,teste
Testing,0,496,teste
Testing,0,497,teste
Testing,0,498,teste
Testing,0,499,teste
Testing,0,500,teste
Testing,1,1,teste
Testing,1,2,teste
Testing,1,3,teste
Testing,1,4,teste
Testing,1,5,teste
Testing,1,6,teste
Testing,1,7,teste
Testing,1,8,teste
Testing,1,9,teste
Testing,1,10,teste
Testing,1,11,teste
Testing,1,12,teste
Testing,1,13,teste
Testing,1,14,teste
Testing,1,15,teste
Testing,1,16,teste
Testing,1,17,teste
Testing,1,18,teste
Testing,1,19,teste
Testing,1,20,teste
Testing,1,21,teste
Testing,1,22,teste
Testing,1,23,teste
Testing,1,24,teste
Testing,1,25,teste
Testing,1,26,teste
Testing,1,27,teste
Testing,1,28,teste
Testing,1,29,teste
Testing,1,30,teste
Testing,1,31,teste
Testing,1,32,teste
Testing,1,33,teste
Testing,1,34,teste
Testing,1,35,teste
Testing,1,36,teste
Testing,1,37,teste
Testing,1,38,teste
Testing,1,39,teste
Testing,1,40,teste
Testing,1,41,teste
Testing,1,42,teste
Testing,1,43,teste
Testing,1,44,teste
Testing,1,45,teste
Testing,1,46,teste
Testing,1,47,teste
Testing,1,48,teste
Testing,1,49,teste
Testing,1,50,teste
Testing,1,51,teste
Testing,1,52,teste
Testing,1,53,teste
Testing,1,54,teste
Testing,1,55,teste
Testing,1,56,teste
Testing,1,57,teste
Testing,1,58,teste
Testing,1,59,teste
Testing,1,60,teste
Testing,1,61,teste
Testing,1,62,teste
Testing,1,63,teste
Testing,1,64,teste
Testing,1,65,teste
Testing,1,66,teste
Testing,1,67,teste
Testing,1,68,teste
Testing,1,69,teste
Testing,1,70,teste
Testing,1,71,teste
Testing,1,72,teste
Testing,1,73,teste
Testing,1,74,teste
Testing,1,75,teste
Testing,1,76,teste
Testing,1,77,teste
Testing,1,78,teste
Testing,1,79,teste
Testing,1,80,teste
Testing,1,81,teste
Testing,1,82,teste
Testing,1,83,teste
Testing,1,84,teste
Testing,1,85,teste
Testing,1,86,teste
Testing,1,87,teste
Testing,1,88,teste
Testing,1,89,teste
Testing,1,90,teste
Testing,1,91,teste
Testing,1,92,teste
Testing,1,93,teste
Testing,1,94,teste
Testing,1,95,teste
Testing,1,96,teste
Testing,1,97,teste
Testing,1,98,teste
Testing,1,99,teste
Testing,1,100,teste
Testing,1,101,teste
Testing,1,102,teste
Testing,1,103,teste
Testing,1,104,teste
Testing,1,105,teste
Testing,1,106,teste
Testing,1,107,teste
Testing,1,108,teste
Testing,1,109,teste
Testing,1,110,teste
Testing,1,111,teste
Testing,1,112,teste
Testing,1,113,teste
Testing,1,114,teste
Testing,1,115,teste
Testing,1,116,teste
Testing,1,117,teste
Testing,1,118,teste
Testing,1,119,teste
Testing,1,120,teste
Testing,1,121,teste
Testing,1,122,teste
Testing,1,123,teste
Testing,1,124,teste
Testing,1,125,teste
Testing,1,126,teste
Testing,1,127,teste
Testing,1,128,teste
Testing,1,129,teste
Testing,1,130,teste
Testing,1,131,teste
Testing,1,132,teste
Testing,1,133,teste
Testing,1,134,teste
Testing,1,135,teste
Testing,1,136,teste
Testing,1,137,teste
Testing,1,138,teste
Testing,1,139,teste
Testing,1,140,teste
Testing,1,141,teste
Testing,1,142,teste
Testing,1,143,teste
Testing,1,144,teste
Testing,1,145,teste
Testing,1,146,teste
Testing,1,147,teste
Testing,1,148,teste
Testing,1,149,teste
Testing,1,150,teste
Testing,1,151,teste
Testing,1,152,teste
Testing,1,153,teste
Testing,1,154,teste
Testing,1,155,teste
Testing,1,156,teste
Testing,1,157,teste
Testing,1,158,teste
Testing,1,159,teste
Testing,1,160,teste
Testing,1,161,teste
Testing,1,162,teste
Testing,1,163,teste
Testing,1,164,teste
Testing,1,165,teste
Testing,1,166,teste
Testing,1,167,teste
Testing,1,168,teste
Testing,1,169,teste
Testing,1,170,teste
Testing,1,171,teste
Testing,1,172,teste
Testing,1,173,teste
Testing,1,174,teste
Testing,1,175,teste
Testing,1,176,teste
Testing,1,177,teste
Testing,1,178,teste
Testing,1,179,teste
Testing,1,180,teste
Testing,1,181,teste
Testing,1,182,teste
Testing,1,183,teste
Testing,1,184,teste
Testing,1,185,teste
Testing,1,186,teste
Testing,1,187,teste
Testing,1,188,teste
Testing,1,189,teste
Testing,1,190,teste
Testing,1,191,teste
Testing,1,192,teste
Testing,1,193,teste
Testing,1,194,teste
Testing,1,195,teste
Testing,1,196,teste
Testing,1,197,teste
Testing,1,198,teste
Testing,1,199,teste
Testing,1,200,teste
Testing,1,201,teste
Testing,1,202,teste
Testing,1,203,teste
Testing,1,204,teste
Testing,1,205,teste
Testing,1,206,teste
Testing,1,207,teste
Testing,1,208,teste
Testing,1,209,teste
Testing,1,210,teste
Testing,1,211,teste
Testing,1,212,teste
Testing,1,213,teste
Testing,1,214,teste
Testing,1,215,teste
Testing,1,216,teste
Testing,1,217,teste
Testing,1,218,teste
Testing,1,219,teste
Testing,1,220,teste
Testing,1,221,teste
Testing,1,222,teste
Testing,1,223,teste
Testing,1,224,teste
Testing,1,225,teste
Testing,1,226,teste
Testing,1,227,teste
Testing,1,228,teste
Testing,1,229,teste
Testing,1,230,teste
Testing,1,231,teste
Testing,1,232,teste
Testing,1,233,teste
Testing,1,234,teste
Testing,1,235,teste
Testing,1,236,teste
Testing,1,237,teste
Testing,1,238,teste
Testing,1,239,teste
Testing,1,240,teste
Testing,1,241,teste
Testing,1,242,teste
Testing,1,243,teste
Testing,1,244,teste
Testing,1,245,teste
Testing,1,246,teste
Testing,1,247,teste
Testing,1,248,teste
Testing,1,249,teste
Testing,1,250,teste
Testing,1,251,teste
Testing,1,252,teste
Testing,1,253,teste
Testing,1,254,teste
Testing,1,255,teste
Testing,1,256,teste
Testing,1,257,teste
Testing,1,258,teste
Testing,1,259,teste
Testing,1,260,teste
Testing,1,261,teste
Testing,1,262,teste
Testing,1,263,teste
Testing,1,264,teste
Testing,1,265,teste
Testing,1,266,teste
Testing,1,267,teste
Testing,1,268,teste
Testing,1,269,teste
Testing,1,270,teste
Testing,1,271,teste
Testing,1,272,teste
Testing,1,273,teste
Testing,1,274,teste
Testing,1,275,teste
Testing,1,276,teste
Testing,1,277,teste
Testing,1,278,teste
Testing,1,279,teste
Testing,1,280,teste
Testing,1,281,teste
Testing,1,282,teste
Testing,1,283,teste
Testing,1,284,teste
Testing,1,285,teste
Testing,1,286,teste
Testing,1,287,teste
Testing,1,288,teste
Testing,1,289,teste
Testing,1,290,teste
Testing,1,291,teste
Testing,1,292,teste
Testing,1,293,teste
Testing,1,294,teste
Testing,1,295,teste
Testing,1,296,teste
Testing,1,297,teste
Testing,1,298,teste
Testing,1,299,teste
Testing,1,300,teste
Testing,1,301,teste
Testing,1,302,teste
Testing,1,303,teste
Testing,1,304,teste
Testing,1,305,teste
Testing,1,306,teste
Testing,1,307,teste
Testing,1,308,teste
Testing,1,309,teste
Testing,1,310,teste
Testing,1,311,teste
Testing,1,312,teste
Testing,1,313,teste
Testing,1,314,teste
Testing,1,315,teste
Testing,1,316,teste
Testing,1,317,teste
Testing,1,318,teste
Testing,1,319,teste
Testing,1,320,teste
Testing,1,321,teste
Testing,1,322,teste
Testing,1,323,teste
Testing,1,324,teste
Testing,1,325,teste
Testing,1,326,teste
Testing,1,327,teste
Testing,1,328,teste
Testing,1,329,teste
Testing,1,330,teste
Testing,1,331,teste
Testing,1,332,teste
Testing,1,333,teste
Testing,1,334,teste
Testing,1,335,teste
Testing,1,336,teste
Testing,1,337,teste
Testing,1,338,teste
Testing,1,339,teste
Testing,1,340,teste
Testing,1,341,teste
Testing,1,342,teste
Testing,1,343,teste
Testing,1,344,teste
Testing,1,345,teste
Testing,1,346,teste
Testing,1,347,teste
Testing,1,348,teste
Testing,1,349,teste
Testing,1,350,teste
Testing,1,351,teste
Testing,1,352,teste
Testing,1,353,teste
Testing,1,354,teste
Testing,1,355,teste
Testing,1,356,teste
Testing,1,357,teste
Testing,1,358,teste
Testing,1,359,teste
Testing,1,360,teste
Testing,1,361,teste
Testing,1,362,teste
Testing,1,363,teste
Testing,1,364,teste
Testing,1,365,teste
Testing,1,366,teste
Testing,1,367,teste
Testing,1,368,teste
Testing,1,369,teste
Testing,1,370,teste
Testing,1,371,teste
Testing,1,372,teste
Testing,1,373,teste
Testing,1,374,teste
Testing,1,375,teste
Testing,1,376,teste
Testing,1,377,teste
Testing,1,378,teste
Testing,1,379,teste
Testing,1,380,teste
Testing,1,381,teste
Testing,1,382,teste
Testing,1,383,teste
Testing,1,384,teste
Testing,1,385,teste
Testing,1,386,teste
Testing,1,387,teste
Testing,1,388,teste
Testing,1,389,teste
Testing,1,390,teste
Testing,1,391,teste
Testing,1,392,teste
Testing,1,393,teste
Testing,1,394,teste
Testing,1,395,teste
Testing,1,396,teste
Testing,1,397,teste
Testing,1,398,teste
Testing,1,399,teste
Testing,1,400,teste
Testing,1,401,teste
Testing,1,402,teste
Testing,1,403,teste
Testing,1,404,teste
Testing,1,405,teste
Testing,1,406,teste
Testing,1,407,teste
Testing,1,408,teste
Testing,1,409,teste
Testing,1,410,teste
Testing,1,411,teste
Testing,1,412,teste
Testing,1,413,teste
Testing,1,414,teste
Testing,1,415,teste
Testing,1,416,teste
Testing,1,417,teste
Testing,1,418,teste
Testing,1,419,teste
Testing,1,420,teste
Testing,1,421,teste
Testing,1,422,teste
Testing,1,423,teste
Testing,1,424,teste
Testing,1,425,teste
Testing,1,426,teste
Testing,1,427,teste
Testing,1,428,teste
Testing,1,429,teste
Testing,1,430,teste
Testing,1,431,teste
Testing,1,432,teste
Testing,1,433,teste
Testing,1,434,teste
Testing,1,435,teste
Testing,1,436,teste
Testing,1,437,teste
Testing,1,438,teste
Testing,1,439,teste
Testing,1,440,teste
Testing,1,441,teste
Testing,1,442,teste
Testing,1,443,teste
Testing,1,444,teste
Testing,1,445,teste
Testing,1,446,teste
Testing,1,447,teste
Testing,1,448,teste
Testing,1,449,teste
Testing,1,450,teste
Testing,1,451,teste
Testing,1,452,teste
Testing,1,453,teste
Testing,1,454,teste
Testing,1,455,teste
Testing,1,456,teste
Testing,1,457,teste
Testing,1,458,teste
Testing,1,459,teste
Testing,1,460,teste
Testing,1,461,teste
Testing,1,462,teste
Testing,1,463,teste
Testing,1,464,teste
Testing,1,465,teste
Testing,1,466,teste
Testing,1,467,teste
Testing,1,468,teste
Testing,1,469,teste
Testing,1,470,teste
Testing,1,471,teste
Testing,1,472,teste
Testing,1,473,teste
Testing,1,474,teste
Testing,1,475,teste
Testing,1,476,teste
Testing,1,477,teste
Testing,1,478,teste
Testing,1,479,teste
Testing,1,480,teste
Testing,1,481,teste
Testing,1,482,teste
Testing,1,483,teste
Testing,1,484,teste
Testing,1,485,teste
Testing,1,486,teste
Testing,1,487,teste
Testing,1,488,teste
Testing,1,489,teste
Testing,1,490,teste
Testing,1,491,teste
Testing,1,492,teste
Testing,1,493,teste
Testing,1,494,teste
Testing,1,495,teste
Testing,1,496,teste
Testing,1,497,teste
Testing,1,498,teste
Testing,1,499,teste
Testing,1,500,teste
Testing,2,1,teste
Testing,2,2,teste
Testing,2,3,teste
Testing,2,4,teste
Testing,2,5,teste
Testing,2,6,teste
Testing,2,7,teste
Testing,2,8,teste
Testing,2,9,teste
Testing,2,10,teste
Testing,2,11,teste
Testing,2,12,teste
Testing,2,13,teste
Testing,2,14,teste
Testing,2,15,teste
Testing,2,16,teste
Testing,2,17,teste
Testing,2,18,teste
Testing,2,19,teste
Testing,2,20,teste
Testing,2,21,teste
Testing,2,22,teste
Testing,2,23,teste
Testing,2,24,teste
Testing,2,25,teste
Testing,2,26,teste
Testing,2,27,teste
Testing,2,28,teste
Testing,2,29,teste
Testing,2,30,teste
Testing,2,31,teste
Testing,2,32,teste
Testing,2,33,teste
Testing,2,34,teste
Testing,2,35,teste
Testing,2,36,teste
Testing,2,37,teste
Testing,2,38,teste
Testing,2,39,teste
Testing,2,40,teste
Testing,2,41,teste
Testing,2,42,teste
Testing,2,43,teste
Testing,2,44,teste
Testing,2,45,teste
Testing,2,46,teste
Testing,2,47,teste
Testing,2,48,teste
Testing,2,49,teste
Testing,2,50,teste
Testing,2,51,teste
Testing,2,52,teste
Testing,2,53,teste
Testing,2,54,teste
Testing,2,55,teste
Testing,2,56,teste
Testing,2,57,teste
Testing,2,58,teste
Testing,2,59,teste
Testing,2,60,teste
Testing,2,61,teste
Testing,2,62,teste
Testing,2,63,teste
Testing,2,64,teste
Testing,2,65,teste
Testing,2,66,teste
Testing,2,67,teste
Testing,2,68,teste
Testing,2,69,teste
Testing,2,70,teste
Testing,2,71,teste
Testing,2,72,teste
Testing,2,73,teste
Testing,2,74,teste
Testing,2,75,teste
Testing,2,76,teste
Testing,2,77,teste
Testing,2,78,teste
Testing,2,79,teste
Testing,2,80,teste
Testing,2,81,teste
Testing,2,82,teste
Testing,2,83,teste
Testing,2,84,teste
Testing,2,85,teste
Testing,2,86,teste
Testing,2,87,teste
Testing,2,88,teste
Testing,2,89,teste
Testing,2,90,teste
Testing,2,91,teste
Testing,2,92,teste
Testing,2,93,teste
Testing,2,94,teste
Testing,2,95,teste
Testing,2,96,teste
Testing,2,97,teste
Testing,2,98,teste
Testing,2,99,teste
Testing,2,100,teste
Testing,2,101,teste
Testing,2,102,teste
Testing,2,103,teste
Testing,2,104,teste
Testing,2,105,teste
Testing,2,106,teste
Testing,2,107,teste
Testing,2,108,teste
Testing,2,109,teste
Testing,2,110,teste
Testing,2,111,teste
Testing,2,112,teste
Testing,2,113,teste
Testing,2,114,teste
Testing,2,115,teste
Testing,2,116,teste
Testing,2,117,teste
Testing,2,118,teste
Testing,2,119,teste
Testing,2,120,teste
Testing,2,121,teste
Testing,2,122,teste
Testing,2,123,teste
Testing,2,124,teste
Testing,2,125,teste
Testing,2,126,teste
Testing,2,127,teste
Testing,2,128,teste
Testing,2,129,teste
Testing,2,130,teste
Testing,2,131,teste
Testing,2,132,teste
Testing,2,133,teste
Testing,2,134,teste
Testing,2,135,teste
Testing,2,136,teste
Testing,2,137,teste
Testing,2,138,teste
Testing,2,139,teste
Testing,2,140,teste
Testing,2,141,teste
Testing,2,142,teste
Testing,2,143,teste
Testing,2,144,teste
Testing,2,145,teste
Testing,2,146,teste
Testing,2,147,teste
Testing,2,148,teste
Testing,2,149,teste
Testing,2,150,teste
Testing,2,151,teste
Testing,2,152,teste
Testing,2,153,teste
Testing,2,154,teste
Testing,2,155,teste
Testing,2,156,teste
Testing,2,157,teste
Testing,2,158,teste
Testing,2,159,teste
Testing,2,160,teste
Testing,2,161,teste
Testing,2,162,teste
Testing,2,163,teste
Testing,2,164,teste
Testing,2,165,teste
Testing,2,166,teste
Testing,2,167,teste
Testing,2,168,teste
Testing,2,169,teste
Testing,2,170,teste
Testing,2,171,teste
Testing,2,172,teste
Testing,2,173,teste
Testing,2,174,teste
Testing,2,175,teste
Testing,2,176,teste
Testing,2,177,teste
Testing,2,178,teste
Testing,2,179,teste
Testing,2,180,teste
Testing,2,181,teste
Testing,2,182,teste
Testing,2,183,teste
Testing,2,184,teste
Testing,2,185,teste
Testing,2,186,teste
Testing,2,187,teste
Testing,2,188,teste
Testing,2,189,teste
Testing,2,190,teste
Testing,2,191,teste
Testing,2,192,teste
Testing,2,193,teste
Testing,2,194,teste
Testing,2,195,teste
Testing,2,196,teste
Testing,2,197,teste
Testing,2,198,teste
Testing,2,199,teste
Testing,2,200,teste
Testing,2,201,teste
Testing,2,202,teste
Testing,2,203,teste
Testing,2,204,teste
Testing,2,205,teste
Testing,2,206,teste
Testing,2,207,teste
Testing,2,208,teste
Testing,2,209,teste
Testing,2,210,teste
Testing,2,211,teste
Testing,2,212,teste
Testing,2,213,teste
Testing,2,214,teste
Testing,2,215,teste
Testing,2,216,teste
Testing,2,217,teste
Testing,2,218,teste
Testing,2,219,teste
Testing,2,220,teste
Testing,2,221,teste
Testing,2,222,teste
Testing,2,223,teste
Testing,2,224,teste
Testing,2,225,teste
Testing,2,226,teste
Testing,2,227,teste
Testing,2,228,teste
Testing,2,229,teste
Testing,2,230,teste
Testing,2,231,teste
Testing,2,232,teste
Testing,2,233,teste
Testing,2,234,teste
Testing,2,235,teste
Testing,2,236,teste
Testing,2,237,teste
Testing,2,238,teste
Testing,2,239,teste
Testing,2,240,teste
Testing,2,241,teste
Testing,2,242,teste
Testing,2,243,teste
Testing,2,244,teste
Testing,2,245,teste
Testing,2,246,teste
Testing,2,247,teste
Testing,2,248,teste
Testing,2,249,teste
Testing,2,250,teste
Testing,2,251,teste
Testing,2,252,teste
Testing,2,253,teste
Testing,2,254,teste
Testing,2,255,teste
Testing,2,256,teste
Testing,2,257,teste
Testing,2,258,teste
Testing,2,259,teste
Testing,2,260,teste
Testing,2,261,teste
Testing,2,262,teste
Testing,2,263,teste
Testing,2,264,teste
Testing,2,265,teste
Testing,2,266,teste
Testing,2,267,teste
Testing,2,268,teste
Testing,2,269,teste
Testing,2,270,teste
Testing,2,271,teste
Testing,2,272,teste
Testing,2,273,teste
Testing,2,274,teste
Testing,2,275,teste
Testing,2,276,teste
Testing,2,277,teste
Testing,2,278,teste
Testing,2,279,teste
Testing,2,280,teste
Testing,2,281,teste
Testing,2,282,teste
Testing,2,283,teste
Testing,2,284,teste
Testing,2,285,teste
Testing,2,286,teste
Testing,2,287,teste
Testing,2,288,teste
Testing,2,289,teste
Testing,2,290,teste
Testing,2,291,teste
Testing,2,292,teste
Testing,2,293,teste
Testing,2,294,teste
Testing,2,295,teste
Testing,2,296,teste
Testing,2,297,teste
Testing,2,298,teste
Testing,2,299,teste
Testing,2,300,teste
Testing,2,301,teste
Testing,2,302,teste
Testing,2,303,teste
Testing,2,304,teste
Testing,2,305,teste
Testing,2,306,teste
Testing,2,307,teste
Testing,2,308,teste
Testing,2,309,teste
Testing,2,310,teste
Testing,2,311,teste
Testing,2,312,teste
Testing,2,313,teste
Testing,2,314,teste
Testing,2,315,teste
Testing,2,316,teste
Testing,2,317,teste
Testing,2,318,teste
Testing,2,319,teste
Testing,2,320,teste
Testing,2,321,teste
Testing,2,322,teste
Testing,2,323,teste
Testing,2,324,teste
Testing,2,325,teste
Testing,2,326,teste
Testing,2,327,teste
Testing,2,328,teste
Testing,2,329,teste
Testing,2,330,teste
Testing,2,331,teste
Testing,2,332,teste
Testing,2,333,teste
Testing,2,334,teste
Testing,2,335,teste
Testing,2,336,teste
Testing,2,337,teste
Testing,2,338,teste
Testing,2,339,teste
Testing,2,340,teste
Testing,2,341,teste
Testing,2,342,teste
Testing,2,343,teste
Testing,2,344,teste
Testing,2,345,teste
Testing,2,346,teste
Testing,2,347,teste
Testing,2,348,teste
Testing,2,349,teste
Testing,2,350,teste
Testing,2,351,teste
Testing,2,352,teste
Testing,2,353,teste
Testing,2,354,teste
Testing,2,355,teste
Testing,2,356,teste
Testing,2,357,teste
Testing,2,358,teste
Testing,2,359,teste
Testing,2,360,teste
Testing,2,361,teste
Testing,2,362,teste
Testing,2,363,teste
Testing,2,364,teste
Testing,2,365,teste
Testing,2,366,teste
Testing,2,367,teste
Testing,2,368,teste
Testing,2,369,teste
Testing,2,370,teste
Testing,2,371,teste
Testing,2,372,teste
Testing,2,373,teste
Testing,2,374,teste
Testing,2,375,teste
Testing,2,376,teste
Testing,2,377,teste
Testing,2,378,teste
Testing,2,379,teste
Testing,2,380,teste
Testing,2,381,teste
Testing,2,382,teste
Testing,2,383,teste
Testing,2,384,teste
Testing,2,385,teste
Testing,2,386,teste
Testing,2,387,teste
Testing,2,388,teste
Testing,2,389,teste
Testing,2,390,teste
Testing,2,391,teste
Testing,2,392,teste
Testing,2,393,teste
Testing,2,394,teste
Testing,2,395,teste
Testing,2,396,teste
Testing,2,397,teste
Testing,2,398,teste
Testing,2,399,teste
Testing,2,400,teste
Testing,2,401,teste
Testing,2,402,teste
Testing,2,403,teste
Testing,2,404,teste
Testing,2,405,teste
Testing,2,406,teste
Testing,2,407,teste
Testing,2,408,teste
Testing,2,409,teste
Testing,2,410,teste
Testing,2,411,teste
Testing,2,412,teste
Testing,2,413,teste
Testing,2,414,teste
Testing,2,415,teste
Testing,2,416,teste
Testing,2,417,teste
Testing,2,418,teste
Testing,2,419,teste
Testing,2,420,teste
Testing,2,421,teste
Testing,2,422,teste
Testing,2,423,teste
Testing,2,424,teste
Testing,2,425,teste
Testing,2,426,teste
Testing,2,427,teste
Testing,2,428,teste
Testing,2,429,teste
Testing,2,430,teste
Testing,2,431,teste
Testing,2,432,teste
Testing,2,433,teste
Testing,2,434,teste
Testing,2,435,teste
Testing,2,436,teste
Testing,2,437,teste
Testing,2,438,teste
Testing,2,439,teste
Testing,2,440,teste
Testing,2,441,teste
Testing,2,442,teste
Testing,2,443,teste
Testing,2,444,teste
Testing,2,445,teste
Testing,2,446,teste
Testing,2,447,teste
Testing,2,448,teste
Testing,2,449,teste
Testing,2,450,teste
Testing,2,451,teste
Testing,2,452,teste
Testing,2,453,teste
Testing,2,454,teste
Testing,2,455,teste
Testing,2,456,teste
Testing,2,457,teste
Testing,2,458,teste
Testing,2,459,teste
Testing,2,460,teste
Testing,2,461,teste
Testing,2,462,teste
Testing,2,463,teste
Testing,2,464,teste
Testing,2,465,teste
Testing,2,466,teste
Testing,2,467,teste
Testing,2,468,teste
Testing,2,469,teste
Testing,2,470,teste
Testing,2,471,teste
Testing,2,472,teste
Testing,2,473,teste
Testing,2,474,teste
Testing,2,475,teste
Testing,2,476,teste
Testing,2,477,teste
Testing,2,478,teste
Testing,2,479,teste
Testing,2,480,teste
Testing,2,481,teste
Testing,2,482,teste
Testing,2,483,teste
Testing,2,484,teste
Testing,2,485,teste
Testing,2,486,teste
Testing,2,487,teste
Testing,2,488,teste
Testing,2,489,teste
Testing,2,490,teste
Testing,2,491,teste
Testing,2,492,teste
Testing,2,493,teste
Testing,2,494,teste
Testing,2,495,teste
Testing,2,496,teste
Testing,2,497,teste
Testing,2,498,teste
Testing,2,499,teste
Testing,2,500,teste
Testing,3,1,teste
Testing,3,2,teste
Testing,3,3,teste
Testing,3,4,teste
Testing,3,5,teste
Testing,3,6,teste
Testing,3,7,teste
Testing,3,8,teste
Testing,3,9,teste
Testing,3,10,teste
Testing,3,11,teste
Testing,3,12,teste
Testing,3,13,teste
Testing,3,14,teste
Testing,3,15,teste
Testing,3,16,teste
Testing,3,17,teste
Testing,3,18,teste
Testing,3,19,teste
Testing,3,20,teste
Testing,3,21,teste
Testing,3,22,teste
Testing,3,23,teste
Testing,3,24,teste
Testing,3,25,teste
Testing,3,26,teste
Testing,3,27,teste
Testing,3,28,teste
Testing,3,29,teste
Testing,3,30,teste
Testing,3,31,teste
Testing,3,32,teste
Testing,3,33,teste
Testing,3,34,teste
Testing,3,35,teste
Testing,3,36,teste
Testing,3,37,teste
Testing,3,38,teste
Testing,3,39,teste
Testing,3,40,teste
Testing,3,41,teste
Testing,3,42,teste
Testing,3,43,teste
Testing,3,44,teste
Testing,3,45,teste
Testing,3,46,teste
Testing,3,47,teste
Testing,3,48,teste
Testing,3,49,teste
Testing,3,50,teste
Testing,3,51,teste
Testing,3,52,teste
Testing,3,53,teste
Testing,3,54,teste
Testing,3,55,teste
Testing,3,56,teste
Testing,3,57,teste
Testing,3,58,teste
Testing,3,59,teste
Testing,3,60,teste
Testing,3,61,teste
Testing,3,62,teste
Testing,3,63,teste
Testing,3,64,teste
Testing,3,65,teste
Testing,3,66,teste
Testing,3,67,teste
Testing,3,68,teste
Testing,3,69,teste
Testing,3,70,teste
Testing,3,71,teste
Testing,3,72,teste
Testing,3,73,teste
Testing,3,74,teste
Testing,3,75,teste
Testing,3,76,teste
Testing,3,77,teste
Testing,3,78,teste
Testing,3,79,teste
Testing,3,80,teste
Testing,3,81,teste
Testing,3,82,teste
Testing,3,83,teste
Testing,3,84,teste
Testing,3,85,teste
Testing,3,86,teste
Testing,3,87,teste
Testing,3,88,teste
Testing,3,89,teste
Testing,3,90,teste
Testing,3,91,teste
Testing,3,92,teste
Testing,3,93,teste
Testing,3,94,teste
Testing,3,95,teste
Testing,3,96,teste
Testing,3,97,teste
Testing,3,98,teste
Testing,3,99,teste
Testing,3,100,teste
Testing,3,101,teste
Testing,3,102,teste
Testing,3,103,teste
Testing,3,104,teste
Testing,3,105,teste
Testing,3,106,teste
Testing,3,107,teste
Testing,3,108,teste
Testing,3,109,teste
Testing,3,110,teste
Testing,3,111,teste
Testing,3,112,teste
Testing,3,113,teste
Testing,3,114,teste
Testing,3,115,teste
Testing,3,116,teste
Testing,3,117,teste
Testing,3,118,teste
Testing,3,119,teste
Testing,3,120,teste
Testing,3,121,teste
Testing,3,122,teste
Testing,3,123,teste
Testing,3,124,teste
Testing,3,125,teste
Testing,3,126,teste
Testing,3,127,teste
Testing,3,128,teste
Testing,3,129,teste
Testing,3,130,teste
Testing,3,131,teste
Testing,3,132,teste
Testing,3,133,teste
Testing,3,134,teste
Testing,3,135,teste
Testing,3,136,teste
Testing,3,137,teste
Testing,3,138,teste
Testing,3,139,teste
Testing,3,140,teste
Testing,3,141,teste
Testing,3,142,teste
Testing,3,143,teste
Testing,3,144,teste
Testing,3,145,teste
Testing,3,146,teste
Testing,3,147,teste
Testing,3,148,teste
Testing,3,149,teste
Testing,3,150,teste
Testing,3,151,teste
Testing,3,152,teste
Testing,3,153,teste
Testing,3,154,teste
Testing,3,155,teste
Testing,3,156,teste
Testing,3,157,teste
Testing,3,158,teste
Testing,3,159,teste
Testing,3,160,teste
Testing,3,161,teste
Testing,3,162,teste
Testing,3,163,teste
Testing,3,164,teste
Testing,3,165,teste
Testing,3,166,teste
Testing,3,167,teste
Testing,3,168,teste
Testing,3,169,teste
Testing,3,170,teste
Testing,3,171,teste
Testing,3,172,teste
Testing,3,173,teste
Testing,3,174,teste
Testing,3,175,teste
Testing,3,176,teste
Testing,3,177,teste
Testing,3,178,teste
Testing,3,179,teste
Testing,3,180,teste
Testing,3,181,teste
Testing,3,182,teste
Testing,3,183,teste
Testing,3,184,teste
Testing,3,185,teste
Testing,3,186,teste
Testing,3,187,teste
Testing,3,188,teste
Testing,3,189,teste
Testing,3,190,teste
Testing,3,191,teste
Testing,3,192,teste
Testing,3,193,teste
Testing,3,194,teste
Testing,3,195,teste
Testing,3,196,teste
Testing,3,197,teste
Testing,3,198,teste
Testing,3,199,teste
Testing,3,200,teste
Testing,3,201,teste
Testing,3,202,teste
Testing,3,203,teste
Testing,3,204,teste
Testing,3,205,teste
Testing,3,206,teste
Testing,3,207,teste
Testing,3,208,teste
Testing,3,209,teste
Testing,3,210,teste
Testing,3,211,teste
Testing,3,212,teste
Testing,3,213,teste
Testing,3,214,teste
Testing,3,215,teste
Testing,3,216,teste
Testing,3,217,teste
Testing,3,218,teste
Testing,3,219,teste
Testing,3,220,teste
Testing,3,221,teste
Testing,3,222,teste
Testing,3,223,teste
Testing,3,224,teste
Testing,3,225,teste
Testing,3,226,teste
Testing,3,227,teste
Testing,3,228,teste
Testing,3,229,teste
Testing,3,230,teste
Testing,3,231,teste
Testing,3,232,teste
Testing,3,233,teste
Testing,3,234,teste
Testing,3,235,teste
Testing,3,236,teste
Testing,3,237,teste
Testing,3,238,teste
Testing,3,239,teste
Testing,3,240,teste
Testing,3,241,teste
Testing,3,242,teste
Testing,3,243,teste
Testing,3,244,teste
Testing,3,245,teste
Testing,3,246,teste
Testing,3,247,teste
Testing,3,248,teste
Testing,3,249,teste
Testing,3,250,teste
Testing,3,251,teste
Testing,3,252,teste
Testing,3,253,teste
Testing,3,254,teste
Testing,3,255,teste
Testing,3,256,teste
Testing,3,257,teste
Testing,3,258,teste
Testing,3,259,teste
Testing,3,260,teste
Testing,3,261,teste
Testing,3,262,teste
Testing,3,263,teste
Testing,3,264,teste
Testing,3,265,teste
Testing,3,266,teste
Testing,3,267,teste
Testing,3,268,teste
Testing,3,269,teste
Testing,3,270,teste
Testing,3,271,teste
Testing,3,272,teste
Testing,3,273,teste
Testing,3,274,teste
Testing,3,275,teste
Testing,3,276,teste
Testing,3,277,teste
Testing,3,278,teste
Testing,3,279,teste
Testing,3,280,teste
Testing,3,281,teste
Testing,3,282,teste
Testing,3,283,teste
Testing,3,284,teste
Testing,3,285,teste
Testing,3,286,teste
Testing,3,287,teste
Testing,3,288,teste
Testing,3,289,teste
Testing,3,290,teste
Testing,3,291,teste
Testing,3,292,teste
Testing,3,293,teste
Testing,3,294,teste
Testing,3,295,teste
Testing,3,296,teste
Testing,3,297,teste
Testing,3,298,teste
Testing,3,299,teste
Testing,3,300,teste
Testing,3,301,teste
Testing,3,302,teste
Testing,3,303,teste
Testing,3,304,teste
Testing,3,305,teste
Testing,3,306,teste
Testing,3,307,teste
Testing,3,308,teste
Testing,3,309,teste
Testing,3,310,teste
Testing,3,311,teste
Testing,3,312,teste
Testing,3,313,teste
Testing,3,314,teste
Testing,3,315,teste
Testing,3,316,teste
Testing,3,317,teste
Testing,3,318,teste
Testing,3,319,teste
Testing,3,320,teste
Testing,3,321,teste
Testing,3,322,teste
Testing,3,323,teste
Testing,3,324,teste
Testing,3,325,teste
Testing,3,326,teste
Testing,3,327,teste
Testing,3,328,teste
Testing,3,329,teste
Testing,3,330,teste
Testing,3,331,teste
Testing,3,332,teste
Testing,3,333,teste
Testing,3,334,teste
Testing,3,335,teste
Testing,3,336,teste
Testing,3,337,teste
Testing,3,338,teste
Testing,3,339,teste
Testing,3,340,teste
Testing,3,341,teste
Testing,3,342,teste
Testing,3,343,teste
Testing,3,344,teste
Testing,3,345,teste
Testing,3,346,teste
Testing,3,347,teste
Testing,3,348,teste
Testing,3,349,teste
Testing,3,350,teste
Testing,3,351,teste
Testing,3,352,teste
Testing,3,353,teste
Testing,3,354,teste
Testing,3,355,teste
Testing,3,356,teste
Testing,3,357,teste
Testing,3,358,teste
Testing,3,359,teste
Testing,3,360,teste
Testing,3,361,teste
Testing,3,362,teste
Testing,3,363,teste
Testing,3,364,teste
Testing,3,365,teste
Testing,3,366,teste
Testing,3,367,teste
Testing,3,368,teste
Testing,3,369,teste
Testing,3,370,teste
Testing,3,371,teste
Testing,3,372,teste
Testing,3,373,teste
Testing,3,374,teste
Testing,3,375,teste
Testing,3,376,teste
Testing,3,377,teste
Testing,3,378,teste
Testing,3,379,teste
Testing,3,380,teste
Testing,3,381,teste
Testing,3,382,teste
Testing,3,383,teste
Testing,3,384,teste
Testing,3,385,teste
Testing,3,386,teste
Testing,3,387,teste
Testing,3,388,teste
Testing,3,389,teste
Testing,3,390,teste
Testing,3,391,teste
Testing,3,392,teste
Testing,3,393,teste
Testing,3,394,teste
Testing,3,395,teste
Testing,3,396,teste
Testing,3,397,teste
Testing,3,398,teste
Testing,3,399,teste
Testing,3,400,teste
Testing,3,401,teste
Testing,3,402,teste
Testing,3,403,teste
Testing,3,404,teste
Testing,3,405,teste
Testing,3,406,teste
Testing,3,407,teste
Testing,3,408,teste
Testing,3,409,teste
Testing,3,410,teste
Testing,3,411,teste
Testing,3,412,teste
Testing,3,413,teste
Testing,3,414,teste
Testing,3,415,teste
Testing,3,416,teste
Testing,3,417,teste
Testing,3,418,teste
Testing,3,419,teste
Testing,3,420,teste
Testing,3,421,teste
Testing,3,422,teste
Testing,3,423,teste
Testing,3,424,teste
Testing,3,425,teste
Testing,3,426,teste
Testing,3,427,teste
Testing,3,428,teste
Testing,3,429,teste
Testing,3,430,teste
Testing,3,431,teste
Testing,3,432,teste
Testing,3,433,teste
Testing,3,434,teste
Testing,3,435,teste
Testing,3,436,teste
Testing,3,437,teste
Testing,3,438,teste
Testing,3,439,teste
Testing,3,440,teste
Testing,3,441,teste
Testing,3,442,teste
Testing,3,443,teste
Testing,3,444,teste
Testing,3,445,teste
Testing,3,446,teste
Testing,3,447,teste
Testing,3,448,teste
Testing,3,449,teste
Testing,3,450,teste
Testing,3,451,teste
Testing,3,452,teste
Testing,3,453,teste
Testing,3,454,teste
Testing,3,455,teste
Testing,3,456,teste
Testing,3,457,teste
Testing,3,458,teste
Testing,3,459,teste
Testing,3,460,teste
Testing,3,461,teste
Testing,3,462,teste
Testing,3,463,teste
Testing,3,464,teste
Testing,3,465,teste
Testing,3,466,teste
Testing,3,467,teste
Testing,3,468,teste
Testing,3,469,teste
Testing,3,470,teste
Testing,3,471,teste
Testing,3,472,teste
Testing,3,473,teste
Testing,3,474,teste
Testing,3,475,teste
Testing,3,476,teste
Testing,3,477,teste
Testing,3,478,teste
Testing,3,479,teste
Testing,3,480,teste
Testing,3,481,teste
Testing,3,482,teste
Testing,3,483,teste
Testing,3,484,teste
Testing,3,485,teste
Testing,3,486,teste
Testing,3,487,teste
Testing,3,488,teste
Testing,3,489,teste
Testing,3,490,teste
Testing,3,491,teste
Testing,3,492,teste
Testing,3,493,teste
Testing,3,494,teste
Testing,3,495,teste
Testing,3,496,teste
Testing,3,497,teste
Testing,3,498,teste
Testing,3,499,teste
Testing,3,500,teste
Testing,4,1,teste
Testing,4,2,teste
Testing,4,3,teste
Testing,4,4,teste
Testing,4,5,teste
Testing,4,6,teste
Testing,4,7,teste
Testing,4,8,teste
Testing,4,9,teste
Testing,4,10,teste
Testing,4,11,teste
Testing,4,12,teste
Testing,4,13,teste
Testing,4,14,teste
Testing,4,15,teste
Testing,4,16,teste
Testing,4,17,teste
Testing,4,18,teste
Testing,4,19,teste
Testing,4,20,teste
Testing,4,21,teste
Testing,4,22,teste
Testing,4,23,teste
Testing,4,24,teste
Testing,4,25,teste
Testing,4,26,teste
Testing,4,27,teste
Testing,4,28,teste
Testing,4,29,teste
Testing,4,30,teste
Testing,4,31,teste
Testing,4,32,teste
Testing,4,33,teste
Testing,4,34,teste
Testing,4,35,teste
Testing,4,36,teste
Testing,4,37,teste
Testing,4,38,teste
Testing,4,39,teste
Testing,4,40,teste
Testing,4,41,teste
Testing,4,42,teste
Testing,4,43,teste
Testing,4,44,teste
Testing,4,45,teste
Testing,4,46,teste
Testing,4,47,teste
Testing,4,48,teste
Testing,4,49,teste
Testing,4,50,teste
Testing,4,51,teste
Testing,4,52,teste
Testing,4,53,teste
Testing,4,54,teste
Testing,4,55,teste
Testing,4,56,teste
Testing,4,57,teste
Testing,4,58,teste
Testing,4,59,teste
Testing,4,60,teste
Testing,4,61,teste
Testing,4,62,teste
Testing,4,63,teste
Testing,4,64,teste
Testing,4,65,teste
Testing,4,66,teste
Testing,4,67,teste
Testing,4,68,teste
Testing,4,69,teste
Testing,4,70,teste
Testing,4,71,teste
Testing,4,72,teste
Testing,4,73,teste
Testing,4,74,teste
Testing,4,75,teste
Testing,4,76,teste
Testing,4,77,teste
Testing,4,78,teste
Testing,4,79,teste
Testing,4,80,teste
Testing,4,81,teste
Testing,4,82,teste
Testing,4,83,teste
Testing,4,84,teste
Testing,4,85,teste
Testing,4,86,teste
Testing,4,87,teste
Testing,4,88,teste
Testing,4,89,teste
Testing,4,90,teste
Testing,4,91,teste
Testing,4,92,teste
Testing,4,93,teste
Testing,4,94,teste
Testing,4,95,teste
Testing,4,96,teste
Testing,4,97,teste
Testing,4,98,teste
Testing,4,99,teste
Testing,4,100,teste
Testing,4,101,teste
Testing,4,102,teste
Testing,4,103,teste
Testing,4,104,teste
Testing,4,105,teste
Testing,4,106,teste
Testing,4,107,teste
Testing,4,108,teste
Testing,4,109,teste
Testing,4,110,teste
Testing,4,111,teste
Testing,4,112,teste
Testing,4,113,teste
Testing,4,114,teste
Testing,4,115,teste
Testing,4,116,teste
Testing,4,117,teste
Testing,4,118,teste
Testing,4,119,teste
Testing,4,120,teste
Testing,4,121,teste
Testing,4,122,teste
Testing,4,123,teste
Testing,4,124,teste
Testing,4,125,teste
Testing,4,126,teste
Testing,4,127,teste
Testing,4,128,teste
Testing,4,129,teste
Testing,4,130,teste
Testing,4,131,teste
Testing,4,132,teste
Testing,4,133,teste
Testing,4,134,teste
Testing,4,135,teste
Testing,4,136,teste
Testing,4,137,teste
Testing,4,138,teste
Testing,4,139,teste
Testing,4,140,teste
Testing,4,141,teste
Testing,4,142,teste
Testing,4,143,teste
Testing,4,144,teste
Testing,4,145,teste
Testing,4,146,teste
Testing,4,147,teste
Testing,4,148,teste
Testing,4,149,teste
Testing,4,150,teste
Testing,4,151,teste
Testing,4,152,teste
Testing,4,153,teste
Testing,4,154,teste
Testing,4,155,teste
Testing,4,156,teste
Testing,4,157,teste
Testing,4,158,teste
Testing,4,159,teste
Testing,4,160,teste
Testing,4,161,teste
Testing,4,162,teste
Testing,4,163,teste
Testing,4,164,teste
Testing,4,165,teste
Testing,4,166,teste
Testing,4,167,teste
Testing,4,168,teste
Testing,4,169,teste
Testing,4,170,teste
Testing,4,171,teste
Testing,4,172,teste
Testing,4,173,teste
Testing,4,174,teste
Testing,4,175,teste
Testing,4,176,teste
Testing,4,177,teste
Testing,4,178,teste
Testing,4,179,teste
Testing,4,180,teste
Testing,4,181,teste
Testing,4,182,teste
Testing,4,183,teste
Testing,4,184,teste
Testing,4,185,teste
Testing,4,186,teste
Testing,4,187,teste
Testing,4,188,teste
Testing,4,189,teste
Testing,4,190,teste
Testing,4,191,teste
Testing,4,192,teste
Testing,4,193,teste
Testing,4,194,teste
Testing,4,195,teste
Testing,4,196,teste
Testing,4,197,teste
Testing,4,198,teste
Testing,4,199,teste
Testing,4,200,teste
Testing,4,201,teste
Testing,4,202,teste
Testing,4,203,teste
Testing,4,204,teste
Testing,4,205,teste
Testing,4,206,teste
Testing,4,207,teste
Testing,4,208,teste
Testing,4,209,teste
Testing,4,210,teste
Testing,4,211,teste
Testing,4,212,teste
Testing,4,213,teste
Testing,4,214,teste
Testing,4,215,teste
Testing,4,216,teste
Testing,4,217,teste
Testing,4,218,teste
Testing,4,219,teste
Testing,4,220,teste
Testing,4,221,teste
Testing,4,222,teste
Testing,4,223,teste
Testing,4,224,teste
Testing,4,225,teste
Testing,4,226,teste
Testing,4,227,teste
Testing,4,228,teste
Testing,4,229,teste
Testing,4,230,teste
Testing,4,231,teste
Testing,4,232,teste
Testing,4,233,teste
Testing,4,234,teste
Testing,4,235,teste
Testing,4,236,teste
Testing,4,237,teste
Testing,4,238,teste
Testing,4,239,teste
Testing,4,240,teste
Testing,4,241,teste
Testing,4,242,teste
Testing,4,243,teste
Testing,4,244,teste
Testing,4,245,teste
Testing,4,246,teste
Testing,4,247,teste
Testing,4,248,teste
Testing,4,249,teste
Testing,4,250,teste
Testing,4,251,teste
Testing,4,252,teste
Testing,4,253,teste
Testing,4,254,teste
Testing,4,255,teste
Testing,4,256,teste
Testing,4,257,teste
Testing,4,258,teste
Testing,4,259,teste
Testing,4,260,teste
Testing,4,261,teste
Testing,4,262,teste
Testing,4,263,teste
Testing,4,264,teste
Testing,4,265,teste
Testing,4,266,teste
Testing,4,267,teste
Testing,4,268,teste
Testing,4,269,teste
Testing,4,270,teste
Testing,4,271,teste
Testing,4,272,teste
Testing,4,273,teste
Testing,4,274,teste
Testing,4,275,teste
Testing,4,276,teste
Testing,4,277,teste
Testing,4,278,teste
Testing,4,279,teste
Testing,4,280,teste
Testing,4,281,teste
Testing,4,282,teste
Testing,4,283,teste
Testing,4,284,teste
Testing,4,285,teste
Testing,4,286,teste
Testing,4,287,teste
Testing,4,288,teste
Testing,4,289,teste
Testing,4,290,teste
Testing,4,291,teste
Testing,4,292,teste
Testing,4,293,teste
Testing,4,294,teste
Testing,4,295,teste
Testing,4,296,teste
Testing,4,297,teste
Testing,4,298,teste
Testing,4,299,teste
Testing,4,300,teste
Testing,4,301,teste
Testing,4,302,teste
Testing,4,303,teste
Testing,4,304,teste
Testing,4,305,teste
Testing,4,306,teste
Testing,4,307,teste
Testing,4,308,teste
Testing,4,309,teste
Testing,4,310,teste
Testing,4,311,teste
Testing,4,312,teste
Testing,4,313,teste
Testing,4,314,teste
Testing,4,315,teste
Testing,4,316,teste
Testing,4,317,teste
Testing,4,318,teste
Testing,4,319,teste
Testing,4,320,teste
Testing,4,321,teste
Testing,4,322,teste
Testing,4,323,teste
Testing,4,324,teste
Testing,4,325,teste
Testing,4,326,teste
Testing,4,327,teste
Testing,4,328,teste
Testing,4,329,teste
Testing,4,330,teste
Testing,4,331,teste
Testing,4,332,teste
Testing,4,333,teste
Testing,4,334,teste
Testing,4,335,teste
Testing,4,336,teste
Testing,4,337,teste
Testing,4,338,teste
Testing,4,339,teste
Testing,4,340,teste
Testing,4,341,teste
Testing,4,342,teste
Testing,4,343,teste
Testing,4,344,teste
Testing,4,345,teste
Testing,4,346,teste
Testing,4,347,teste
Testing,4,348,teste
Testing,4,349,teste
Testing,4,350,teste
Testing,4,351,teste
Testing,4,352,teste
Testing,4,353,teste
Testing,4,354,teste
Testing,4,355,teste
Testing,4,356,teste
Testing,4,357,teste
Testing,4,358,teste
Testing,4,359,teste
Testing,4,360,teste
Testing,4,361,teste
Testing,4,362,teste
Testing,4,363,teste
Testing,4,364,teste
Testing,4,365,teste
Testing,4,366,teste
Testing,4,367,teste
Testing,4,368,teste
Testing,4,369,teste
Testing,4,370,teste
Testing,4,371,teste
Testing,4,372,teste
Testing,4,373,teste
Testing,4,374,teste
Testing,4,375,teste
Testing,4,376,teste
Testing,4,377,teste
Testing,4,378,teste
Testing,4,379,teste
Testing,4,380,teste
Testing,4,381,teste
Testing,4,382,teste
Testing,4,383,teste
Testing,4,384,teste
Testing,4,385,teste
Testing,4,386,teste
Testing,4,387,teste
Testing,4,388,teste
Testing,4,389,teste
Testing,4,390,teste
Testing,4,391,teste
Testing,4,392,teste
Testing,4,393,teste
Testing,4,394,teste
Testing,4,395,teste
Testing,4,396,teste
Testing,4,397,teste
Testing,4,398,teste
Testing,4,399,teste
Testing,4,400,teste
Testing,4,401,teste
Testing,4,402,teste
Testing,4,403,teste
Testing,4,404,teste
Testing,4,405,teste
Testing,4,406,teste
Testing,4,407,teste
Testing,4,408,teste
Testing,4,409,teste
Testing,4,410,teste
Testing,4,411,teste
Testing,4,412,teste
Testing,4,413,teste
Testing,4,414,teste
Testing,4,415,teste
Testing,4,416,teste
Testing,4,417,teste
Testing,4,418,teste
Testing,4,419,teste
Testing,4,420,teste
Testing,4,421,teste
Testing,4,422,teste
Testing,4,423,teste
Testing,4,424,teste
Testing,4,425,teste
Testing,4,426,teste
Testing,4,427,teste
Testing,4,428,teste
Testing,4,429,teste
Testing,4,430,teste
Testing,4,431,teste
Testing,4,432,teste
Testing,4,433,teste
Testing,4,434,teste
Testing,4,435,teste
Testing,4,436,teste
Testing,4,437,teste
Testing,4,438,teste
Testing,4,439,teste
Testing,4,440,teste
Testing,4,441,teste
Testing,4,442,teste
Testing,4,443,teste
Testing,4,444,teste
Testing,4,445,teste
Testing,4,446,teste
Testing,4,447,teste
Testing,4,448,teste
Testing,4,449,teste
Testing,4,450,teste
Testing,4,451,teste
Testing,4,452,teste
Testing,4,453,teste
Testing,4,454,teste
Testing,4,455,teste
Testing,4,456,teste
Testing,4,457,teste
Testing,4,458,teste
Testing,4,459,teste
Testing,4,460,teste
Testing,4,461,teste
Testing,4,462,teste
Testing,4,463,teste
Testing,4,464,teste
Testing,4,465,teste
Testing,4,466,teste
Testing,4,467,teste
Testing,4,468,teste
Testing,4,469,teste
Testing,4,470,teste
Testing,4,471,teste
Testing,4,472,teste
Testing,4,473,teste
Testing,4,474,teste
Testing,4,475,teste
Testing,4,476,teste
Testing,4,477,teste
Testing,4,478,teste
Testing,4,479,teste
Testing,4,480,teste
Testing,4,481,teste
Testing,4,482,teste
Testing,4,483,teste
Testing,4,484,teste
Testing,4,485,teste
Testing,4,486,teste
Testing,4,487,teste
Testing,4,488,teste
Testing,4,489,teste
Testing,4,490,teste
Testing,4,491,teste
Testing,4,492,teste
Testing,4,493,teste
Testing,4,494,teste
Testing,4,495,teste
Testing,4,496,teste
Testing,4,497,teste
Testing,4,498,teste
Testing,4,499,teste
Testing,4,500,teste
Testing,5,1,teste
Testing,5,2,teste
Testing,5,3,teste
Testing,5,4,teste
Testing,5,5,teste
Testing,5,6,teste
Testing,5,7,teste
Testing,5,8,teste
Testing,5,9,teste
Testing,5,10,teste
Testing,5,11,teste
Testing,5,12,teste
Testing,5,13,teste
Testing,5,14,teste
Testing,5,15,teste
Testing,5,16,teste
Testing,5,17,teste
Testing,5,18,teste
Testing,5,19,teste
Testing,5,20,teste
Testing,5,21,teste
Testing,5,22,teste
Testing,5,23,teste
Testing,5,24,teste
Testing,5,25,teste
Testing,5,26,teste
Testing,5,27,teste
Testing,5,28,teste
Testing,5,29,teste
Testing,5,30,teste
Testing,5,31,teste
Testing,5,32,teste
Testing,5,33,teste
Testing,5,34,teste
Testing,5,35,teste
Testing,5,36,teste
Testing,5,37,teste
Testing,5,38,teste
Testing,5,39,teste
Testing,5,40,teste
Testing,5,41,teste
Testing,5,42,teste
Testing,5,43,teste
Testing,5,44,teste
Testing,5,45,teste
Testing,5,46,teste
Testing,5,47,teste
Testing,5,48,teste
Testing,5,49,teste
Testing,5,50,teste
Testing,5,51,teste
Testing,5,52,teste
Testing,5,53,teste
Testing,5,54,teste
Testing,5,55,teste
Testing,5,56,teste
Testing,5,57,teste
Testing,5,58,teste
Testing,5,59,teste
Testing,5,60,teste
Testing,5,61,teste
Testing,5,62,teste
Testing,5,63,teste
Testing,5,64,teste
Testing,5,65,teste
Testing,5,66,teste
Testing,5,67,teste
Testing,5,68,teste
Testing,5,69,teste
Testing,5,70,teste
Testing,5,71,teste
Testing,5,72,teste
Testing,5,73,teste
Testing,5,74,teste
Testing,5,75,teste
Testing,5,76,teste
Testing,5,77,teste
Testing,5,78,teste
Testing,5,79,teste
Testing,5,80,teste
Testing,5,81,teste
Testing,5,82,teste
Testing,5,83,teste
Testing,5,84,teste
Testing,5,85,teste
Testing,5,86,teste
Testing,5,87,teste
Testing,5,88,teste
Testing,5,89,teste
Testing,5,90,teste
Testing,5,91,teste
Testing,5,92,teste
Testing,5,93,teste
Testing,5,94,teste
Testing,5,95,teste
Testing,5,96,teste
Testing,5,97,teste
Testing,5,98,teste
Testing,5,99,teste
Testing,5,100,teste
Testing,5,101,teste
Testing,5,102,teste
Testing,5,103,teste
Testing,5,104,teste
Testing,5,105,teste
Testing,5,106,teste
Testing,5,107,teste
Testing,5,108,teste
Testing,5,109,teste
Testing,5,110,teste
Testing,5,111,teste
Testing,5,112,teste
Testing,5,113,teste
Testing,5,114,teste
Testing,5,115,teste
Testing,5,116,teste
Testing,5,117,teste
Testing,5,118,teste
Testing,5,119,teste
Testing,5,120,teste
Testing,5,121,teste
Testing,5,122,teste
Testing,5,123,teste
Testing,5,124,teste
Testing,5,125,teste
Testing,5,126,teste
Testing,5,127,teste
Testing,5,128,teste
Testing,5,129,teste
Testing,5,130,teste
Testing,5,131,teste
Testing,5,132,teste
Testing,5,133,teste
Testing,5,134,teste
Testing,5,135,teste
Testing,5,136,teste
Testing,5,137,teste
Testing,5,138,teste
Testing,5,139,teste
Testing,5,140,teste
Testing,5,141,teste
Testing,5,142,teste
Testing,5,143,teste
Testing,5,144,teste
Testing,5,145,teste
Testing,5,146,teste
Testing,5,147,teste
Testing,5,148,teste
Testing,5,149,teste
Testing,5,150,teste
Testing,5,151,teste
Testing,5,152,teste
Testing,5,153,teste
Testing,5,154,teste
Testing,5,155,teste
Testing,5,156,teste
Testing,5,157,teste
Testing,5,158,teste
Testing,5,159,teste
Testing,5,160,teste
Testing,5,161,teste
Testing,5,162,teste
Testing,5,163,teste
Testing,5,164,teste
Testing,5,165,teste
Testing,5,166,teste
Testing,5,167,teste
Testing,5,168,teste
Testing,5,169,teste
Testing,5,170,teste
Testing,5,171,teste
Testing,5,172,teste
Testing,5,173,teste
Testing,5,174,teste
Testing,5,175,teste
Testing,5,176,teste
Testing,5,177,teste
Testing,5,178,teste
Testing,5,179,teste
Testing,5,180,teste
Testing,5,181,teste
Testing,5,182,teste
Testing,5,183,teste
Testing,5,184,teste
Testing,5,185,teste
Testing,5,186,teste
Testing,5,187,teste
Testing,5,188,teste
Testing,5,189,teste
Testing,5,190,teste
Testing,5,191,teste
Testing,5,192,teste
Testing,5,193,teste
Testing,5,194,teste
Testing,5,195,teste
Testing,5,196,teste
Testing,5,197,teste
Testing,5,198,teste
Testing,5,199,teste
Testing,5,200,teste
Testing,5,201,teste
Testing,5,202,teste
Testing,5,203,teste
Testing,5,204,teste
Testing,5,205,teste
Testing,5,206,teste
Testing,5,207,teste
Testing,5,208,teste
Testing,5,209,teste
Testing,5,210,teste
Testing,5,211,teste
Testing,5,212,teste
Testing,5,213,teste
Testing,5,214,teste
Testing,5,215,teste
Testing,5,216,teste
Testing,5,217,teste
Testing,5,218,teste
Testing,5,219,teste
Testing,5,220,teste
Testing,5,221,teste
Testing,5,222,teste
Testing,5,223,teste
Testing,5,224,teste
Testing,5,225,teste
Testing,5,226,teste
Testing,5,227,teste
Testing,5,228,teste
Testing,5,229,teste
Testing,5,230,teste
Testing,5,231,teste
Testing,5,232,teste
Testing,5,233,teste
Testing,5,234,teste
Testing,5,235,teste
Testing,5,236,teste
Testing,5,237,teste
Testing,5,238,teste
Testing,5,239,teste
Testing,5,240,teste
Testing,5,241,teste
Testing,5,242,teste
Testing,5,243,teste
Testing,5,244,teste
Testing,5,245,teste
Testing,5,246,teste
Testing,5,247,teste
Testing,5,248,teste
Testing,5,249,teste
Testing,5,250,teste
Testing,5,251,teste
Testing,5,252,teste
Testing,5,253,teste
Testing,5,254,teste
Testing,5,255,teste
Testing,5,256,teste
Testing,5,257,teste
Testing,5,258,teste
Testing,5,259,teste
Testing,5,260,teste
Testing,5,261,teste
Testing,5,262,teste
Testing,5,263,teste
Testing,5,264,teste
Testing,5,265,teste
Testing,5,266,teste
Testing,5,267,teste
Testing,5,268,teste
Testing,5,269,teste
Testing,5,270,teste
Testing,5,271,teste
Testing,5,272,teste
Testing,5,273,teste
Testing,5,274,teste
Testing,5,275,teste
Testing,5,276,teste
Testing,5,277,teste
Testing,5,278,teste
Testing,5,279,teste
Testing,5,280,teste
Testing,5,281,teste
Testing,5,282,teste
Testing,5,283,teste
Testing,5,284,teste
Testing,5,285,teste
Testing,5,286,teste
Testing,5,287,teste
Testing,5,288,teste
Testing,5,289,teste
Testing,5,290,teste
Testing,5,291,teste
Testing,5,292,teste
Testing,5,293,teste
Testing,5,294,teste
Testing,5,295,teste
Testing,5,296,teste
Testing,5,297,teste
Testing,5,298,teste
Testing,5,299,teste
Testing,5,300,teste
Testing,5,301,teste
Testing,5,302,teste
Testing,5,303,teste
Testing,5,304,teste
Testing,5,305,teste
Testing,5,306,teste
Testing,5,307,teste
Testing,5,308,teste
Testing,5,309,teste
Testing,5,310,teste
Testing,5,311,teste
Testing,5,312,teste
Testing,5,313,teste
Testing,5,314,teste
Testing,5,315,teste
Testing,5,316,teste
Testing,5,317,teste
Testing,5,318,teste
Testing,5,319,teste
Testing,5,320,teste
Testing,5,321,teste
Testing,5,322,teste
Testing,5,323,teste
Testing,5,324,teste
Testing,5,325,teste
Testing,5,326,teste
Testing,5,327,teste
Testing,5,328,teste
Testing,5,329,teste
Testing,5,330,teste
Testing,5,331,teste
Testing,5,332,teste
Testing,5,333,teste
Testing,5,334,teste
Testing,5,335,teste
Testing,5,336,teste
Testing,5,337,teste
Testing,5,338,teste
Testing,5,339,teste
Testing,5,340,teste
Testing,5,341,teste
Testing,5,342,teste
Testing,5,343,teste
Testing,5,344,teste
Testing,5,345,teste
Testing,5,346,teste
Testing,5,347,teste
Testing,5,348,teste
Testing,5,349,teste
Testing,5,350,teste
Testing,5,351,teste
Testing,5,352,teste
Testing,5,353,teste
Testing,5,354,teste
Testing,5,355,teste
Testing,5,356,teste
Testing,5,357,teste
Testing,5,358,teste
Testing,5,359,teste
Testing,5,360,teste
Testing,5,361,teste
Testing,5,362,teste
Testing,5,363,teste
Testing,5,364,teste
Testing,5,365,teste
Testing,5,366,teste
Testing,5,367,teste
Testing,5,368,teste
Testing,5,369,teste
Testing,5,370,teste
Testing,5,371,teste
Testing,5,372,teste
Testing,5,373,teste
Testing,5,374,teste
Testing,5,375,teste
Testing,5,376,teste
Testing,5,377,teste
Testing,5,378,teste
Testing,5,379,teste
Testing,5,380,teste
Testing,5,381,teste
Testing,5,382,teste
Testing,5,383,teste
Testing,5,384,teste
Testing,5,385,teste
Testing,5,386,teste
Testing,5,387,teste
Testing,5,388,teste
Testing,5,389,teste
Testing,5,390,teste
Testing,5,391,teste
Testing,5,392,teste
Testing,5,393,teste
Testing,5,394,teste
Testing,5,395,teste
Testing,5,396,teste
Testing,5,397,teste
Testing,5,398,teste
Testing,5,399,teste
Testing,5,400,teste
Testing,5,401,teste
Testing,5,402,teste
Testing,5,403,teste
Testing,5,404,teste
Testing,5,405,teste
Testing,5,406,teste
Testing,5,407,teste
Testing,5,408,teste
Testing,5,409,teste
Testing,5,410,teste
Testing,5,411,teste
Testing,5,412,teste
Testing,5,413,teste
Testing,5,414,teste
Testing,5,415,teste
Testing,5,416,teste
Testing,5,417,teste
Testing,5,418,teste
Testing,5,419,teste
Testing,5,420,teste
Testing,5,421,teste
Testing,5,422,teste
Testing,5,423,teste
Testing,5,424,teste
Testing,5,425,teste
Testing,5,426,teste
Testing,5,427,teste
Testing,5,428,teste
Testing,5,429,teste
Testing,5,430,teste
Testing,5,431,teste
Testing,5,432,teste
Testing,5,433,teste
Testing,5,434,teste
Testing,5,435,teste
Testing,5,436,teste
Testing,5,437,teste
Testing,5,438,teste
Testing,5,439,teste
Testing,5,440,teste
Testing,5,441,teste
Testing,5,442,teste
Testing,5,443,teste
Testing,5,444,teste
Testing,5,445,teste
Testing,5,446,teste
Testing,5,447,teste
Testing,5,448,teste
Testing,5,449,teste
Testing,5,450,teste
Testing,5,451,teste
Testing,5,452,teste
Testing,5,453,teste
Testing,5,454,teste
Testing,5,455,teste
Testing,5,456,teste
Testing,5,457,teste
Testing,5,458,teste
Testing,5,459,teste
Testing,5,460,teste
Testing,5,461,teste
Testing,5,462,teste
Testing,5,463,teste
Testing,5,464,teste
Testing,5,465,teste
Testing,5,466,teste
Testing,5,467,teste
Testing,5,468,teste
Testing,5,469,teste
Testing,5,470,teste
Testing,5,471,teste
Testing,5,472,teste
Testing,5,473,teste
Testing,5,474,teste
Testing,5,475,teste
Testing,5,476,teste
Testing,5,477,teste
Testing,5,478,teste
Testing,5,479,teste
Testing,5,480,teste
Testing,5,481,teste
Testing,5,482,teste
Testing,5,483,teste
Testing,5,484,teste
Testing,5,485,teste
Testing,5,486,teste
Testing,5,487,teste
Testing,5,488,teste
Testing,5,489,teste
Testing,5,490,teste
Testing,5,491,teste
Testing,5,492,teste
Testing,5,493,teste
Testing,5,494,teste
Testing,5,495,teste
Testing,5,496,teste
Testing,5,497,teste
Testing,5,498,teste
Testing,5,499,teste
Testing,5,500,teste
Testing,6,1,teste
Testing,6,2,teste
Testing,6,3,teste
Testing,6,4,teste
Testing,6,5,teste
Testing,6,6,teste
Testing,6,7,teste
Testing,6,8,teste
Testing,6,9,teste
Testing,6,10,teste
Testing,6,11,teste
Testing,6,12,teste
Testing,6,13,teste
Testing,6,14,teste
Testing,6,15,teste
Testing,6,16,teste
Testing,6,17,teste
Testing,6,18,teste
Testing,6,19,teste
Testing,6,20,teste
Testing,6,21,teste
Testing,6,22,teste
Testing,6,23,teste
Testing,6,24,teste
Testing,6,25,teste
Testing,6,26,teste
Testing,6,27,teste
Testing,6,28,teste
Testing,6,29,teste
Testing,6,30,teste
Testing,6,31,teste
Testing,6,32,teste
Testing,6,33,teste
Testing,6,34,teste
Testing,6,35,teste
Testing,6,36,teste
Testing,6,37,teste
Testing,6,38,teste
Testing,6,39,teste
Testing,6,40,teste
Testing,6,41,teste
Testing,6,42,teste
Testing,6,43,teste
Testing,6,44,teste
Testing,6,45,teste
Testing,6,46,teste
Testing,6,47,teste
Testing,6,48,teste
Testing,6,49,teste
Testing,6,50,teste
Testing,6,51,teste
Testing,6,52,teste
Testing,6,53,teste
Testing,6,54,teste
Testing,6,55,teste
Testing,6,56,teste
Testing,6,57,teste
Testing,6,58,teste
Testing,6,59,teste
Testing,6,60,teste
Testing,6,61,teste
Testing,6,62,teste
Testing,6,63,teste
Testing,6,64,teste
Testing,6,65,teste
Testing,6,66,teste
Testing,6,67,teste
Testing,6,68,teste
Testing,6,69,teste
Testing,6,70,teste
Testing,6,71,teste
Testing,6,72,teste
Testing,6,73,teste
Testing,6,74,teste
Testing,6,75,teste
Testing,6,76,teste
Testing,6,77,teste
Testing,6,78,teste
Testing,6,79,teste
Testing,6,80,teste
Testing,6,81,teste
Testing,6,82,teste
Testing,6,83,teste
Testing,6,84,teste
Testing,6,85,teste
Testing,6,86,teste
Testing,6,87,teste
Testing,6,88,teste
Testing,6,89,teste
Testing,6,90,teste
Testing,6,91,teste
Testing,6,92,teste
Testing,6,93,teste
Testing,6,94,teste
Testing,6,95,teste
Testing,6,96,teste
Testing,6,97,teste
Testing,6,98,teste
Testing,6,99,teste
Testing,6,100,teste
Testing,6,101,teste
Testing,6,102,teste
Testing,6,103,teste
Testing,6,104,teste
Testing,6,105,teste
Testing,6,106,teste
Testing,6,107,teste
Testing,6,108,teste
Testing,6,109,teste
Testing,6,110,teste
Testing,6,111,teste
Testing,6,112,teste
Testing,6,113,teste
Testing,6,114,teste
Testing,6,115,teste
Testing,6,116,teste
Testing,6,117,teste
Testing,6,118,teste
Testing,6,119,teste
Testing,6,120,teste
Testing,6,121,teste
Testing,6,122,teste
Testing,6,123,teste
Testing,6,124,teste
Testing,6,125,teste
Testing,6,126,teste
Testing,6,127,teste
Testing,6,128,teste
Testing,6,129,teste
Testing,6,130,teste
Testing,6,131,teste
Testing,6,132,teste
Testing,6,133,teste
Testing,6,134,teste
Testing,6,135,teste
Testing,6,136,teste
Testing,6,137,teste
Testing,6,138,teste
Testing,6,139,teste
Testing,6,140,teste
Testing,6,141,teste
Testing,6,142,teste
Testing,6,143,teste
Testing,6,144,teste
Testing,6,145,teste
Testing,6,146,teste
Testing,6,147,teste
Testing,6,148,teste
Testing,6,149,teste
Testing,6,150,teste
Testing,6,151,teste
Testing,6,152,teste
Testing,6,153,teste
Testing,6,154,teste
Testing,6,155,teste
Testing,6,156,teste
Testing,6,157,teste
Testing,6,158,teste
Testing,6,159,teste
Testing,6,160,teste
Testing,6,161,teste
Testing,6,162,teste
Testing,6,163,teste
Testing,6,164,teste
Testing,6,165,teste
Testing,6,166,teste
Testing,6,167,teste
Testing,6,168,teste
Testing,6,169,teste
Testing,6,170,teste
Testing,6,171,teste
Testing,6,172,teste
Testing,6,173,teste
Testing,6,174,teste
Testing,6,175,teste
Testing,6,176,teste
Testing,6,177,teste
Testing,6,178,teste
Testing,6,179,teste
Testing,6,180,teste
Testing,6,181,teste
Testing,6,182,teste
Testing,6,183,teste
Testing,6,184,teste
Testing,6,185,teste
Testing,6,186,teste
Testing,6,187,teste
Testing,6,188,teste
Testing,6,189,teste
Testing,6,190,teste
Testing,6,191,teste
Testing,6,192,teste
Testing,6,193,teste
Testing,6,194,teste
Testing,6,195,teste
Testing,6,196,teste
Testing,6,197,teste
Testing,6,198,teste
Testing,6,199,teste
Testing,6,200,teste
Testing,6,201,teste
Testing,6,202,teste
Testing,6,203,teste
Testing,6,204,teste
Testing,6,205,teste
Testing,6,206,teste
Testing,6,207,teste
Testing,6,208,teste
Testing,6,209,teste
Testing,6,210,teste
Testing,6,211,teste
Testing,6,212,teste
Testing,6,213,teste
Testing,6,214,teste
Testing,6,215,teste
Testing,6,216,teste
Testing,6,217,teste
Testing,6,218,teste
Testing,6,219,teste
Testing,6,220,teste
Testing,6,221,teste
Testing,6,222,teste
Testing,6,223,teste
Testing,6,224,teste
Testing,6,225,teste
Testing,6,226,teste
Testing,6,227,teste
Testing,6,228,teste
Testing,6,229,teste
Testing,6,230,teste
Testing,6,231,teste
Testing,6,232,teste
Testing,6,233,teste
Testing,6,234,teste
Testing,6,235,teste
Testing,6,236,teste
Testing,6,237,teste
Testing,6,238,teste
Testing,6,239,teste
Testing,6,240,teste
Testing,6,241,teste
Testing,6,242,teste
Testing,6,243,teste
Testing,6,244,teste
Testing,6,245,teste
Testing,6,246,teste
Testing,6,247,teste
Testing,6,248,teste
Testing,6,249,teste
Testing,6,250,teste
Testing,6,251,teste
Testing,6,252,teste
Testing,6,253,teste
Testing,6,254,teste
Testing,6,255,teste
Testing,6,256,teste
Testing,6,257,teste
Testing,6,258,teste
Testing,6,259,teste
Testing,6,260,teste
Testing,6,261,teste
Testing,6,262,teste
Testing,6,263,teste
Testing,6,264,teste
Testing,6,265,teste
Testing,6,266,teste
Testing,6,267,teste
Testing,6,268,teste
Testing,6,269,teste
Testing,6,270,teste
Testing,6,271,teste
Testing,6,272,teste
Testing,6,273,teste
Testing,6,274,teste
Testing,6,275,teste
Testing,6,276,teste
Testing,6,277,teste
Testing,6,278,teste
Testing,6,279,teste
Testing,6,280,teste
Testing,6,281,teste
Testing,6,282,teste
Testing,6,283,teste
Testing,6,284,teste
Testing,6,285,teste
Testing,6,286,teste
Testing,6,287,teste
Testing,6,288,teste
Testing,6,289,teste
Testing,6,290,teste
Testing,6,291,teste
Testing,6,292,teste
Testing,6,293,teste
Testing,6,294,teste
Testing,6,295,teste
Testing,6,296,teste
Testing,6,297,teste
Testing,6,298,teste
Testing,6,299,teste
Testing,6,300,teste
Testing,6,301,teste
Testing,6,302,teste
Testing,6,303,teste
Testing,6,304,teste
Testing,6,305,teste
Testing,6,306,teste
Testing,6,307,teste
Testing,6,308,teste
Testing,6,309,teste
Testing,6,310,teste
Testing,6,311,teste
Testing,6,312,teste
Testing,6,313,teste
Testing,6,314,teste
Testing,6,315,teste
Testing,6,316,teste
Testing,6,317,teste
Testing,6,318,teste
Testing,6,319,teste
Testing,6,320,teste
Testing,6,321,teste
Testing,6,322,teste
Testing,6,323,teste
Testing,6,324,teste
Testing,6,325,teste
Testing,6,326,teste
Testing,6,327,teste
Testing,6,328,teste
Testing,6,329,teste
Testing,6,330,teste
Testing,6,331,teste
Testing,6,332,teste
Testing,6,333,teste
Testing,6,334,teste
Testing,6,335,teste
Testing,6,336,teste
Testing,6,337,teste
Testing,6,338,teste
Testing,6,339,teste
Testing,6,340,teste
Testing,6,341,teste
Testing,6,342,teste
Testing,6,343,teste
Testing,6,344,teste
Testing,6,345,teste
Testing,6,346,teste
Testing,6,347,teste
Testing,6,348,teste
Testing,6,349,teste
Testing,6,350,teste
Testing,6,351,teste
Testing,6,352,teste
Testing,6,353,teste
Testing,6,354,teste
Testing,6,355,teste
Testing,6,356,teste
Testing,6,357,teste
Testing,6,358,teste
Testing,6,359,teste
Testing,6,360,teste
Testing,6,361,teste
Testing,6,362,teste
Testing,6,363,teste
Testing,6,364,teste
Testing,6,365,teste
Testing,6,366,teste
Testing,6,367,teste
Testing,6,368,teste
Testing,6,369,teste
Testing,6,370,teste
Testing,6,371,teste
Testing,6,372,teste
Testing,6,373,teste
Testing,6,374,teste
Testing,6,375,teste
Testing,6,376,teste
Testing,6,377,teste
Testing,6,378,teste
Testing,6,379,teste
Testing,6,380,teste
Testing,6,381,teste
Testing,6,382,teste
Testing,6,383,teste
Testing,6,384,teste
Testing,6,385,teste
Testing,6,386,teste
Testing,6,387,teste
Testing,6,388,teste
Testing,6,389,teste
Testing,6,390,teste
Testing,6,391,teste
Testing,6,392,teste
Testing,6,393,teste
Testing,6,394,teste
Testing,6,395,teste
Testing,6,396,teste
Testing,6,397,teste
Testing,6,398,teste
Testing,6,399,teste
Testing,6,400,teste
Testing,6,401,teste
Testing,6,402,teste
Testing,6,403,teste
Testing,6,404,teste
Testing,6,405,teste
Testing,6,406,teste
Testing,6,407,teste
Testing,6,408,teste
Testing,6,409,teste
Testing,6,410,teste
Testing,6,411,teste
Testing,6,412,teste
Testing,6,413,teste
Testing,6,414,teste
Testing,6,415,teste
Testing,6,416,teste
Testing,6,417,teste
Testing,6,418,teste
Testing,6,419,teste
Testing,6,420,teste
Testing,6,421,teste
Testing,6,422,teste
Testing,6,423,teste
Testing,6,424,teste
Testing,6,425,teste
Testing,6,426,teste
Testing,6,427,teste
Testing,6,428,teste
Testing,6,429,teste
Testing,6,430,teste
Testing,6,431,teste
Testing,6,432,teste
Testing,6,433,teste
Testing,6,434,teste
Testing,6,435,teste
Testing,6,436,teste
Testing,6,437,teste
Testing,6,438,teste
Testing,6,439,teste
Testing,6,440,teste
Testing,6,441,teste
Testing,6,442,teste
Testing,6,443,teste
Testing,6,444,teste
Testing,6,445,teste
Testing,6,446,teste
Testing,6,447,teste
Testing,6,448,teste
Testing,6,449,teste
Testing,6,450,teste
Testing,6,451,teste
Testing,6,452,teste
Testing,6,453,teste
Testing,6,454,teste
Testing,6,455,teste
Testing,6,456,teste
Testing,6,457,teste
Testing,6,458,teste
Testing,6,459,teste
Testing,6,460,teste
Testing,6,461,teste
Testing,6,462,teste
Testing,6,463,teste
Testing,6,464,teste
Testing,6,465,teste
Testing,6,466,teste
Testing,6,467,teste
Testing,6,468,teste
Testing,6,469,teste
Testing,6,470,teste
Testing,6,471,teste
Testing,6,472,teste
Testing,6,473,teste
Testing,6,474,teste
Testing,6,475,teste
Testing,6,476,teste
Testing,6,477,teste
Testing,6,478,teste
Testing,6,479,teste
Testing,6,480,teste
Testing,6,481,teste
Testing,6,482,teste
Testing,6,483,teste
Testing,6,484,teste
Testing,6,485,teste
Testing,6,486,teste
Testing,6,487,teste
Testing,6,488,teste
Testing,6,489,teste
Testing,6,490,teste
Testing,6,491,teste
Testing,6,492,teste
Testing,6,493,teste
Testing,6,494,teste
Testing,6,495,teste
Testing,6,496,teste
Testing,6,497,teste
Testing,6,498,teste
Testing,6,499,teste
Testing,6,500,teste
Testing,7,1,teste
Testing,7,2,teste
Testing,7,3,teste
Testing,7,4,teste
Testing,7,5,teste
Testing,7,6,teste
Testing,7,7,teste
Testing,7,8,teste
Testing,7,9,teste
Testing,7,10,teste
Testing,7,11,teste
Testing,7,12,teste
Testing,7,13,teste
Testing,7,14,teste
Testing,7,15,teste
Testing,7,16,teste
Testing,7,17,teste
Testing,7,18,teste
Testing,7,19,teste
Testing,7,20,teste
Testing,7,21,teste
Testing,7,22,teste
Testing,7,23,teste
Testing,7,24,teste
Testing,7,25,teste
Testing,7,26,teste
Testing,7,27,teste
Testing,7,28,teste
Testing,7,29,teste
Testing,7,30,teste
Testing,7,31,teste
Testing,7,32,teste
Testing,7,33,teste
Testing,7,34,teste
Testing,7,35,teste
Testing,7,36,teste
Testing,7,37,teste
Testing,7,38,teste
Testing,7,39,teste
Testing,7,40,teste
Testing,7,41,teste
Testing,7,42,teste
Testing,7,43,teste
Testing,7,44,teste
Testing,7,45,teste
Testing,7,46,teste
Testing,7,47,teste
Testing,7,48,teste
Testing,7,49,teste
Testing,7,50,teste
Testing,7,51,teste
Testing,7,52,teste
Testing,7,53,teste
Testing,7,54,teste
Testing,7,55,teste
Testing,7,56,teste
Testing,7,57,teste
Testing,7,58,teste
Testing,7,59,teste
Testing,7,60,teste
Testing,7,61,teste
Testing,7,62,teste
Testing,7,63,teste
Testing,7,64,teste
Testing,7,65,teste
Testing,7,66,teste
Testing,7,67,teste
Testing,7,68,teste
Testing,7,69,teste
Testing,7,70,teste
Testing,7,71,teste
Testing,7,72,teste
Testing,7,73,teste
Testing,7,74,teste
Testing,7,75,teste
Testing,7,76,teste
Testing,7,77,teste
Testing,7,78,teste
Testing,7,79,teste
Testing,7,80,teste
Testing,7,81,teste
Testing,7,82,teste
Testing,7,83,teste
Testing,7,84,teste
Testing,7,85,teste
Testing,7,86,teste
Testing,7,87,teste
Testing,7,88,teste
Testing,7,89,teste
Testing,7,90,teste
Testing,7,91,teste
Testing,7,92,teste
Testing,7,93,teste
Testing,7,94,teste
Testing,7,95,teste
Testing,7,96,teste
Testing,7,97,teste
Testing,7,98,teste
Testing,7,99,teste
Testing,7,100,teste
Testing,7,101,teste
Testing,7,102,teste
Testing,7,103,teste
Testing,7,104,teste
Testing,7,105,teste
Testing,7,106,teste
Testing,7,107,teste
Testing,7,108,teste
Testing,7,109,teste
Testing,7,110,teste
Testing,7,111,teste
Testing,7,112,teste
Testing,7,113,teste
Testing,7,114,teste
Testing,7,115,teste
Testing,7,116,teste
Testing,7,117,teste
Testing,7,118,teste
Testing,7,119,teste
Testing,7,120,teste
Testing,7,121,teste
Testing,7,122,teste
Testing,7,123,teste
Testing,7,124,teste
Testing,7,125,teste
Testing,7,126,teste
Testing,7,127,teste
Testing,7,128,teste
Testing,7,129,teste
Testing,7,130,teste
Testing,7,131,teste
Testing,7,132,teste
Testing,7,133,teste
Testing,7,134,teste
Testing,7,135,teste
Testing,7,136,teste
Testing,7,137,teste
Testing,7,138,teste
Testing,7,139,teste
Testing,7,140,teste
Testing,7,141,teste
Testing,7,142,teste
Testing,7,143,teste
Testing,7,144,teste
Testing,7,145,teste
Testing,7,146,teste
Testing,7,147,teste
Testing,7,148,teste
Testing,7,149,teste
Testing,7,150,teste
Testing,7,151,teste
Testing,7,152,teste
Testing,7,153,teste
Testing,7,154,teste
Testing,7,155,teste
Testing,7,156,teste
Testing,7,157,teste
Testing,7,158,teste
Testing,7,159,teste
Testing,7,160,teste
Testing,7,161,teste
Testing,7,162,teste
Testing,7,163,teste
Testing,7,164,teste
Testing,7,165,teste
Testing,7,166,teste
Testing,7,167,teste
Testing,7,168,teste
Testing,7,169,teste
Testing,7,170,teste
Testing,7,171,teste
Testing,7,172,teste
Testing,7,173,teste
Testing,7,174,teste
Testing,7,175,teste
Testing,7,176,teste
Testing,7,177,teste
Testing,7,178,teste
Testing,7,179,teste
Testing,7,180,teste
Testing,7,181,teste
Testing,7,182,teste
Testing,7,183,teste
Testing,7,184,teste
Testing,7,185,teste
Testing,7,186,teste
Testing,7,187,teste
Testing,7,188,teste
Testing,7,189,teste
Testing,7,190,teste
Testing,7,191,teste
Testing,7,192,teste
Testing,7,193,teste
Testing,7,194,teste
Testing,7,195,teste
Testing,7,196,teste
Testing,7,197,teste
Testing,7,198,teste
Testing,7,199,teste
Testing,7,200,teste
Testing,7,201,teste
Testing,7,202,teste
Testing,7,203,teste
Testing,7,204,teste
Testing,7,205,teste
Testing,7,206,teste
Testing,7,207,teste
Testing,7,208,teste
Testing,7,209,teste
Testing,7,210,teste
Testing,7,211,teste
Testing,7,212,teste
Testing,7,213,teste
Testing,7,214,teste
Testing,7,215,teste
Testing,7,216,teste
Testing,7,217,teste
Testing,7,218,teste
Testing,7,219,teste
Testing,7,220,teste
Testing,7,221,teste
Testing,7,222,teste
Testing,7,223,teste
Testing,7,224,teste
Testing,7,225,teste
Testing,7,226,teste
Testing,7,227,teste
Testing,7,228,teste
Testing,7,229,teste
Testing,7,230,teste
Testing,7,231,teste
Testing,7,232,teste
Testing,7,233,teste
Testing,7,234,teste
Testing,7,235,teste
Testing,7,236,teste
Testing,7,237,teste
Testing,7,238,teste
Testing,7,239,teste
Testing,7,240,teste
Testing,7,241,teste
Testing,7,242,teste
Testing,7,243,teste
Testing,7,244,teste
Testing,7,245,teste
Testing,7,246,teste
Testing,7,247,teste
Testing,7,248,teste
Testing,7,249,teste
Testing,7,250,teste
Testing,7,251,teste
Testing,7,252,teste
Testing,7,253,teste
Testing,7,254,teste
Testing,7,255,teste
Testing,7,256,teste
Testing,7,257,teste
Testing,7,258,teste
Testing,7,259,teste
Testing,7,260,teste
Testing,7,261,teste
Testing,7,262,teste
Testing,7,263,teste
Testing,7,264,teste
Testing,7,265,teste
Testing,7,266,teste
Testing,7,267,teste
Testing,7,268,teste
Testing,7,269,teste
Testing,7,270,teste
Testing,7,271,teste
Testing,7,272,teste
Testing,7,273,teste
Testing,7,274,teste
Testing,7,275,teste
Testing,7,276,teste
Testing,7,277,teste
Testing,7,278,teste
Testing,7,279,teste
Testing,7,280,teste
Testing,7,281,teste
Testing,7,282,teste
Testing,7,283,teste
Testing,7,284,teste
Testing,7,285,teste
Testing,7,286,teste
Testing,7,287,teste
Testing,7,288,teste
Testing,7,289,teste
Testing,7,290,teste
Testing,7,291,teste
Testing,7,292,teste
Testing,7,293,teste
Testing,7,294,teste
Testing,7,295,teste
Testing,7,296,teste
Testing,7,297,teste
Testing,7,298,teste
Testing,7,299,teste
Testing,7,300,teste
Testing,7,301,teste
Testing,7,302,teste
Testing,7,303,teste
Testing,7,304,teste
Testing,7,305,teste
Testing,7,306,teste
Testing,7,307,teste
Testing,7,308,teste
Testing,7,309,teste
Testing,7,310,teste
Testing,7,311,teste
Testing,7,312,teste
Testing,7,313,teste
Testing,7,314,teste
Testing,7,315,teste
Testing,7,316,teste
Testing,7,317,teste
Testing,7,318,teste
Testing,7,319,teste
Testing,7,320,teste
Testing,7,321,teste
Testing,7,322,teste
Testing,7,323,teste
Testing,7,324,teste
Testing,7,325,teste
Testing,7,326,teste
Testing,7,327,teste
Testing,7,328,teste
Testing,7,329,teste
Testing,7,330,teste
Testing,7,331,teste
Testing,7,332,teste
Testing,7,333,teste
Testing,7,334,teste
Testing,7,335,teste
Testing,7,336,teste
Testing,7,337,teste
Testing,7,338,teste
Testing,7,339,teste
Testing,7,340,teste
Testing,7,341,teste
Testing,7,342,teste
Testing,7,343,teste
Testing,7,344,teste
Testing,7,345,teste
Testing,7,346,teste
Testing,7,347,teste
Testing,7,348,teste
Testing,7,349,teste
Testing,7,350,teste
Testing,7,351,teste
Testing,7,352,teste
Testing,7,353,teste
Testing,7,354,teste
Testing,7,355,teste
Testing,7,356,teste
Testing,7,357,teste
Testing,7,358,teste
Testing,7,359,teste
Testing,7,360,teste
Testing,7,361,teste
Testing,7,362,teste
Testing,7,363,teste
Testing,7,364,teste
Testing,7,365,teste
Testing,7,366,teste
Testing,7,367,teste
Testing,7,368,teste
Testing,7,369,teste
Testing,7,370,teste
Testing,7,371,teste
Testing,7,372,teste
Testing,7,373,teste
Testing,7,374,teste
Testing,7,375,teste
Testing,7,376,teste
Testing,7,377,teste
Testing,7,378,teste
Testing,7,379,teste
Testing,7,380,teste
Testing,7,381,teste
Testing,7,382,teste
Testing,7,383,teste
Testing,7,384,teste
Testing,7,385,teste
Testing,7,386,teste
Testing,7,387,teste
Testing,7,388,teste
Testing,7,389,teste
Testing,7,390,teste
Testing,7,391,teste
Testing,7,392,teste
Testing,7,393,teste
Testing,7,394,teste
Testing,7,395,teste
Testing,7,396,teste
Testing,7,397,teste
Testing,7,398,teste
Testing,7,399,teste
Testing,7,400,teste
Testing,7,401,teste
Testing,7,402,teste
Testing,7,403,teste
Testing,7,404,teste
Testing,7,405,teste
Testing,7,406,teste
Testing,7,407,teste
Testing,7,408,teste
Testing,7,409,teste
Testing,7,410,teste
Testing,7,411,teste
Testing,7,412,teste
Testing,7,413,teste
Testing,7,414,teste
Testing,7,415,teste
Testing,7,416,teste
Testing,7,417,teste
Testing,7,418,teste
Testing,7,419,teste
Testing,7,420,teste
Testing,7,421,teste
Testing,7,422,teste
Testing,7,423,teste
Testing,7,424,teste
Testing,7,425,teste
Testing,7,426,teste
Testing,7,427,teste
Testing,7,428,teste
Testing,7,429,teste
Testing,7,430,teste
Testing,7,431,teste
Testing,7,432,teste
Testing,7,433,teste
Testing,7,434,teste
Testing,7,435,teste
Testing,7,436,teste
Testing,7,437,teste
Testing,7,438,teste
Testing,7,439,teste
Testing,7,440,teste
Testing,7,441,teste
Testing,7,442,teste
Testing,7,443,teste
Testing,7,444,teste
Testing,7,445,teste
Testing,7,446,teste
Testing,7,447,teste
Testing,7,448,teste
Testing,7,449,teste
Testing,7,450,teste
Testing,7,451,teste
Testing,7,452,teste
Testing,7,453,teste
Testing,7,454,teste
Testing,7,455,teste
Testing,7,456,teste
Testing,7,457,teste
Testing,7,458,teste
Testing,7,459,teste
Testing,7,460,teste
Testing,7,461,teste
Testing,7,462,teste
Testing,7,463,teste
Testing,7,464,teste
Testing,7,465,teste
Testing,7,466,teste
Testing,7,467,teste
Testing,7,468,teste
Testing,7,469,teste
Testing,7,470,teste
Testing,7,471,teste
Testing,7,472,teste
Testing,7,473,teste
Testing,7,474,teste
Testing,7,475,teste
Testing,7,476,teste
Testing,7,477,teste
Testing,7,478,teste
Testing,7,479,teste
Testing,7,480,teste
Testing,7,481,teste
Testing,7,482,teste
Testing,7,483,teste
Testing,7,484,teste
Testing,7,485,teste
Testing,7,486,teste
Testing,7,487,teste
Testing,7,488,teste
Testing,7,489,teste
Testing,7,490,teste
Testing,7,491,teste
Testing,7,492,teste
Testing,7,493,teste
Testing,7,494,teste
Testing,7,495,teste
Testing,7,496,teste
Testing,7,497,teste
Testing,7,498,teste
Testing,7,499,teste
Testing,7,500,teste
Testing,8,1,teste
Testing,8,2,teste
Testing,8,3,teste
Testing,8,4,teste
Testing,8,5,teste
Testing,8,6,teste
Testing,8,7,teste
Testing,8,8,teste
Testing,8,9,teste
Testing,8,10,teste
Testing,8,11,teste
Testing,8,12,teste
Testing,8,13,teste
Testing,8,14,teste
Testing,8,15,teste
Testing,8,16,teste
Testing,8,17,teste
Testing,8,18,teste
Testing,8,19,teste
Testing,8,20,teste
Testing,8,21,teste
Testing,8,22,teste
Testing,8,23,teste
Testing,8,24,teste
Testing,8,25,teste
Testing,8,26,teste
Testing,8,27,teste
Testing,8,28,teste
Testing,8,29,teste
Testing,8,30,teste
Testing,8,31,teste
Testing,8,32,teste
Testing,8,33,teste
Testing,8,34,teste
Testing,8,35,teste
Testing,8,36,teste
Testing,8,37,teste
Testing,8,38,teste
Testing,8,39,teste
Testing,8,40,teste
Testing,8,41,teste
Testing,8,42,teste
Testing,8,43,teste
Testing,8,44,teste
Testing,8,45,teste
Testing,8,46,teste
Testing,8,47,teste
Testing,8,48,teste
Testing,8,49,teste
Testing,8,50,teste
Testing,8,51,teste
Testing,8,52,teste
Testing,8,53,teste
Testing,8,54,teste
Testing,8,55,teste
Testing,8,56,teste
Testing,8,57,teste
Testing,8,58,teste
Testing,8,59,teste
Testing,8,60,teste
Testing,8,61,teste
Testing,8,62,teste
Testing,8,63,teste
Testing,8,64,teste
Testing,8,65,teste
Testing,8,66,teste
Testing,8,67,teste
Testing,8,68,teste
Testing,8,69,teste
Testing,8,70,teste
Testing,8,71,teste
Testing,8,72,teste
Testing,8,73,teste
Testing,8,74,teste
Testing,8,75,teste
Testing,8,76,teste
Testing,8,77,teste
Testing,8,78,teste
Testing,8,79,teste
Testing,8,80,teste
Testing,8,81,teste
Testing,8,82,teste
Testing,8,83,teste
Testing,8,84,teste
Testing,8,85,teste
Testing,8,86,teste
Testing,8,87,teste
Testing,8,88,teste
Testing,8,89,teste
Testing,8,90,teste
Testing,8,91,teste
Testing,8,92,teste
Testing,8,93,teste
Testing,8,94,teste
Testing,8,95,teste
Testing,8,96,teste
Testing,8,97,teste
Testing,8,98,teste
Testing,8,99,teste
Testing,8,100,teste
Testing,8,101,teste
Testing,8,102,teste
Testing,8,103,teste
Testing,8,104,teste
Testing,8,105,teste
Testing,8,106,teste
Testing,8,107,teste
Testing,8,108,teste
Testing,8,109,teste
Testing,8,110,teste
Testing,8,111,teste
Testing,8,112,teste
Testing,8,113,teste
Testing,8,114,teste
Testing,8,115,teste
Testing,8,116,teste
Testing,8,117,teste
Testing,8,118,teste
Testing,8,119,teste
Testing,8,120,teste
Testing,8,121,teste
Testing,8,122,teste
Testing,8,123,teste
Testing,8,124,teste
Testing,8,125,teste
Testing,8,126,teste
Testing,8,127,teste
Testing,8,128,teste
Testing,8,129,teste
Testing,8,130,teste
Testing,8,131,teste
Testing,8,132,teste
Testing,8,133,teste
Testing,8,134,teste
Testing,8,135,teste
Testing,8,136,teste
Testing,8,137,teste
Testing,8,138,teste
Testing,8,139,teste
Testing,8,140,teste
Testing,8,141,teste
Testing,8,142,teste
Testing,8,143,teste
Testing,8,144,teste
Testing,8,145,teste
Testing,8,146,teste
Testing,8,147,teste
Testing,8,148,teste
Testing,8,149,teste
Testing,8,150,teste
Testing,8,151,teste
Testing,8,152,teste
Testing,8,153,teste
Testing,8,154,teste
Testing,8,155,teste
Testing,8,156,teste
Testing,8,157,teste
Testing,8,158,teste
Testing,8,159,teste
Testing,8,160,teste
Testing,8,161,teste
Testing,8,162,teste
Testing,8,163,teste
Testing,8,164,teste
Testing,8,165,teste
Testing,8,166,teste
Testing,8,167,teste
Testing,8,168,teste
Testing,8,169,teste
Testing,8,170,teste
Testing,8,171,teste
Testing,8,172,teste
Testing,8,173,teste
Testing,8,174,teste
Testing,8,175,teste
Testing,8,176,teste
Testing,8,177,teste
Testing,8,178,teste
Testing,8,179,teste
Testing,8,180,teste
Testing,8,181,teste
Testing,8,182,teste
Testing,8,183,teste
Testing,8,184,teste
Testing,8,185,teste
Testing,8,186,teste
Testing,8,187,teste
Testing,8,188,teste
Testing,8,189,teste
Testing,8,190,teste
Testing,8,191,teste
Testing,8,192,teste
Testing,8,193,teste
Testing,8,194,teste
Testing,8,195,teste
Testing,8,196,teste
Testing,8,197,teste
Testing,8,198,teste
Testing,8,199,teste
Testing,8,200,teste
Testing,8,201,teste
Testing,8,202,teste
Testing,8,203,teste
Testing,8,204,teste
Testing,8,205,teste
Testing,8,206,teste
Testing,8,207,teste
Testing,8,208,teste
Testing,8,209,teste
Testing,8,210,teste
Testing,8,211,teste
Testing,8,212,teste
Testing,8,213,teste
Testing,8,214,teste
Testing,8,215,teste
Testing,8,216,teste
Testing,8,217,teste
Testing,8,218,teste
Testing,8,219,teste
Testing,8,220,teste
Testing,8,221,teste
Testing,8,222,teste
Testing,8,223,teste
Testing,8,224,teste
Testing,8,225,teste
Testing,8,226,teste
Testing,8,227,teste
Testing,8,228,teste
Testing,8,229,teste
Testing,8,230,teste
Testing,8,231,teste
Testing,8,232,teste
Testing,8,233,teste
Testing,8,234,teste
Testing,8,235,teste
Testing,8,236,teste
Testing,8,237,teste
Testing,8,238,teste
Testing,8,239,teste
Testing,8,240,teste
Testing,8,241,teste
Testing,8,242,teste
Testing,8,243,teste
Testing,8,244,teste
Testing,8,245,teste
Testing,8,246,teste
Testing,8,247,teste
Testing,8,248,teste
Testing,8,249,teste
Testing,8,250,teste
Testing,8,251,teste
Testing,8,252,teste
Testing,8,253,teste
Testing,8,254,teste
Testing,8,255,teste
Testing,8,256,teste
Testing,8,257,teste
Testing,8,258,teste
Testing,8,259,teste
Testing,8,260,teste
Testing,8,261,teste
Testing,8,262,teste
Testing,8,263,teste
Testing,8,264,teste
Testing,8,265,teste
Testing,8,266,teste
Testing,8,267,teste
Testing,8,268,teste
Testing,8,269,teste
Testing,8,270,teste
Testing,8,271,teste
Testing,8,272,teste
Testing,8,273,teste
Testing,8,274,teste
Testing,8,275,teste
Testing,8,276,teste
Testing,8,277,teste
Testing,8,278,teste
Testing,8,279,teste
Testing,8,280,teste
Testing,8,281,teste
Testing,8,282,teste
Testing,8,283,teste
Testing,8,284,teste
Testing,8,285,teste
Testing,8,286,teste
Testing,8,287,teste
Testing,8,288,teste
Testing,8,289,teste
Testing,8,290,teste
Testing,8,291,teste
Testing,8,292,teste
Testing,8,293,teste
Testing,8,294,teste
Testing,8,295,teste
Testing,8,296,teste
Testing,8,297,teste
Testing,8,298,teste
Testing,8,299,teste
Testing,8,300,teste
Testing,8,301,teste
Testing,8,302,teste
Testing,8,303,teste
Testing,8,304,teste
Testing,8,305,teste
Testing,8,306,teste
Testing,8,307,teste
Testing,8,308,teste
Testing,8,309,teste
Testing,8,310,teste
Testing,8,311,teste
Testing,8,312,teste
Testing,8,313,teste
Testing,8,314,teste
Testing,8,315,teste
Testing,8,316,teste
Testing,8,317,teste
Testing,8,318,teste
Testing,8,319,teste
Testing,8,320,teste
Testing,8,321,teste
Testing,8,322,teste
Testing,8,323,teste
Testing,8,324,teste
Testing,8,325,teste
Testing,8,326,teste
Testing,8,327,teste
Testing,8,328,teste
Testing,8,329,teste
Testing,8,330,teste
Testing,8,331,teste
Testing,8,332,teste
Testing,8,333,teste
Testing,8,334,teste
Testing,8,335,teste
Testing,8,336,teste
Testing,8,337,teste
Testing,8,338,teste
Testing,8,339,teste
Testing,8,340,teste
Testing,8,341,teste
Testing,8,342,teste
Testing,8,343,teste
Testing,8,344,teste
Testing,8,345,teste
Testing,8,346,teste
Testing,8,347,teste
Testing,8,348,teste
Testing,8,349,teste
Testing,8,350,teste
Testing,8,351,teste
Testing,8,352,teste
Testing,8,353,teste
Testing,8,354,teste
Testing,8,355,teste
Testing,8,356,teste
Testing,8,357,teste
Testing,8,358,teste
Testing,8,359,teste
Testing,8,360,teste
Testing,8,361,teste
Testing,8,362,teste
Testing,8,363,teste
Testing,8,364,teste
Testing,8,365,teste
Testing,8,366,teste
Testing,8,367,teste
Testing,8,368,teste
Testing,8,369,teste
Testing,8,370,teste
Testing,8,371,teste
Testing,8,372,teste
Testing,8,373,teste
Testing,8,374,teste
Testing,8,375,teste
Testing,8,376,teste
Testing,8,377,teste
Testing,8,378,teste
Testing,8,379,teste
Testing,8,380,teste
Testing,8,381,teste
Testing,8,382,teste
Testing,8,383,teste
Testing,8,384,teste
Testing,8,385,teste
Testing,8,386,teste
Testing,8,387,teste
Testing,8,388,teste
Testing,8,389,teste
Testing,8,390,teste
Testing,8,391,teste
Testing,8,392,teste
Testing,8,393,teste
Testing,8,394,teste
Testing,8,395,teste
Testing,8,396,teste
Testing,8,397,teste
Testing,8,398,teste
Testing,8,399,teste
Testing,8,400,teste
Testing,8,401,teste
Testing,8,402,teste
Testing,8,403,teste
Testing,8,404,teste
Testing,8,405,teste
Testing,8,406,teste
Testing,8,407,teste
Testing,8,408,teste
Testing,8,409,teste
Testing,8,410,teste
Testing,8,411,teste
Testing,8,412,teste
Testing,8,413,teste
Testing,8,414,teste
Testing,8,415,teste
Testing,8,416,teste
Testing,8,417,teste
Testing,8,418,teste
Testing,8,419,teste
Testing,8,420,teste
Testing,8,421,teste
Testing,8,422,teste
Testing,8,423,teste
Testing,8,424,teste
Testing,8,425,teste
Testing,8,426,teste
Testing,8,427,teste
Testing,8,428,teste
Testing,8,429,teste
Testing,8,430,teste
Testing,8,431,teste
Testing,8,432,teste
Testing,8,433,teste
Testing,8,434,teste
Testing,8,435,teste
Testing,8,436,teste
Testing,8,437,teste
Testing,8,438,teste
Testing,8,439,teste
Testing,8,440,teste
Testing,8,441,teste
Testing,8,442,teste
Testing,8,443,teste
Testing,8,444,teste
Testing,8,445,teste
Testing,8,446,teste
Testing,8,447,teste
Testing,8,448,teste
Testing,8,449,teste
Testing,8,450,teste
Testing,8,451,teste
Testing,8,452,teste
Testing,8,453,teste
Testing,8,454,teste
Testing,8,455,teste
Testing,8,456,teste
Testing,8,457,teste
Testing,8,458,teste
Testing,8,459,teste
Testing,8,460,teste
Testing,8,461,teste
Testing,8,462,teste
Testing,8,463,teste
Testing,8,464,teste
Testing,8,465,teste
Testing,8,466,teste
Testing,8,467,teste
Testing,8,468,teste
Testing,8,469,teste
Testing,8,470,teste
Testing,8,471,teste
Testing,8,472,teste
Testing,8,473,teste
Testing,8,474,teste
Testing,8,475,teste
Testing,8,476,teste
Testing,8,477,teste
Testing,8,478,teste
Testing,8,479,teste
Testing,8,480,teste
Testing,8,481,teste
Testing,8,482,teste
Testing,8,483,teste
Testing,8,484,teste
Testing,8,485,teste
Testing,8,486,teste
Testing,8,487,teste
Testing,8,488,teste
Testing,8,489,teste
Testing,8,490,teste
Testing,8,491,teste
Testing,8,492,teste
Testing,8,493,teste
Testing,8,494,teste
Testing,8,495,teste
Testing,8,496,teste
Testing,8,497,teste
Testing,8,498,teste
Testing,8,499,teste
Testing,8,500,teste
Testing,9,1,teste
Testing,9,2,teste
Testing,9,3,teste
Testing,9,4,teste
Testing,9,5,teste
Testing,9,6,teste
Testing,9,7,teste
Testing,9,8,teste
Testing,9,9,teste
Testing,9,10,teste
Testing,9,11,teste
Testing,9,12,teste
Testing,9,13,teste
Testing,9,14,teste
Testing,9,15,teste
Testing,9,16,teste
Testing,9,17,teste
Testing,9,18,teste
Testing,9,19,teste
Testing,9,20,teste
Testing,9,21,teste
Testing,9,22,teste
Testing,9,23,teste
Testing,9,24,teste
Testing,9,25,teste
Testing,9,26,teste
Testing,9,27,teste
Testing,9,28,teste
Testing,9,29,teste
Testing,9,30,teste
Testing,9,31,teste
Testing,9,32,teste
Testing,9,33,teste
Testing,9,34,teste
Testing,9,35,teste
Testing,9,36,teste
Testing,9,37,teste
Testing,9,38,teste
Testing,9,39,teste
Testing,9,40,teste
Testing,9,41,teste
Testing,9,42,teste
Testing,9,43,teste
Testing,9,44,teste
Testing,9,45,teste
Testing,9,46,teste
Testing,9,47,teste
Testing,9,48,teste
Testing,9,49,teste
Testing,9,50,teste
Testing,9,51,teste
Testing,9,52,teste
Testing,9,53,teste
Testing,9,54,teste
Testing,9,55,teste
Testing,9,56,teste
Testing,9,57,teste
Testing,9,58,teste
Testing,9,59,teste
Testing,9,60,teste
Testing,9,61,teste
Testing,9,62,teste
Testing,9,63,teste
Testing,9,64,teste
Testing,9,65,teste
Testing,9,66,teste
Testing,9,67,teste
Testing,9,68,teste
Testing,9,69,teste
Testing,9,70,teste
Testing,9,71,teste
Testing,9,72,teste
Testing,9,73,teste
Testing,9,74,teste
Testing,9,75,teste
Testing,9,76,teste
Testing,9,77,teste
Testing,9,78,teste
Testing,9,79,teste
Testing,9,80,teste
Testing,9,81,teste
Testing,9,82,teste
Testing,9,83,teste
Testing,9,84,teste
Testing,9,85,teste
Testing,9,86,teste
Testing,9,87,teste
Testing,9,88,teste
Testing,9,89,teste
Testing,9,90,teste
Testing,9,91,teste
Testing,9,92,teste
Testing,9,93,teste
Testing,9,94,teste
Testing,9,95,teste
Testing,9,96,teste
Testing,9,97,teste
Testing,9,98,teste
Testing,9,99,teste
Testing,9,100,teste
Testing,9,101,teste
Testing,9,102,teste
Testing,9,103,teste
Testing,9,104,teste
Testing,9,105,teste
Testing,9,106,teste
Testing,9,107,teste
Testing,9,108,teste
Testing,9,109,teste
Testing,9,110,teste
Testing,9,111,teste
Testing,9,112,teste
Testing,9,113,teste
Testing,9,114,teste
Testing,9,115,teste
Testing,9,116,teste
Testing,9,117,teste
Testing,9,118,teste
Testing,9,119,teste
Testing,9,120,teste
Testing,9,121,teste
Testing,9,122,teste
Testing,9,123,teste
Testing,9,124,teste
Testing,9,125,teste
Testing,9,126,teste
Testing,9,127,teste
Testing,9,128,teste
Testing,9,129,teste
Testing,9,130,teste
Testing,9,131,teste
Testing,9,132,teste
Testing,9,133,teste
Testing,9,134,teste
Testing,9,135,teste
Testing,9,136,teste
Testing,9,137,teste
Testing,9,138,teste
Testing,9,139,teste
Testing,9,140,teste
Testing,9,141,teste
Testing,9,142,teste
Testing,9,143,teste
Testing,9,144,teste
Testing,9,145,teste
Testing,9,146,teste
Testing,9,147,teste
Testing,9,148,teste
Testing,9,149,teste
Testing,9,150,teste
Testing,9,151,teste
Testing,9,152,teste
Testing,9,153,teste
Testing,9,154,teste
Testing,9,155,teste
Testing,9,156,teste
Testing,9,157,teste
Testing,9,158,teste
Testing,9,159,teste
Testing,9,160,teste
Testing,9,161,teste
Testing,9,162,teste
Testing,9,163,teste
Testing,9,164,teste
Testing,9,165,teste
Testing,9,166,teste
Testing,9,167,teste
Testing,9,168,teste
Testing,9,169,teste
Testing,9,170,teste
Testing,9,171,teste
Testing,9,172,teste
Testing,9,173,teste
Testing,9,174,teste
Testing,9,175,teste
Testing,9,176,teste
Testing,9,177,teste
Testing,9,178,teste
Testing,9,179,teste
Testing,9,180,teste
Testing,9,181,teste
Testing,9,182,teste
Testing,9,183,teste
Testing,9,184,teste
Testing,9,185,teste
Testing,9,186,teste
Testing,9,187,teste
Testing,9,188,teste
Testing,9,189,teste
Testing,9,190,teste
Testing,9,191,teste
Testing,9,192,teste
Testing,9,193,teste
Testing,9,194,teste
Testing,9,195,teste
Testing,9,196,teste
Testing,9,197,teste
Testing,9,198,teste
Testing,9,199,teste
Testing,9,200,teste
Testing,9,201,teste
Testing,9,202,teste
Testing,9,203,teste
Testing,9,204,teste
Testing,9,205,teste
Testing,9,206,teste
Testing,9,207,teste
Testing,9,208,teste
Testing,9,209,teste
Testing,9,210,teste
Testing,9,211,teste
Testing,9,212,teste
Testing,9,213,teste
Testing,9,214,teste
Testing,9,215,teste
Testing,9,216,teste
Testing,9,217,teste
Testing,9,218,teste
Testing,9,219,teste
Testing,9,220,teste
Testing,9,221,teste
Testing,9,222,teste
Testing,9,223,teste
Testing,9,224,teste
Testing,9,225,teste
Testing,9,226,teste
Testing,9,227,teste
Testing,9,228,teste
Testing,9,229,teste
Testing,9,230,teste
Testing,9,231,teste
Testing,9,232,teste
Testing,9,233,teste
Testing,9,234,teste
Testing,9,235,teste
Testing,9,236,teste
Testing,9,237,teste
Testing,9,238,teste
Testing,9,239,teste
Testing,9,240,teste
Testing,9,241,teste
Testing,9,242,teste
Testing,9,243,teste
Testing,9,244,teste
Testing,9,245,teste
Testing,9,246,teste
Testing,9,247,teste
Testing,9,248,teste
Testing,9,249,teste
Testing,9,250,teste
Testing,9,251,teste
Testing,9,252,teste
Testing,9,253,teste
Testing,9,254,teste
Testing,9,255,teste
Testing,9,256,teste
Testing,9,257,teste
Testing,9,258,teste
Testing,9,259,teste
Testing,9,260,teste
Testing,9,261,teste
Testing,9,262,teste
Testing,9,263,teste
Testing,9,264,teste
Testing,9,265,teste
Testing,9,266,teste
Testing,9,267,teste
Testing,9,268,teste
Testing,9,269,teste
Testing,9,270,teste
Testing,9,271,teste
Testing,9,272,teste
Testing,9,273,teste
Testing,9,274,teste
Testing,9,275,teste
Testing,9,276,teste
Testing,9,277,teste
Testing,9,278,teste
Testing,9,279,teste
Testing,9,280,teste
Testing,9,281,teste
Testing,9,282,teste
Testing,9,283,teste
Testing,9,284,teste
Testing,9,285,teste
Testing,9,286,teste
Testing,9,287,teste
Testing,9,288,teste
Testing,9,289,teste
Testing,9,290,teste
Testing,9,291,teste
Testing,9,292,teste
Testing,9,293,teste
Testing,9,294,teste
Testing,9,295,teste
Testing,9,296,teste
Testing,9,297,teste
Testing,9,298,teste
Testing,9,299,teste
Testing,9,300,teste
Testing,9,301,teste
Testing,9,302,teste
Testing,9,303,teste
Testing,9,304,teste
Testing,9,305,teste
Testing,9,306,teste
Testing,9,307,teste
Testing,9,308,teste
Testing,9,309,teste
Testing,9,310,teste
Testing,9,311,teste
Testing,9,312,teste
Testing,9,313,teste
Testing,9,314,teste
Testing,9,315,teste
Testing,9,316,teste
Testing,9,317,teste
Testing,9,318,teste
Testing,9,319,teste
Testing,9,320,teste
Testing,9,321,teste
Testing,9,322,teste
Testing,9,323,teste
Testing,9,324,teste
Testing,9,325,teste
Testing,9,326,teste
Testing,9,327,teste
Testing,9,328,teste
Testing,9,329,teste
Testing,9,330,teste
Testing,9,331,teste
Testing,9,332,teste
Testing,9,333,teste
Testing,9,334,teste
Testing,9,335,teste
Testing,9,336,teste
Testing,9,337,teste
Testing,9,338,teste
Testing,9,339,teste
Testing,9,340,teste
Testing,9,341,teste
Testing,9,342,teste
Testing,9,343,teste
Testing,9,344,teste
Testing,9,345,teste
Testing,9,346,teste
Testing,9,347,teste
Testing,9,348,teste
Testing,9,349,teste
Testing,9,350,teste
Testing,9,351,teste
Testing,9,352,teste
Testing,9,353,teste
Testing,9,354,teste
Testing,9,355,teste
Testing,9,356,teste
Testing,9,357,teste
Testing,9,358,teste
Testing,9,359,teste
Testing,9,360,teste
Testing,9,361,teste
Testing,9,362,teste
Testing,9,363,teste
Testing,9,364,teste
Testing,9,365,teste
Testing,9,366,teste
Testing,9,367,teste
Testing,9,368,teste
Testing,9,369,teste
Testing,9,370,teste
Testing,9,371,teste
Testing,9,372,teste
Testing,9,373,teste
Testing,9,374,teste
Testing,9,375,teste
Testing,9,376,teste
Testing,9,377,teste
Testing,9,378,teste
Testing,9,379,teste
Testing,9,380,teste
Testing,9,381,teste
Testing,9,382,teste
Testing,9,383,teste
Testing,9,384,teste
Testing,9,385,teste
Testing,9,386,teste
Testing,9,387,teste
Testing,9,388,teste
Testing,9,389,teste
Testing,9,390,teste
Testing,9,391,teste
Testing,9,392,teste
Testing,9,393,teste
Testing,9,394,teste
Testing,9,395,teste
Testing,9,396,teste
Testing,9,397,teste
Testing,9,398,teste
Testing,9,399,teste
Testing,9,400,teste
Testing,9,401,teste
Testing,9,402,teste
Testing,9,403,teste
Testing,9,404,teste
Testing,9,405,teste
Testing,9,406,teste
Testing,9,407,teste
Testing,9,408,teste
Testing,9,409,teste
Testing,9,410,teste
Testing,9,411,teste
Testing,9,412,teste
Testing,9,413,teste
Testing,9,414,teste
Testing,9,415,teste
Testing,9,416,teste
Testing,9,417,teste
Testing,9,418,teste
Testing,9,419,teste
Testing,9,420,teste
Testing,9,421,teste
Testing,9,422,teste
Testing,9,423,teste
Testing,9,424,teste
Testing,9,425,teste
Testing,9,426,teste
Testing,9,427,teste
Testing,9,428,teste
Testing,9,429,teste
Testing,9,430,teste
Testing,9,431,teste
Testing,9,432,teste
Testing,9,433,teste
Testing,9,434,teste
Testing,9,435,teste
Testing,9,436,teste
Testing,9,437,teste
Testing,9,438,teste
Testing,9,439,teste
Testing,9,440,teste
Testing,9,441,teste
Testing,9,442,teste
Testing,9,443,teste
Testing,9,444,teste
Testing,9,445,teste
Testing,9,446,teste
Testing,9,447,teste
Testing,9,448,teste
Testing,9,449,teste
Testing,9,450,teste
Testing,9,451,teste
Testing,9,452,teste
Testing,9,453,teste
Testing,9,454,teste
Testing,9,455,teste
Testing,9,456,teste
Testing,9,457,teste
Testing,9,458,teste
Testing,9,459,teste
Testing,9,460,teste
Testing,9,461,teste
Testing,9,462,teste
Testing,9,463,teste
Testing,9,464,teste
Testing,9,465,teste
Testing,9,466,teste
Testing,9,467,teste
Testing,9,468,teste
Testing,9,469,teste
Testing,9,470,teste
Testing,9,471,teste
Testing,9,472,teste
Testing,9,473,teste
Testing,9,474,teste
Testing,9,475,teste
Testing,9,476,teste
Testing,9,477,teste
Testing,9,478,teste
Testing,9,479,teste
Testing,9,480,teste
Testing,9,481,teste
Testing,9,482,teste
Testing,9,483,teste
Testing,9,484,teste
Testing,9,485,teste
Testing,9,486,teste
Testing,9,487,teste
Testing,9,488,teste
Testing,9,489,teste
Testing,9,490,teste
Testing,9,491,teste
Testing,9,492,teste
Testing,9,493,teste
Testing,9,494,teste
Testing,9,495,teste
Testing,9,496,teste
Testing,9,497,teste
Testing,9,498,teste
Testing,9,499,teste
Testing,9,500,teste
Testing,10,1,teste
Testing,10,2,teste
Testing,10,3,teste
Testing,10,4,teste
Testing,10,5,teste
Testing,10,6,teste
Testing,10,7,teste
Testing,10,8,teste
Testing,10,9,teste
Testing,10,10,teste
Testing,10,11,teste
Testing,10,12,teste
Testing,10,13,teste
Testing,10,14,teste
Testing,10,15,teste
Testing,10,16,teste
Testing,10,17,teste
Testing,10,18,teste
Testing,10,19,teste
Testing,10,20,teste
Testing,10,21,teste
Testing,10,22,teste
Testing,10,23,teste
Testing,10,24,teste
Testing,10,25,teste
Testing,10,26,teste
Testing,10,27,teste
Testing,10,28,teste
Testing,10,29,teste
Testing,10,30,teste
Testing,10,31,teste
Testing,10,32,teste
Testing,10,33,teste
Testing,10,34,teste
Testing,10,35,teste
Testing,10,36,teste
Testing,10,37,teste
Testing,10,38,teste
Testing,10,39,teste
Testing,10,40,teste
Testing,10,41,teste
Testing,10,42,teste
Testing,10,43,teste
Testing,10,44,teste
Testing,10,45,teste
Testing,10,46,teste
Testing,10,47,teste
Testing,10,48,teste
Testing,10,49,teste
Testing,10,50,teste
Testing,10,51,teste
Testing,10,52,teste
Testing,10,53,teste
Testing,10,54,teste
Testing,10,55,teste
Testing,10,56,teste
Testing,10,57,teste
Testing,10,58,teste
Testing,10,59,teste
Testing,10,60,teste
Testing,10,61,teste
Testing,10,62,teste
Testing,10,63,teste
Testing,10,64,teste
Testing,10,65,teste
Testing,10,66,teste
Testing,10,67,teste
Testing,10,68,teste
Testing,10,69,teste
Testing,10,70,teste
Testing,10,71,teste
Testing,10,72,teste
Testing,10,73,teste
Testing,10,74,teste
Testing,10,75,teste
Testing,10,76,teste
Testing,10,77,teste
Testing,10,78,teste
Testing,10,79,teste
Testing,10,80,teste
Testing,10,81,teste
Testing,10,82,teste
Testing,10,83,teste
Testing,10,84,teste
Testing,10,85,teste
Testing,10,86,teste
Testing,10,87,teste
Testing,10,88,teste
Testing,10,89,teste
Testing,10,90,teste
Testing,10,91,teste
Testing,10,92,teste
Testing,10,93,teste
Testing,10,94,teste
Testing,10,95,teste
Testing,10,96,teste
Testing,10,97,teste
Testing,10,98,teste
Testing,10,99,teste
Testing,10,100,teste
Testing,10,101,teste
Testing,10,102,teste
Testing,10,103,teste
Testing,10,104,teste
Testing,10,105,teste
Testing,10,106,teste
Testing,10,107,teste
Testing,10,108,teste
Testing,10,109,teste
Testing,10,110,teste
Testing,10,111,teste
Testing,10,112,teste
Testing,10,113,teste
Testing,10,114,teste
Testing,10,115,teste
Testing,10,116,teste
Testing,10,117,teste
Testing,10,118,teste
Testing,10,119,teste
Testing,10,120,teste
Testing,10,121,teste
Testing,10,122,teste
Testing,10,123,teste
Testing,10,124,teste
Testing,10,125,teste
Testing,10,126,teste
Testing,10,127,teste
Testing,10,128,teste
Testing,10,129,teste
Testing,10,130,teste
Testing,10,131,teste
Testing,10,132,teste
Testing,10,133,teste
Testing,10,134,teste
Testing,10,135,teste
Testing,10,136,teste
Testing,10,137,teste
Testing,10,138,teste
Testing,10,139,teste
Testing,10,140,teste
Testing,10,141,teste
Testing,10,142,teste
Testing,10,143,teste
Testing,10,144,teste
Testing,10,145,teste
Testing,10,146,teste
Testing,10,147,teste
Testing,10,148,teste
Testing,10,149,teste
Testing,10,150,teste
Testing,10,151,teste
Testing,10,152,teste
Testing,10,153,teste
Testing,10,154,teste
Testing,10,155,teste
Testing,10,156,teste
Testing,10,157,teste
Testing,10,158,teste
Testing,10,159,teste
Testing,10,160,teste
Testing,10,161,teste
Testing,10,162,teste
Testing,10,163,teste
Testing,10,164,teste
Testing,10,165,teste
Testing,10,166,teste
Testing,10,167,teste
Testing,10,168,teste
Testing,10,169,teste
Testing,10,170,teste
Testing,10,171,teste
Testing,10,172,teste
Testing,10,173,teste
Testing,10,174,teste
Testing,10,175,teste
Testing,10,176,teste
Testing,10,177,teste
Testing,10,178,teste
Testing,10,179,teste
Testing,10,180,teste
Testing,10,181,teste
Testing,10,182,teste
Testing,10,183,teste
Testing,10,184,teste
Testing,10,185,teste
Testing,10,186,teste
Testing,10,187,teste
Testing,10,188,teste
Testing,10,189,teste
Testing,10,190,teste
Testing,10,191,teste
Testing,10,192,teste
Testing,10,193,teste
Testing,10,194,teste
Testing,10,195,teste
Testing,10,196,teste
Testing,10,197,teste
Testing,10,198,teste
Testing,10,199,teste
Testing,10,200,teste
Testing,10,201,teste
Testing,10,202,teste
Testing,10,203,teste
Testing,10,204,teste
Testing,10,205,teste
Testing,10,206,teste
Testing,10,207,teste
Testing,10,208,teste
Testing,10,209,teste
Testing,10,210,teste
Testing,10,211,teste
Testing,10,212,teste
Testing,10,213,teste
Testing,10,214,teste
Testing,10,215,teste
Testing,10,216,teste
Testing,10,217,teste
Testing,10,218,teste
Testing,10,219,teste
Testing,10,220,teste
Testing,10,221,teste
Testing,10,222,teste
Testing,10,223,teste
Testing,10,224,teste
Testing,10,225,teste
Testing,10,226,teste
Testing,10,227,teste
Testing,10,228,teste
Testing,10,229,teste
Testing,10,230,teste
Testing,10,231,teste
Testing,10,232,teste
Testing,10,233,teste
Testing,10,234,teste
Testing,10,235,teste
Testing,10,236,teste
Testing,10,237,teste
Testing,10,238,teste
Testing,10,239,teste
Testing,10,240,teste
Testing,10,241,teste
Testing,10,242,teste
Testing,10,243,teste
Testing,10,244,teste
Testing,10,245,teste
Testing,10,246,teste
Testing,10,247,teste
Testing,10,248,teste
Testing,10,249,teste
Testing,10,250,teste
Testing,10,251,teste
Testing,10,252,teste
Testing,10,253,teste
Testing,10,254,teste
Testing,10,255,teste
Testing,10,256,teste
Testing,10,257,teste
Testing,10,258,teste
Testing,10,259,teste
Testing,10,260,teste
Testing,10,261,teste
Testing,10,262,teste
Testing,10,263,teste
Testing,10,264,teste
Testing,10,265,teste
Testing,10,266,teste
Testing,10,267,teste
Testing,10,268,teste
Testing,10,269,teste
Testing,10,270,teste
Testing,10,271,teste
Testing,10,272,teste
Testing,10,273,teste
Testing,10,274,teste
Testing,10,275,teste
Testing,10,276,teste
Testing,10,277,teste
Testing,10,278,teste
Testing,10,279,teste
Testing,10,280,teste
Testing,10,281,teste
Testing,10,282,teste
Testing,10,283,teste
Testing,10,284,teste
Testing,10,285,teste
Testing,10,286,teste
Testing,10,287,teste
Testing,10,288,teste
Testing,10,289,teste
Testing,10,290,teste
Testing,10,291,teste
Testing,10,292,teste
Testing,10,293,teste
Testing,10,294,teste
Testing,10,295,teste
Testing,10,296,teste
Testing,10,297,teste
Testing,10,298,teste
Testing,10,299,teste
Testing,10,300,teste
Testing,10,301,teste
Testing,10,302,teste
Testing,10,303,teste
Testing,10,304,teste
Testing,10,305,teste
Testing,10,306,teste
Testing,10,307,teste
Testing,10,308,teste
Testing,10,309,teste
Testing,10,310,teste
Testing,10,311,teste
Testing,10,312,teste
Testing,10,313,teste
Testing,10,314,teste
Testing,10,315,teste
Testing,10,316,teste
Testing,10,317,teste
Testing,10,318,teste
Testing,10,319,teste
Testing,10,320,teste
Testing,10,321,teste
Testing,10,322,teste
Testing,10,323,teste
Testing,10,324,teste
Testing,10,325,teste
Testing,10,326,teste
Testing,10,327,teste
Testing,10,328,teste
Testing,10,329,teste
Testing,10,330,teste
Testing,10,331,teste
Testing,10,332,teste
Testing,10,333,teste
Testing,10,334,teste
Testing,10,335,teste
Testing,10,336,teste
Testing,10,337,teste
Testing,10,338,teste
Testing,10,339,teste
Testing,10,340,teste
Testing,10,341,teste
Testing,10,342,teste
Testing,10,343,teste
Testing,10,344,teste
Testing,10,345,teste
Testing,10,346,teste
Testing,10,347,teste
Testing,10,348,teste
Testing,10,349,teste
Testing,10,350,teste
Testing,10,351,teste
Testing,10,352,teste
Testing,10,353,teste
Testing,10,354,teste
Testing,10,355,teste
Testing,10,356,teste
Testing,10,357,teste
Testing,10,358,teste
Testing,10,359,teste
Testing,10,360,teste
Testing,10,361,teste
Testing,10,362,teste
Testing,10,363,teste
Testing,10,364,teste
Testing,10,365,teste
Testing,10,366,teste
Testing,10,367,teste
Testing,10,368,teste
Testing,10,369,teste
Testing,10,370,teste
Testing,10,371,teste
Testing,10,372,teste
Testing,10,373,teste
Testing,10,374,teste
Testing,10,375,teste
Testing,10,376,teste
Testing,10,377,teste
Testing,10,378,teste
Testing,10,379,teste
Testing,10,380,teste
Testing,10,381,teste
Testing,10,382,teste
Testing,10,383,teste
Testing,10,384,teste
Testing,10,385,teste
Testing,10,386,teste
Testing,10,387,teste
Testing,10,388,teste
Testing,10,389,teste
Testing,10,390,teste
Testing,10,391,teste
Testing,10,392,teste
Testing,10,393,teste
Testing,10,394,teste
Testing,10,395,teste
Testing,10,396,teste
Testing,10,397,teste
Testing,10,398,teste
Testing,10,399,teste
Testing,10,400,teste
Testing,10,401,teste
Testing,10,402,teste
Testing,10,403,teste
Testing,10,404,teste
Testing,10,405,teste
Testing,10,406,teste
Testing,10,407,teste
Testing,10,408,teste
Testing,10,409,teste
Testing,10,410,teste
Testing,10,411,teste
Testing,10,412,teste
Testing,10,413,teste
Testing,10,414,teste
Testing,10,415,teste
Testing,10,416,teste
Testing,10,417,teste
Testing,10,418,teste
Testing,10,419,teste
Testing,10,420,teste
Testing,10,421,teste
Testing,10,422,teste
Testing,10,423,teste
Testing,10,424,teste
Testing,10,425,teste
Testing,10,426,teste
Testing,10,427,teste
Testing,10,428,teste
Testing,10,429,teste
Testing,10,430,teste
Testing,10,431,teste
Testing,10,432,teste
Testing,10,433,teste
Testing,10,434,teste
Testing,10,435,teste
Testing,10,436,teste
Testing,10,437,teste
Testing,10,438,teste
Testing,10,439,teste
Testing,10,440,teste
Testing,10,441,teste
Testing,10,442,teste
Testing,10,443,teste
Testing,10,444,teste
Testing,10,445,teste
Testing,10,446,teste
Testing,10,447,teste
Testing,10,448,teste
Testing,10,449,teste
Testing,10,450,teste
Testing,10,451,teste
Testing,10,452,teste
Testing,10,453,teste
Testing,10,454,teste
Testing,10,455,teste
Testing,10,456,teste
Testing,10,457,teste
Testing,10,458,teste
Testing,10,459,teste
Testing,10,460,teste
Testing,10,461,teste
Testing,10,462,teste
Testing,10,463,teste
Testing,10,464,teste
Testing,10,465,teste
Testing,10,466,teste
Testing,10,467,teste
Testing,10,468,teste
Testing,10,469,teste
Testing,10,470,teste
Testing,10,471,teste
Testing,10,472,teste
Testing,10,473,teste
Testing,10,474,teste
Testing,10,475,teste
Testing,10,476,teste
Testing,10,477,teste
Testing,10,478,teste
Testing,10,479,teste
Testing,10,480,teste
Testing,10,481,teste
Testing,10,482,teste
Testing,10,483,teste
Testing,10,484,teste
Testing,10,485,teste
Testing,10,486,teste
Testing,10,487,teste
Testing,10,488,teste
Testing,10,489,teste
Testing,10,490,teste
Testing,10,491,teste
Testing,10,492,teste
Testing,10,493,teste
Testing,10,494,teste
Testing,10,495,teste
Testing,10,496,teste
Testing,10,497,teste
Testing,10,498,teste
Testing,10,499,teste
Testing,10,500,teste
Testing,11,1,teste
Testing,11,2,teste
Testing,11,3,teste
Testing,11,4,teste
Testing,11,5,teste
Testing,11,6,teste
Testing,11,7,teste
Testing,11,8,teste
Testing,11,9,teste
Testing,11,10,teste
Testing,11,11,teste
Testing,11,12,teste
Testing,11,13,teste
Testing,11,14,teste
Testing,11,15,teste
Testing,11,16,teste
Testing,11,17,teste
Testing,11,18,teste
Testing,11,19,teste
Testing,11,20,teste
Testing,11,21,teste
Testing,11,22,teste
Testing,11,23,teste
Testing,11,24,teste
Testing,11,25,teste
Testing,11,26,teste
Testing,11,27,teste
Testing,11,28,teste
Testing,11,29,teste
Testing,11,30,teste
Testing,11,31,teste
Testing,11,32,teste
Testing,11,33,teste
Testing,11,34,teste
Testing,11,35,teste
Testing,11,36,teste
Testing,11,37,teste
Testing,11,38,teste
Testing,11,39,teste
Testing,11,40,teste
Testing,11,41,teste
Testing,11,42,teste
Testing,11,43,teste
Testing,11,44,teste
Testing,11,45,teste
Testing,11,46,teste
Testing,11,47,teste
Testing,11,48,teste
Testing,11,49,teste
Testing,11,50,teste
Testing,11,51,teste
Testing,11,52,teste
Testing,11,53,teste
Testing,11,54,teste
Testing,11,55,teste
Testing,11,56,teste
Testing,11,57,teste
Testing,11,58,teste
Testing,11,59,teste
Testing,11,60,teste
Testing,11,61,teste
Testing,11,62,teste
Testing,11,63,teste
Testing,11,64,teste
Testing,11,65,teste
Testing,11,66,teste
Testing,11,67,teste
Testing,11,68,teste
Testing,11,69,teste
Testing,11,70,teste
Testing,11,71,teste
Testing,11,72,teste
Testing,11,73,teste
Testing,11,74,teste
Testing,11,75,teste
Testing,11,76,teste
Testing,11,77,teste
Testing,11,78,teste
Testing,11,79,teste
Testing,11,80,teste
Testing,11,81,teste
Testing,11,82,teste
Testing,11,83,teste
Testing,11,84,teste
Testing,11,85,teste
Testing,11,86,teste
Testing,11,87,teste
Testing,11,88,teste
Testing,11,89,teste
Testing,11,90,teste
Testing,11,91,teste
Testing,11,92,teste
Testing,11,93,teste
Testing,11,94,teste
Testing,11,95,teste
Testing,11,96,teste
Testing,11,97,teste
Testing,11,98,teste
Testing,11,99,teste
Testing,11,100,teste
Testing,11,101,teste
Testing,11,102,teste
Testing,11,103,teste
Testing,11,104,teste
Testing,11,105,teste
Testing,11,106,teste
Testing,11,107,teste
Testing,11,108,teste
Testing,11,109,teste
Testing,11,110,teste
Testing,11,111,teste
Testing,11,112,teste
Testing,11,113,teste
Testing,11,114,teste
Testing,11,115,teste
Testing,11,116,teste
Testing,11,117,teste
Testing,11,118,teste
Testing,11,119,teste
Testing,11,120,teste
Testing,11,121,teste
Testing,11,122,teste
Testing,11,123,teste
Testing,11,124,teste
Testing,11,125,teste
Testing,11,126,teste
Testing,11,127,teste
Testing,11,128,teste
Testing,11,129,teste
Testing,11,130,teste
Testing,11,131,teste
Testing,11,132,teste
Testing,11,133,teste
Testing,11,134,teste
Testing,11,135,teste
Testing,11,136,teste
Testing,11,137,teste
Testing,11,138,teste
Testing,11,139,teste
Testing,11,140,teste
Testing,11,141,teste
Testing,11,142,teste
Testing,11,143,teste
Testing,11,144,teste
Testing,11,145,teste
Testing,11,146,teste
Testing,11,147,teste
Testing,11,148,teste
Testing,11,149,teste
Testing,11,150,teste
Testing,11,151,teste
Testing,11,152,teste
Testing,11,153,teste
Testing,11,154,teste
Testing,11,155,teste
Testing,11,156,teste
Testing,11,157,teste
Testing,11,158,teste
Testing,11,159,teste
Testing,11,160,teste
Testing,11,161,teste
Testing,11,162,teste
Testing,11,163,teste
Testing,11,164,teste
Testing,11,165,teste
Testing,11,166,teste
Testing,11,167,teste
Testing,11,168,teste
Testing,11,169,teste
Testing,11,170,teste
Testing,11,171,teste
Testing,11,172,teste
Testing,11,173,teste
Testing,11,174,teste
Testing,11,175,teste
Testing,11,176,teste
Testing,11,177,teste
Testing,11,178,teste
Testing,11,179,teste
Testing,11,180,teste
Testing,11,181,teste
Testing,11,182,teste
Testing,11,183,teste
Testing,11,184,teste
Testing,11,185,teste
Testing,11,186,teste
Testing,11,187,teste
Testing,11,188,teste
Testing,11,189,teste
Testing,11,190,teste
Testing,11,191,teste
Testing,11,192,teste
Testing,11,193,teste
Testing,11,194,teste
Testing,11,195,teste
Testing,11,196,teste
Testing,11,197,teste
Testing,11,198,teste
Testing,11,199,teste
Testing,11,200,teste
Testing,11,201,teste
Testing,11,202,teste
Testing,11,203,teste
Testing,11,204,teste
Testing,11,205,teste
Testing,11,206,teste
Testing,11,207,teste
Testing,11,208,teste
Testing,11,209,teste
Testing,11,210,teste
Testing,11,211,teste
Testing,11,212,teste
Testing,11,213,teste
Testing,11,214,teste
Testing,11,215,teste
Testing,11,216,teste
Testing,11,217,teste
Testing,11,218,teste
Testing,11,219,teste
Testing,11,220,teste
Testing,11,221,teste
Testing,11,222,teste
Testing,11,223,teste
Testing,11,224,teste
Testing,11,225,teste
Testing,11,226,teste
Testing,11,227,teste
Testing,11,228,teste
Testing,11,229,teste
Testing,11,230,teste
Testing,11,231,teste
Testing,11,232,teste
Testing,11,233,teste
Testing,11,234,teste
Testing,11,235,teste
Testing,11,236,teste
Testing,11,237,teste
Testing,11,238,teste
Testing,11,239,teste
Testing,11,240,teste
Testing,11,241,teste
Testing,11,242,teste
Testing,11,243,teste
Testing,11,244,teste
Testing,11,245,teste
Testing,11,246,teste
Testing,11,247,teste
Testing,11,248,teste
Testing,11,249,teste
Testing,11,250,teste
Testing,11,251,teste
Testing,11,252,teste
Testing,11,253,teste
Testing,11,254,teste
Testing,11,255,teste
Testing,11,256,teste
Testing,11,257,teste
Testing,11,258,teste
Testing,11,259,teste
Testing,11,260,teste
Testing,11,261,teste
Testing,11,262,teste
Testing,11,263,teste
Testing,11,264,teste
Testing,11,265,teste
Testing,11,266,teste
Testing,11,267,teste
Testing,11,268,teste
Testing,11,269,teste
Testing,11,270,teste
Testing,11,271,teste
Testing,11,272,teste
Testing,11,273,teste
Testing,11,274,teste
Testing,11,275,teste
Testing,11,276,teste
Testing,11,277,teste
Testing,11,278,teste
Testing,11,279,teste
Testing,11,280,teste
Testing,11,281,teste
Testing,11,282,teste
Testing,11,283,teste
Testing,11,284,teste
Testing,11,285,teste
Testing,11,286,teste
Testing,11,287,teste
Testing,11,288,teste
Testing,11,289,teste
Testing,11,290,teste
Testing,11,291,teste
Testing,11,292,teste
Testing,11,293,teste
Testing,11,294,teste
Testing,11,295,teste
Testing,11,296,teste
Testing,11,297,teste
Testing,11,298,teste
Testing,11,299,teste
Testing,11,300,teste
Testing,11,301,teste
Testing,11,302,teste
Testing,11,303,teste
Testing,11,304,teste
Testing,11,305,teste
Testing,11,306,teste
Testing,11,307,teste
Testing,11,308,teste
Testing,11,309,teste
Testing,11,310,teste
Testing,11,311,teste
Testing,11,312,teste
Testing,11,313,teste
Testing,11,314,teste
Testing,11,315,teste
Testing,11,316,teste
Testing,11,317,teste
Testing,11,318,teste
Testing,11,319,teste
Testing,11,320,teste
Testing,11,321,teste
Testing,11,322,teste
Testing,11,323,teste
Testing,11,324,teste
Testing,11,325,teste
Testing,11,326,teste
Testing,11,327,teste
Testing,11,328,teste
Testing,11,329,teste
Testing,11,330,teste
Testing,11,331,teste
Testing,11,332,teste
Testing,11,333,teste
Testing,11,334,teste
Testing,11,335,teste
Testing,11,336,teste
Testing,11,337,teste
Testing,11,338,teste
Testing,11,339,teste
Testing,11,340,teste
Testing,11,341,teste
Testing,11,342,teste
Testing,11,343,teste
Testing,11,344,teste
Testing,11,345,teste
Testing,11,346,teste
Testing,11,347,teste
Testing,11,348,teste
Testing,11,349,teste
Testing,11,350,teste
Testing,11,351,teste
Testing,11,352,teste
Testing,11,353,teste
Testing,11,354,teste
Testing,11,355,teste
Testing,11,356,teste
Testing,11,357,teste
Testing,11,358,teste
Testing,11,359,teste
Testing,11,360,teste
Testing,11,361,teste
Testing,11,362,teste
Testing,11,363,teste
Testing,11,364,teste
Testing,11,365,teste
Testing,11,366,teste
Testing,11,367,teste
Testing,11,368,teste
Testing,11,369,teste
Testing,11,370,teste
Testing,11,371,teste
Testing,11,372,teste
Testing,11,373,teste
Testing,11,374,teste
Testing,11,375,teste
Testing,11,376,teste
Testing,11,377,teste
Testing,11,378,teste
Testing,11,379,teste
Testing,11,380,teste
Testing,11,381,teste
Testing,11,382,teste
Testing,11,383,teste
Testing,11,384,teste
Testing,11,385,teste
Testing,11,386,teste
Testing,11,387,teste
Testing,11,388,teste
Testing,11,389,teste
Testing,11,390,teste
Testing,11,391,teste
Testing,11,392,teste
Testing,11,393,teste
Testing,11,394,teste
Testing,11,395,teste
Testing,11,396,teste
Testing,11,397,teste
Testing,11,398,teste
Testing,11,399,teste
Testing,11,400,teste
Testing,11,401,teste
Testing,11,402,teste
Testing,11,403,teste
Testing,11,404,teste
Testing,11,405,teste
Testing,11,406,teste
Testing,11,407,teste
Testing,11,408,teste
Testing,11,409,teste
Testing,11,410,teste
Testing,11,411,teste
Testing,11,412,teste
Testing,11,413,teste
Testing,11,414,teste
Testing,11,415,teste
Testing,11,416,teste
Testing,11,417,teste
Testing,11,418,teste
Testing,11,419,teste
Testing,11,420,teste
Testing,11,421,teste
Testing,11,422,teste
Testing,11,423,teste
Testing,11,424,teste
Testing,11,425,teste
Testing,11,426,teste
Testing,11,427,teste
Testing,11,428,teste
Testing,11,429,teste
Testing,11,430,teste
Testing,11,431,teste
Testing,11,432,teste
Testing,11,433,teste
Testing,11,434,teste
Testing,11,435,teste
Testing,11,436,teste
Testing,11,437,teste
Testing,11,438,teste
Testing,11,439,teste
Testing,11,440,teste
Testing,11,441,teste
Testing,11,442,teste
Testing,11,443,teste
Testing,11,444,teste
Testing,11,445,teste
Testing,11,446,teste
Testing,11,447,teste
Testing,11,448,teste
Testing,11,449,teste
Testing,11,450,teste
Testing,11,451,teste
Testing,11,452,teste
Testing,11,453,teste
Testing,11,454,teste
Testing,11,455,teste
Testing,11,456,teste
Testing,11,457,teste
Testing,11,458,teste
Testing,11,459,teste
Testing,11,460,teste
Testing,11,461,teste
Testing,11,462,teste
Testing,11,463,teste
Testing,11,464,teste
Testing,11,465,teste
Testing,11,466,teste
Testing,11,467,teste
Testing,11,468,teste
Testing,11,469,teste
Testing,11,470,teste
Testing,11,471,teste
Testing,11,472,teste
Testing,11,473,teste
Testing,11,474,teste
Testing,11,475,teste
Testing,11,476,teste
Testing,11,477,teste
Testing,11,478,teste
Testing,11,479,teste
Testing,11,480,teste
Testing,11,481,teste
Testing,11,482,teste
Testing,11,483,teste
Testing,11,484,teste
Testing,11,485,teste
Testing,11,486,teste
Testing,11,487,teste
Testing,11,488,teste
Testing,11,489,teste
Testing,11,490,teste
Testing,11,491,teste
Testing,11,492,teste
Testing,11,493,teste
Testing,11,494,teste
Testing,11,495,teste
Testing,11,496,teste
Testing,11,497,teste
Testing,11,498,teste
Testing,11,499,teste
Testing,11,500,teste
Testing,12,1,teste
Testing,12,2,teste
Testing,12,3,teste
Testing,12,4,teste
Testing,12,5,teste
Testing,12,6,teste
Testing,12,7,teste
Testing,12,8,teste
Testing,12,9,teste
Testing,12,10,teste
Testing,12,11,teste
Testing,12,12,teste
Testing,12,13,teste
Testing,12,14,teste
Testing,12,15,teste
Testing,12,16,teste
Testing,12,17,teste
Testing,12,18,teste
Testing,12,19,teste
Testing,12,20,teste
Testing,12,21,teste
Testing,12,22,teste
Testing,12,23,teste
Testing,12,24,teste
Testing,12,25,teste
Testing,12,26,teste
Testing,12,27,teste
Testing,12,28,teste
Testing,12,29,teste
Testing,12,30,teste
Testing,12,31,teste
Testing,12,32,teste
Testing,12,33,teste
Testing,12,34,teste
Testing,12,35,teste
Testing,12,36,teste
Testing,12,37,teste
Testing,12,38,teste
Testing,12,39,teste
Testing,12,40,teste
Testing,12,41,teste
Testing,12,42,teste
Testing,12,43,teste
Testing,12,44,teste
Testing,12,45,teste
Testing,12,46,teste
Testing,12,47,teste
Testing,12,48,teste
Testing,12,49,teste
Testing,12,50,teste
Testing,12,51,teste
Testing,12,52,teste
Testing,12,53,teste
Testing,12,54,teste
Testing,12,55,teste
Testing,12,56,teste
Testing,12,57,teste
Testing,12,58,teste
Testing,12,59,teste
Testing,12,60,teste
Testing,12,61,teste
Testing,12,62,teste
Testing,12,63,teste
Testing,12,64,teste
Testing,12,65,teste
Testing,12,66,teste
Testing,12,67,teste
Testing,12,68,teste
Testing,12,69,teste
Testing,12,70,teste
Testing,12,71,teste
Testing,12,72,teste
Testing,12,73,teste
Testing,12,74,teste
Testing,12,75,teste
Testing,12,76,teste
Testing,12,77,teste
Testing,12,78,teste
Testing,12,79,teste
Testing,12,80,teste
Testing,12,81,teste
Testing,12,82,teste
Testing,12,83,teste
Testing,12,84,teste
Testing,12,85,teste
Testing,12,86,teste
Testing,12,87,teste
Testing,12,88,teste
Testing,12,89,teste
Testing,12,90,teste
Testing,12,91,teste
Testing,12,92,teste
Testing,12,93,teste
Testing,12,94,teste
Testing,12,95,teste
Testing,12,96,teste
Testing,12,97,teste
Testing,12,98,teste
Testing,12,99,teste
Testing,12,100,teste
Testing,12,101,teste
Testing,12,102,teste
Testing,12,103,teste
Testing,12,104,teste
Testing,12,105,teste
Testing,12,106,teste
Testing,12,107,teste
Testing,12,108,teste
Testing,12,109,teste
Testing,12,110,teste
Testing,12,111,teste
Testing,12,112,teste
Testing,12,113,teste
Testing,12,114,teste
Testing,12,115,teste
Testing,12,116,teste
Testing,12,117,teste
Testing,12,118,teste
Testing,12,119,teste
Testing,12,120,teste
Testing,12,121,teste
Testing,12,122,teste
Testing,12,123,teste
Testing,12,124,teste
Testing,12,125,teste
Testing,12,126,teste
Testing,12,127,teste
Testing,12,128,teste
Testing,12,129,teste
Testing,12,130,teste
Testing,12,131,teste
Testing,12,132,teste
Testing,12,133,teste
Testing,12,134,teste
Testing,12,135,teste
Testing,12,136,teste
Testing,12,137,teste
Testing,12,138,teste
Testing,12,139,teste
Testing,12,140,teste
Testing,12,141,teste
Testing,12,142,teste
Testing,12,143,teste
Testing,12,144,teste
Testing,12,145,teste
Testing,12,146,teste
Testing,12,147,teste
Testing,12,148,teste
Testing,12,149,teste
Testing,12,150,teste
Testing,12,151,teste
Testing,12,152,teste
Testing,12,153,teste
Testing,12,154,teste
Testing,12,155,teste
Testing,12,156,teste
Testing,12,157,teste
Testing,12,158,teste
Testing,12,159,teste
Testing,12,160,teste
Testing,12,161,teste
Testing,12,162,teste
Testing,12,163,teste
Testing,12,164,teste
Testing,12,165,teste
Testing,12,166,teste
Testing,12,167,teste
Testing,12,168,teste
Testing,12,169,teste
Testing,12,170,teste
Testing,12,171,teste
Testing,12,172,teste
Testing,12,173,teste
Testing,12,174,teste
Testing,12,175,teste
Testing,12,176,teste
Testing,12,177,teste
Testing,12,178,teste
Testing,12,179,teste
Testing,12,180,teste
Testing,12,181,teste
Testing,12,182,teste
Testing,12,183,teste
Testing,12,184,teste
Testing,12,185,teste
Testing,12,186,teste
Testing,12,187,teste
Testing,12,188,teste
Testing,12,189,teste
Testing,12,190,teste
Testing,12,191,teste
Testing,12,192,teste
Testing,12,193,teste
Testing,12,194,teste
Testing,12,195,teste
Testing,12,196,teste
Testing,12,197,teste
Testing,12,198,teste
Testing,12,199,teste
Testing,12,200,teste
Testing,12,201,teste
Testing,12,202,teste
Testing,12,203,teste
Testing,12,204,teste
Testing,12,205,teste
Testing,12,206,teste
Testing,12,207,teste
Testing,12,208,teste
Testing,12,209,teste
Testing,12,210,teste
Testing,12,211,teste
Testing,12,212,teste
Testing,12,213,teste
Testing,12,214,teste
Testing,12,215,teste
Testing,12,216,teste
Testing,12,217,teste
Testing,12,218,teste
Testing,12,219,teste
Testing,12,220,teste
Testing,12,221,teste
Testing,12,222,teste
Testing,12,223,teste
Testing,12,224,teste
Testing,12,225,teste
Testing,12,226,teste
Testing,12,227,teste
Testing,12,228,teste
Testing,12,229,teste
Testing,12,230,teste
Testing,12,231,teste
Testing,12,232,teste
Testing,12,233,teste
Testing,12,234,teste
Testing,12,235,teste
Testing,12,236,teste
Testing,12,237,teste
Testing,12,238,teste
Testing,12,239,teste
Testing,12,240,teste
Testing,12,241,teste
Testing,12,242,teste
Testing,12,243,teste
Testing,12,244,teste
Testing,12,245,teste
Testing,12,246,teste
Testing,12,247,teste
Testing,12,248,teste
Testing,12,249,teste
Testing,12,250,teste
Testing,12,251,teste
Testing,12,252,teste
Testing,12,253,teste
Testing,12,254,teste
Testing,12,255,teste
Testing,12,256,teste
Testing,12,257,teste
Testing,12,258,teste
Testing,12,259,teste
Testing,12,260,teste
Testing,12,261,teste
Testing,12,262,teste
Testing,12,263,teste
Testing,12,264,teste
Testing,12,265,teste
Testing,12,266,teste
Testing,12,267,teste
Testing,12,268,teste
Testing,12,269,teste
Testing,12,270,teste
Testing,12,271,teste
Testing,12,272,teste
Testing,12,273,teste
Testing,12,274,teste
Testing,12,275,teste
Testing,12,276,teste
Testing,12,277,teste
Testing,12,278,teste
Testing,12,279,teste
Testing,12,280,teste
Testing,12,281,teste
Testing,12,282,teste
Testing,12,283,teste
Testing,12,284,teste
Testing,12,285,teste
Testing,12,286,teste
Testing,12,287,teste
Testing,12,288,teste
Testing,12,289,teste
Testing,12,290,teste
Testing,12,291,teste
Testing,12,292,teste
Testing,12,293,teste
Testing,12,294,teste
Testing,12,295,teste
Testing,12,296,teste
Testing,12,297,teste
Testing,12,298,teste
Testing,12,299,teste
Testing,12,300,teste
Testing,12,301,teste
Testing,12,302,teste
Testing,12,303,teste
Testing,12,304,teste
Testing,12,305,teste
Testing,12,306,teste
Testing,12,307,teste
Testing,12,308,teste
Testing,12,309,teste
Testing,12,310,teste
Testing,12,311,teste
Testing,12,312,teste
Testing,12,313,teste
Testing,12,314,teste
Testing,12,315,teste
Testing,12,316,teste
Testing,12,317,teste
Testing,12,318,teste
Testing,12,319,teste
Testing,12,320,teste
Testing,12,321,teste
Testing,12,322,teste
Testing,12,323,teste
Testing,12,324,teste
Testing,12,325,teste
Testing,12,326,teste
Testing,12,327,teste
Testing,12,328,teste
Testing,12,329,teste
Testing,12,330,teste
Testing,12,331,teste
Testing,12,332,teste
Testing,12,333,teste
Testing,12,334,teste
Testing,12,335,teste
Testing,12,336,teste
Testing,12,337,teste
Testing,12,338,teste
Testing,12,339,teste
Testing,12,340,teste
Testing,12,341,teste
Testing,12,342,teste
Testing,12,343,teste
Testing,12,344,teste
Testing,12,345,teste
Testing,12,346,teste
Testing,12,347,teste
Testing,12,348,teste
Testing,12,349,teste
Testing,12,350,teste
Testing,12,351,teste
Testing,12,352,teste
Testing,12,353,teste
Testing,12,354,teste
Testing,12,355,teste
Testing,12,356,teste
Testing,12,357,teste
Testing,12,358,teste
Testing,12,359,teste
Testing,12,360,teste
Testing,12,361,teste
Testing,12,362,teste
Testing,12,363,teste
Testing,12,364,teste
Testing,12,365,teste
Testing,12,366,teste
Testing,12,367,teste
Testing,12,368,teste
Testing,12,369,teste
Testing,12,370,teste
Testing,12,371,teste
Testing,12,372,teste
Testing,12,373,teste
Testing,12,374,teste
Testing,12,375,teste
Testing,12,376,teste
Testing,12,377,teste
Testing,12,378,teste
Testing,12,379,teste
Testing,12,380,teste
Testing,12,381,teste
Testing,12,382,teste
Testing,12,383,teste
Testing,12,384,teste
Testing,12,385,teste
Testing,12,386,teste
Testing,12,387,teste
Testing,12,388,teste
Testing,12,389,teste
Testing,12,390,teste
Testing,12,391,teste
Testing,12,392,teste
Testing,12,393,teste
Testing,12,394,teste
Testing,12,395,teste
Testing,12,396,teste
Testing,12,397,teste
Testing,12,398,teste
Testing,12,399,teste
Testing,12,400,teste
Testing,12,401,teste
Testing,12,402,teste
Testing,12,403,teste
Testing,12,404,teste
Testing,12,405,teste
Testing,12,406,teste
Testing,12,407,teste
Testing,12,408,teste
Testing,12,409,teste
Testing,12,410,teste
Testing,12,411,teste
Testing,12,412,teste
Testing,12,413,teste
Testing,12,414,teste
Testing,12,415,teste
Testing,12,416,teste
Testing,12,417,teste
Testing,12,418,teste
Testing,12,419,teste
Testing,12,420,teste
Testing,12,421,teste
Testing,12,422,teste
Testing,12,423,teste
Testing,12,424,teste
Testing,12,425,teste
Testing,12,426,teste
Testing,12,427,teste
Testing,12,428,teste
Testing,12,429,teste
Testing,12,430,teste
Testing,12,431,teste
Testing,12,432,teste
Testing,12,433,teste
Testing,12,434,teste
Testing,12,435,teste
Testing,12,436,teste
Testing,12,437,teste
Testing,12,438,teste
Testing,12,439,teste
Testing,12,440,teste
Testing,12,441,teste
Testing,12,442,teste
Testing,12,443,teste
Testing,12,444,teste
Testing,12,445,teste
Testing,12,446,teste
Testing,12,447,teste
Testing,12,448,teste
Testing,12,449,teste
Testing,12,450,teste
Testing,12,451,teste
Testing,12,452,teste
Testing,12,453,teste
Testing,12,454,teste
Testing,12,455,teste
Testing,12,456,teste
Testing,12,457,teste
Testing,12,458,teste
Testing,12,459,teste
Testing,12,460,teste
Testing,12,461,teste
Testing,12,462,teste
Testing,12,463,teste
Testing,12,464,teste
Testing,12,465,teste
Testing,12,466,teste
Testing,12,467,teste
Testing,12,468,teste
Testing,12,469,teste
Testing,12,470,teste
Testing,12,471,teste
Testing,12,472,teste
Testing,12,473,teste
Testing,12,474,teste
Testing,12,475,teste
Testing,12,476,teste
Testing,12,477,teste
Testing,12,478,teste
Testing,12,479,teste
Testing,12,480,teste
Testing,12,481,teste
Testing,12,482,teste
Testing,12,483,teste
Testing,12,484,teste
Testing,12,485,teste
Testing,12,486,teste
Testing,12,487,teste
Testing,12,488,teste
Testing,12,489,teste
Testing,12,490,teste
Testing,12,491,teste
Testing,12,492,teste
Testing,12,493,teste
Testing,12,494,teste
Testing,12,495,teste
Testing,12,496,teste
Testing,12,497,teste
Testing,12,498,teste
Testing,12,499,teste
Testing,12,500,teste
Testing,13,1,teste
Testing,13,2,teste
Testing,13,3,teste
Testing,13,4,teste
Testing,13,5,teste
Testing,13,6,teste
Testing,13,7,teste
Testing,13,8,teste
Testing,13,9,teste
Testing,13,10,teste
Testing,13,11,teste
Testing,13,12,teste
Testing,13,13,teste
Testing,13,14,teste
Testing,13,15,teste
Testing,13,16,teste
Testing,13,17,teste
Testing,13,18,teste
Testing,13,19,teste
Testing,13,20,teste
Testing,13,21,teste
Testing,13,22,teste
Testing,13,23,teste
Testing,13,24,teste
Testing,13,25,teste
Testing,13,26,teste
Testing,13,27,teste
Testing,13,28,teste
Testing,13,29,teste
Testing,13,30,teste
Testing,13,31,teste
Testing,13,32,teste
Testing,13,33,teste
Testing,13,34,teste
Testing,13,35,teste
Testing,13,36,teste
Testing,13,37,teste
Testing,13,38,teste
Testing,13,39,teste
Testing,13,40,teste
Testing,13,41,teste
Testing,13,42,teste
Testing,13,43,teste
Testing,13,44,teste
Testing,13,45,teste
Testing,13,46,teste
Testing,13,47,teste
Testing,13,48,teste
Testing,13,49,teste
Testing,13,50,teste
Testing,13,51,teste
Testing,13,52,teste
Testing,13,53,teste
Testing,13,54,teste
Testing,13,55,teste
Testing,13,56,teste
Testing,13,57,teste
Testing,13,58,teste
Testing,13,59,teste
Testing,13,60,teste
Testing,13,61,teste
Testing,13,62,teste
Testing,13,63,teste
Testing,13,64,teste
Testing,13,65,teste
Testing,13,66,teste
Testing,13,67,teste
Testing,13,68,teste
Testing,13,69,teste
Testing,13,70,teste
Testing,13,71,teste
Testing,13,72,teste
Testing,13,73,teste
Testing,13,74,teste
Testing,13,75,teste
Testing,13,76,teste
Testing,13,77,teste
Testing,13,78,teste
Testing,13,79,teste
Testing,13,80,teste
Testing,13,81,teste
Testing,13,82,teste
Testing,13,83,teste
Testing,13,84,teste
Testing,13,85,teste
Testing,13,86,teste
Testing,13,87,teste
Testing,13,88,teste
Testing,13,89,teste
Testing,13,90,teste
Testing,13,91,teste
Testing,13,92,teste
Testing,13,93,teste
Testing,13,94,teste
Testing,13,95,teste
Testing,13,96,teste
Testing,13,97,teste
Testing,13,98,teste
Testing,13,99,teste
Testing,13,100,teste
Testing,13,101,teste
Testing,13,102,teste
Testing,13,103,teste
Testing,13,104,teste
Testing,13,105,teste
Testing,13,106,teste
Testing,13,107,teste
Testing,13,108,teste
Testing,13,109,teste
Testing,13,110,teste
Testing,13,111,teste
Testing,13,112,teste
Testing,13,113,teste
Testing,13,114,teste
Testing,13,115,teste
Testing,13,116,teste
Testing,13,117,teste
Testing,13,118,teste
Testing,13,119,teste
Testing,13,120,teste
Testing,13,121,teste
Testing,13,122,teste
Testing,13,123,teste
Testing,13,124,teste
Testing,13,125,teste
Testing,13,126,teste
Testing,13,127,teste
Testing,13,128,teste
Testing,13,129,teste
Testing,13,130,teste
Testing,13,131,teste
Testing,13,132,teste
Testing,13,133,teste
Testing,13,134,teste
Testing,13,135,teste
Testing,13,136,teste
Testing,13,137,teste
Testing,13,138,teste
Testing,13,139,teste
Testing,13,140,teste
Testing,13,141,teste
Testing,13,142,teste
Testing,13,143,teste
Testing,13,144,teste
Testing,13,145,teste
Testing,13,146,teste
Testing,13,147,teste
Testing,13,148,teste
Testing,13,149,teste
Testing,13,150,teste
Testing,13,151,teste
Testing,13,152,teste
Testing,13,153,teste
Testing,13,154,teste
Testing,13,155,teste
Testing,13,156,teste
Testing,13,157,teste
Testing,13,158,teste
Testing,13,159,teste
Testing,13,160,teste
Testing,13,161,teste
Testing,13,162,teste
Testing,13,163,teste
Testing,13,164,teste
Testing,13,165,teste
Testing,13,166,teste
Testing,13,167,teste
Testing,13,168,teste
Testing,13,169,teste
Testing,13,170,teste
Testing,13,171,teste
Testing,13,172,teste
Testing,13,173,teste
Testing,13,174,teste
Testing,13,175,teste
Testing,13,176,teste
Testing,13,177,teste
Testing,13,178,teste
Testing,13,179,teste
Testing,13,180,teste
Testing,13,181,teste
Testing,13,182,teste
Testing,13,183,teste
Testing,13,184,teste
Testing,13,185,teste
Testing,13,186,teste
Testing,13,187,teste
Testing,13,188,teste
Testing,13,189,teste
Testing,13,190,teste
Testing,13,191,teste
Testing,13,192,teste
Testing,13,193,teste
Testing,13,194,teste
Testing,13,195,teste
Testing,13,196,teste
Testing,13,197,teste
Testing,13,198,teste
Testing,13,199,teste
Testing,13,200,teste
Testing,13,201,teste
Testing,13,202,teste
Testing,13,203,teste
Testing,13,204,teste
Testing,13,205,teste
Testing,13,206,teste
Testing,13,207,teste
Testing,13,208,teste
Testing,13,209,teste
Testing,13,210,teste
Testing,13,211,teste
Testing,13,212,teste
Testing,13,213,teste
Testing,13,214,teste
Testing,13,215,teste
Testing,13,216,teste
Testing,13,217,teste
Testing,13,218,teste
Testing,13,219,teste
Testing,13,220,teste
Testing,13,221,teste
Testing,13,222,teste
Testing,13,223,teste
Testing,13,224,teste
Testing,13,225,teste
Testing,13,226,teste
Testing,13,227,teste
Testing,13,228,teste
Testing,13,229,teste
Testing,13,230,teste
Testing,13,231,teste
Testing,13,232,teste
Testing,13,233,teste
Testing,13,234,teste
Testing,13,235,teste
Testing,13,236,teste
Testing,13,237,teste
Testing,13,238,teste
Testing,13,239,teste
Testing,13,240,teste
Testing,13,241,teste
Testing,13,242,teste
Testing,13,243,teste
Testing,13,244,teste
Testing,13,245,teste
Testing,13,246,teste
Testing,13,247,teste
Testing,13,248,teste
Testing,13,249,teste
Testing,13,250,teste
Testing,13,251,teste
Testing,13,252,teste
Testing,13,253,teste
Testing,13,254,teste
Testing,13,255,teste
Testing,13,256,teste
Testing,13,257,teste
Testing,13,258,teste
Testing,13,259,teste
Testing,13,260,teste
Testing,13,261,teste
Testing,13,262,teste
Testing,13,263,teste
Testing,13,264,teste
Testing,13,265,teste
Testing,13,266,teste
Testing,13,267,teste
Testing,13,268,teste
Testing,13,269,teste
Testing,13,270,teste
Testing,13,271,teste
Testing,13,272,teste
Testing,13,273,teste
Testing,13,274,teste
Testing,13,275,teste
Testing,13,276,teste
Testing,13,277,teste
Testing,13,278,teste
Testing,13,279,teste
Testing,13,280,teste
Testing,13,281,teste
Testing,13,282,teste
Testing,13,283,teste
Testing,13,284,teste
Testing,13,285,teste
Testing,13,286,teste
Testing,13,287,teste
Testing,13,288,teste
Testing,13,289,teste
Testing,13,290,teste
Testing,13,291,teste
Testing,13,292,teste
Testing,13,293,teste
Testing,13,294,teste
Testing,13,295,teste
Testing,13,296,teste
Testing,13,297,teste
Testing,13,298,teste
Testing,13,299,teste
Testing,13,300,teste
Testing,13,301,teste
Testing,13,302,teste
Testing,13,303,teste
Testing,13,304,teste
Testing,13,305,teste
Testing,13,306,teste
Testing,13,307,teste
Testing,13,308,teste
Testing,13,309,teste
Testing,13,310,teste
Testing,13,311,teste
Testing,13,312,teste
Testing,13,313,teste
Testing,13,314,teste
Testing,13,315,teste
Testing,13,316,teste
Testing,13,317,teste
Testing,13,318,teste
Testing,13,319,teste
Testing,13,320,teste
Testing,13,321,teste
Testing,13,322,teste
Testing,13,323,teste
Testing,13,324,teste
Testing,13,325,teste
Testing,13,326,teste
Testing,13,327,teste
Testing,13,328,teste
Testing,13,329,teste
Testing,13,330,teste
Testing,13,331,teste
Testing,13,332,teste
Testing,13,333,teste
Testing,13,334,teste
Testing,13,335,teste
Testing,13,336,teste
Testing,13,337,teste
Testing,13,338,teste
Testing,13,339,teste
Testing,13,340,teste
Testing,13,341,teste
Testing,13,342,teste
Testing,13,343,teste
Testing,13,344,teste
Testing,13,345,teste
Testing,13,346,teste
Testing,13,347,teste
Testing,13,348,teste
Testing,13,349,teste
Testing,13,350,teste
Testing,13,351,teste
Testing,13,352,teste
Testing,13,353,teste
Testing,13,354,teste
Testing,13,355,teste
Testing,13,356,teste
Testing,13,357,teste
Testing,13,358,teste
Testing,13,359,teste
Testing,13,360,teste
Testing,13,361,teste
Testing,13,362,teste
Testing,13,363,teste
Testing,13,364,teste
Testing,13,365,teste
Testing,13,366,teste
Testing,13,367,teste
Testing,13,368,teste
Testing,13,369,teste
Testing,13,370,teste
Testing,13,371,teste
Testing,13,372,teste
Testing,13,373,teste
Testing,13,374,teste
Testing,13,375,teste
Testing,13,376,teste
Testing,13,377,teste
Testing,13,378,teste
Testing,13,379,teste
Testing,13,380,teste
Testing,13,381,teste
Testing,13,382,teste
Testing,13,383,teste
Testing,13,384,teste
Testing,13,385,teste
Testing,13,386,teste
Testing,13,387,teste
Testing,13,388,teste
Testing,13,389,teste
Testing,13,390,teste
Testing,13,391,teste
Testing,13,392,teste
Testing,13,393,teste
Testing,13,394,teste
Testing,13,395,teste
Testing,13,396,teste
Testing,13,397,teste
Testing,13,398,teste
Testing,13,399,teste
Testing,13,400,teste
Testing,13,401,teste
Testing,13,402,teste
Testing,13,403,teste
Testing,13,404,teste
Testing,13,405,teste
Testing,13,406,teste
Testing,13,407,teste
Testing,13,408,teste
Testing,13,409,teste
Testing,13,410,teste
Testing,13,411,teste
Testing,13,412,teste
Testing,13,413,teste
Testing,13,414,teste
Testing,13,415,teste
Testing,13,416,teste
Testing,13,417,teste
Testing,13,418,teste
Testing,13,419,teste
Testing,13,420,teste
Testing,13,421,teste
Testing,13,422,teste
Testing,13,423,teste
Testing,13,424,teste
Testing,13,425,teste
Testing,13,426,teste
Testing,13,427,teste
Testing,13,428,teste
Testing,13,429,teste
Testing,13,430,teste
Testing,13,431,teste
Testing,13,432,teste
Testing,13,433,teste
Testing,13,434,teste
Testing,13,435,teste
Testing,13,436,teste
Testing,13,437,teste
Testing,13,438,teste
Testing,13,439,teste
Testing,13,440,teste
Testing,13,441,teste
Testing,13,442,teste
Testing,13,443,teste
Testing,13,444,teste
Testing,13,445,teste
Testing,13,446,teste
Testing,13,447,teste
Testing,13,448,teste
Testing,13,449,teste
Testing,13,450,teste
Testing,13,451,teste
Testing,13,452,teste
Testing,13,453,teste
Testing,13,454,teste
Testing,13,455,teste
Testing,13,456,teste
Testing,13,457,teste
Testing,13,458,teste
Testing,13,459,teste
Testing,13,460,teste
Testing,13,461,teste
Testing,13,462,teste
Testing,13,463,teste
Testing,13,464,teste
Testing,13,465,teste
Testing,13,466,teste
Testing,13,467,teste
Testing,13,468,teste
Testing,13,469,teste
Testing,13,470,teste
Testing,13,471,teste
Testing,13,472,teste
Testing,13,473,teste
Testing,13,474,teste
Testing,13,475,teste
Testing,13,476,teste
Testing,13,477,teste
Testing,13,478,teste
Testing,13,479,teste
Testing,13,480,teste
Testing,13,481,teste
Testing,13,482,teste
Testing,13,483,teste
Testing,13,484,teste
Testing,13,485,teste
Testing,13,486,teste
Testing,13,487,teste
Testing,13,488,teste
Testing,13,489,teste
Testing,13,490,teste
Testing,13,491,teste
Testing,13,492,teste
Testing,13,493,teste
Testing,13,494,teste
Testing,13,495,teste
Testing,13,496,teste
Testing,13,497,teste
Testing,13,498,teste
Testing,13,499,teste
Testing,13,500,teste
Testing,14,1,teste
Testing,14,2,teste
Testing,14,3,teste
Testing,14,4,teste
Testing,14,5,teste
Testing,14,6,teste
Testing,14,7,teste
Testing,14,8,teste
Testing,14,9,teste
Testing,14,10,teste
Testing,14,11,teste
Testing,14,12,teste
Testing,14,13,teste
Testing,14,14,teste
Testing,14,15,teste
Testing,14,16,teste
Testing,14,17,teste
Testing,14,18,teste
Testing,14,19,teste
Testing,14,20,teste
Testing,14,21,teste
Testing,14,22,teste
Testing,14,23,teste
Testing,14,24,teste
Testing,14,25,teste
Testing,14,26,teste
Testing,14,27,teste
Testing,14,28,teste
Testing,14,29,teste
Testing,14,30,teste
Testing,14,31,teste
Testing,14,32,teste
Testing,14,33,teste
Testing,14,34,teste
Testing,14,35,teste
Testing,14,36,teste
Testing,14,37,teste
Testing,14,38,teste
Testing,14,39,teste
Testing,14,40,teste
Testing,14,41,teste
Testing,14,42,teste
Testing,14,43,teste
Testing,14,44,teste
Testing,14,45,teste
Testing,14,46,teste
Testing,14,47,teste
Testing,14,48,teste
Testing,14,49,teste
Testing,14,50,teste
Testing,14,51,teste
Testing,14,52,teste
Testing,14,53,teste
Testing,14,54,teste
Testing,14,55,teste
Testing,14,56,teste
Testing,14,57,teste
Testing,14,58,teste
Testing,14,59,teste
Testing,14,60,teste
Testing,14,61,teste
Testing,14,62,teste
Testing,14,63,teste
Testing,14,64,teste
Testing,14,65,teste
Testing,14,66,teste
Testing,14,67,teste
Testing,14,68,teste
Testing,14,69,teste
Testing,14,70,teste
Testing,14,71,teste
Testing,14,72,teste
Testing,14,73,teste
Testing,14,74,teste
Testing,14,75,teste
Testing,14,76,teste
Testing,14,77,teste
Testing,14,78,teste
Testing,14,79,teste
Testing,14,80,teste
Testing,14,81,teste
Testing,14,82,teste
Testing,14,83,teste
Testing,14,84,teste
Testing,14,85,teste
Testing,14,86,teste
Testing,14,87,teste
Testing,14,88,teste
Testing,14,89,teste
Testing,14,90,teste
Testing,14,91,teste
Testing,14,92,teste
Testing,14,93,teste
Testing,14,94,teste
Testing,14,95,teste
Testing,14,96,teste
Testing,14,97,teste
Testing,14,98,teste
Testing,14,99,teste
Testing,14,100,teste
Testing,14,101,teste
Testing,14,102,teste
Testing,14,103,teste
Testing,14,104,teste
Testing,14,105,teste
Testing,14,106,teste
Testing,14,107,teste
Testing,14,108,teste
Testing,14,109,teste
Testing,14,110,teste
Testing,14,111,teste
Testing,14,112,teste
Testing,14,113,teste
Testing,14,114,teste
Testing,14,115,teste
Testing,14,116,teste
Testing,14,117,teste
Testing,14,118,teste
Testing,14,119,teste
Testing,14,120,teste
Testing,14,121,teste
Testing,14,122,teste
Testing,14,123,teste
Testing,14,124,teste
Testing,14,125,teste
Testing,14,126,teste
Testing,14,127,teste
Testing,14,128,teste
Testing,14,129,teste
Testing,14,130,teste
Testing,14,131,teste
Testing,14,132,teste
Testing,14,133,teste
Testing,14,134,teste
Testing,14,135,teste
Testing,14,136,teste
Testing,14,137,teste
Testing,14,138,teste
Testing,14,139,teste
Testing,14,140,teste
Testing,14,141,teste
Testing,14,142,teste
Testing,14,143,teste
Testing,14,144,teste
Testing,14,145,teste
Testing,14,146,teste
Testing,14,147,teste
Testing,14,148,teste
Testing,14,149,teste
Testing,14,150,teste
Testing,14,151,teste
Testing,14,152,teste
Testing,14,153,teste
Testing,14,154,teste
Testing,14,155,teste
Testing,14,156,teste
Testing,14,157,teste
Testing,14,158,teste
Testing,14,159,teste
Testing,14,160,teste
Testing,14,161,teste
Testing,14,162,teste
Testing,14,163,teste
Testing,14,164,teste
Testing,14,165,teste
Testing,14,166,teste
Testing,14,167,teste
Testing,14,168,teste
Testing,14,169,teste
Testing,14,170,teste
Testing,14,171,teste
Testing,14,172,teste
Testing,14,173,teste
Testing,14,174,teste
Testing,14,175,teste
Testing,14,176,teste
Testing,14,177,teste
Testing,14,178,teste
Testing,14,179,teste
Testing,14,180,teste
Testing,14,181,teste
Testing,14,182,teste
Testing,14,183,teste
Testing,14,184,teste
Testing,14,185,teste
Testing,14,186,teste
Testing,14,187,teste
Testing,14,188,teste
Testing,14,189,teste
Testing,14,190,teste
Testing,14,191,teste
Testing,14,192,teste
Testing,14,193,teste
Testing,14,194,teste
Testing,14,195,teste
Testing,14,196,teste
Testing,14,197,teste
Testing,14,198,teste
Testing,14,199,teste
Testing,14,200,teste
Testing,14,201,teste
Testing,14,202,teste
Testing,14,203,teste
Testing,14,204,teste
Testing,14,205,teste
Testing,14,206,teste
Testing,14,207,teste
Testing,14,208,teste
Testing,14,209,teste
Testing,14,210,teste
Testing,14,211,teste
Testing,14,212,teste
Testing,14,213,teste
Testing,14,214,teste
Testing,14,215,teste
Testing,14,216,teste
Testing,14,217,teste
Testing,14,218,teste
Testing,14,219,teste
Testing,14,220,teste
Testing,14,221,teste
Testing,14,222,teste
Testing,14,223,teste
Testing,14,224,teste
Testing,14,225,teste
Testing,14,226,teste
Testing,14,227,teste
Testing,14,228,teste
Testing,14,229,teste
Testing,14,230,teste
Testing,14,231,teste
Testing,14,232,teste
Testing,14,233,teste
Testing,14,234,teste
Testing,14,235,teste
Testing,14,236,teste
Testing,14,237,teste
Testing,14,238,teste
Testing,14,239,teste
Testing,14,240,teste
Testing,14,241,teste
Testing,14,242,teste
Testing,14,243,teste
Testing,14,244,teste
Testing,14,245,teste
Testing,14,246,teste
Testing,14,247,teste
Testing,14,248,teste
Testing,14,249,teste
Testing,14,250,teste
Testing,14,251,teste
Testing,14,252,teste
Testing,14,253,teste
Testing,14,254,teste
Testing,14,255,teste
Testing,14,256,teste
Testing,14,257,teste
Testing,14,258,teste
Testing,14,259,teste
Testing,14,260,teste
Testing,14,261,teste
Testing,14,262,teste
Testing,14,263,teste
Testing,14,264,teste
Testing,14,265,teste
Testing,14,266,teste
Testing,14,267,teste
Testing,14,268,teste
Testing,14,269,teste
Testing,14,270,teste
Testing,14,271,teste
Testing,14,272,teste
Testing,14,273,teste
Testing,14,274,teste
Testing,14,275,teste
Testing,14,276,teste
Testing,14,277,teste
Testing,14,278,teste
Testing,14,279,teste
Testing,14,280,teste
Testing,14,281,teste
Testing,14,282,teste
Testing,14,283,teste
Testing,14,284,teste
Testing,14,285,teste
Testing,14,286,teste
Testing,14,287,teste
Testing,14,288,teste
Testing,14,289,teste
Testing,14,290,teste
Testing,14,291,teste
Testing,14,292,teste
Testing,14,293,teste
Testing,14,294,teste
Testing,14,295,teste
Testing,14,296,teste
Testing,14,297,teste
Testing,14,298,teste
Testing,14,299,teste
Testing,14,300,teste
Testing,14,301,teste
Testing,14,302,teste
Testing,14,303,teste
Testing,14,304,teste
Testing,14,305,teste
Testing,14,306,teste
Testing,14,307,teste
Testing,14,308,teste
Testing,14,309,teste
Testing,14,310,teste
Testing,14,311,teste
Testing,14,312,teste
Testing,14,313,teste
Testing,14,314,teste
Testing,14,315,teste
Testing,14,316,teste
Testing,14,317,teste
Testing,14,318,teste
Testing,14,319,teste
Testing,14,320,teste
Testing,14,321,teste
Testing,14,322,teste
Testing,14,323,teste
Testing,14,324,teste
Testing,14,325,teste
Testing,14,326,teste
Testing,14,327,teste
Testing,14,328,teste
Testing,14,329,teste
Testing,14,330,teste
Testing,14,331,teste
Testing,14,332,teste
Testing,14,333,teste
Testing,14,334,teste
Testing,14,335,teste
Testing,14,336,teste
Testing,14,337,teste
Testing,14,338,teste
Testing,14,339,teste
Testing,14,340,teste
Testing,14,341,teste
Testing,14,342,teste
Testing,14,343,teste
Testing,14,344,teste
Testing,14,345,teste
Testing,14,346,teste
Testing,14,347,teste
Testing,14,348,teste
Testing,14,349,teste
Testing,14,350,teste
Testing,14,351,teste
Testing,14,352,teste
Testing,14,353,teste
Testing,14,354,teste
Testing,14,355,teste
Testing,14,356,teste
Testing,14,357,teste
Testing,14,358,teste
Testing,14,359,teste
Testing,14,360,teste
Testing,14,361,teste
Testing,14,362,teste
Testing,14,363,teste
Testing,14,364,teste
Testing,14,365,teste
Testing,14,366,teste
Testing,14,367,teste
Testing,14,368,teste
Testing,14,369,teste
Testing,14,370,teste
Testing,14,371,teste
Testing,14,372,teste
Testing,14,373,teste
Testing,14,374,teste
Testing,14,375,teste
Testing,14,376,teste
Testing,14,377,teste
Testing,14,378,teste
Testing,14,379,teste
Testing,14,380,teste
Testing,14,381,teste
Testing,14,382,teste
Testing,14,383,teste
Testing,14,384,teste
Testing,14,385,teste
Testing,14,386,teste
Testing,14,387,teste
Testing,14,388,teste
Testing,14,389,teste
Testing,14,390,teste
Testing,14,391,teste
Testing,14,392,teste
Testing,14,393,teste
Testing,14,394,teste
Testing,14,395,teste
Testing,14,396,teste
Testing,14,397,teste
Testing,14,398,teste
Testing,14,399,teste
Testing,14,400,teste
Testing,14,401,teste
Testing,14,402,teste
Testing,14,403,teste
Testing,14,404,teste
Testing,14,405,teste
Testing,14,406,teste
Testing,14,407,teste
Testing,14,408,teste
Testing,14,409,teste
Testing,14,410,teste
Testing,14,411,teste
Testing,14,412,teste
Testing,14,413,teste
Testing,14,414,teste
Testing,14,415,teste
Testing,14,416,teste
Testing,14,417,teste
Testing,14,418,teste
Testing,14,419,teste
Testing,14,420,teste
Testing,14,421,teste
Testing,14,422,teste
Testing,14,423,teste
Testing,14,424,teste
Testing,14,425,teste
Testing,14,426,teste
Testing,14,427,teste
Testing,14,428,teste
Testing,14,429,teste
Testing,14,430,teste
Testing,14,431,teste
Testing,14,432,teste
Testing,14,433,teste
Testing,14,434,teste
Testing,14,435,teste
Testing,14,436,teste
Testing,14,437,teste
Testing,14,438,teste
Testing,14,439,teste
Testing,14,440,teste
Testing,14,441,teste
Testing,14,442,teste
Testing,14,443,teste
Testing,14,444,teste
Testing,14,445,teste
Testing,14,446,teste
Testing,14,447,teste
Testing,14,448,teste
Testing,14,449,teste
Testing,14,450,teste
Testing,14,451,teste
Testing,14,452,teste
Testing,14,453,teste
Testing,14,454,teste
Testing,14,455,teste
Testing,14,456,teste
Testing,14,457,teste
Testing,14,458,teste
Testing,14,459,teste
Testing,14,460,teste
Testing,14,461,teste
Testing,14,462,teste
Testing,14,463,teste
Testing,14,464,teste
Testing,14,465,teste
Testing,14,466,teste
Testing,14,467,teste
Testing,14,468,teste
Testing,14,469,teste
Testing,14,470,teste
Testing,14,471,teste
Testing,14,472,teste
Testing,14,473,teste
Testing,14,474,teste
Testing,14,475,teste
Testing,14,476,teste
Testing,14,477,teste
Testing,14,478,teste
Testing,14,479,teste
Testing,14,480,teste
Testing,14,481,teste
Testing,14,482,teste
Testing,14,483,teste
Testing,14,484,teste
Testing,14,485,teste
Testing,14,486,teste
Testing,14,487,teste
Testing,14,488,teste
Testing,14,489,teste
Testing,14,490,teste
Testing,14,491,teste
Testing,14,492,teste
Testing,14,493,teste
Testing,14,494,teste
Testing,14,495,teste
Testing,14,496,teste
Testing,14,497,teste
Testing,14,498,teste
Testing,14,499,teste
Testing,14,500,teste
Testing,15,1,teste
Testing,15,2,teste
Testing,15,3,teste
Testing,15,4,teste
Testing,15,5,teste
Testing,15,6,teste
Testing,15,7,teste
Testing,15,8,teste
Testing,15,9,teste
Testing,15,10,teste
Testing,15,11,teste
Testing,15,12,teste
Testing,15,13,teste
Testing,15,14,teste
Testing,15,15,teste
Testing,15,16,teste
Testing,15,17,teste
Testing,15,18,teste
Testing,15,19,teste
Testing,15,20,teste
Testing,15,21,teste
Testing,15,22,teste
Testing,15,23,teste
Testing,15,24,teste
Testing,15,25,teste
Testing,15,26,teste
Testing,15,27,teste
Testing,15,28,teste
Testing,15,29,teste
Testing,15,30,teste
Testing,15,31,teste
Testing,15,32,teste
Testing,15,33,teste
Testing,15,34,teste
Testing,15,35,teste
Testing,15,36,teste
Testing,15,37,teste
Testing,15,38,teste
Testing,15,39,teste
Testing,15,40,teste
Testing,15,41,teste
Testing,15,42,teste
Testing,15,43,teste
Testing,15,44,teste
Testing,15,45,teste
Testing,15,46,teste
Testing,15,47,teste
Testing,15,48,teste
Testing,15,49,teste
Testing,15,50,teste
Testing,15,51,teste
Testing,15,52,teste
Testing,15,53,teste
Testing,15,54,teste
Testing,15,55,teste
Testing,15,56,teste
Testing,15,57,teste
Testing,15,58,teste
Testing,15,59,teste
Testing,15,60,teste
Testing,15,61,teste
Testing,15,62,teste
Testing,15,63,teste
Testing,15,64,teste
Testing,15,65,teste
Testing,15,66,teste
Testing,15,67,teste
Testing,15,68,teste
Testing,15,69,teste
Testing,15,70,teste
Testing,15,71,teste
Testing,15,72,teste
Testing,15,73,teste
Testing,15,74,teste
Testing,15,75,teste
Testing,15,76,teste
Testing,15,77,teste
Testing,15,78,teste
Testing,15,79,teste
Testing,15,80,teste
Testing,15,81,teste
Testing,15,82,teste
Testing,15,83,teste
Testing,15,84,teste
Testing,15,85,teste
Testing,15,86,teste
Testing,15,87,teste
Testing,15,88,teste
Testing,15,89,teste
Testing,15,90,teste
Testing,15,91,teste
Testing,15,92,teste
Testing,15,93,teste
Testing,15,94,teste
Testing,15,95,teste
Testing,15,96,teste
Testing,15,97,teste
Testing,15,98,teste
Testing,15,99,teste
Testing,15,100,teste
Testing,15,101,teste
Testing,15,102,teste
Testing,15,103,teste
Testing,15,104,teste
Testing,15,105,teste
Testing,15,106,teste
Testing,15,107,teste
Testing,15,108,teste
Testing,15,109,teste
Testing,15,110,teste
Testing,15,111,teste
Testing,15,112,teste
Testing,15,113,teste
Testing,15,114,teste
Testing,15,115,teste
Testing,15,116,teste
Testing,15,117,teste
Testing,15,118,teste
Testing,15,119,teste
Testing,15,120,teste
Testing,15,121,teste
Testing,15,122,teste
Testing,15,123,teste
Testing,15,124,teste
Testing,15,125,teste
Testing,15,126,teste
Testing,15,127,teste
Testing,15,128,teste
Testing,15,129,teste
Testing,15,130,teste
Testing,15,131,teste
Testing,15,132,teste
Testing,15,133,teste
Testing,15,134,teste
Testing,15,135,teste
Testing,15,136,teste
Testing,15,137,teste
Testing,15,138,teste
Testing,15,139,teste
Testing,15,140,teste
Testing,15,141,teste
Testing,15,142,teste
Testing,15,143,teste
Testing,15,144,teste
Testing,15,145,teste
Testing,15,146,teste
Testing,15,147,teste
Testing,15,148,teste
Testing,15,149,teste
Testing,15,150,teste
Testing,15,151,teste
Testing,15,152,teste
Testing,15,153,teste
Testing,15,154,teste
Testing,15,155,teste
Testing,15,156,teste
Testing,15,157,teste
Testing,15,158,teste
Testing,15,159,teste
Testing,15,160,teste
Testing,15,161,teste
Testing,15,162,teste
Testing,15,163,teste
Testing,15,164,teste
Testing,15,165,teste
Testing,15,166,teste
Testing,15,167,teste
Testing,15,168,teste
Testing,15,169,teste
Testing,15,170,teste
Testing,15,171,teste
Testing,15,172,teste
Testing,15,173,teste
Testing,15,174,teste
Testing,15,175,teste
Testing,15,176,teste
Testing,15,177,teste
Testing,15,178,teste
Testing,15,179,teste
Testing,15,180,teste
Testing,15,181,teste
Testing,15,182,teste
Testing,15,183,teste
Testing,15,184,teste
Testing,15,185,teste
Testing,15,186,teste
Testing,15,187,teste
Testing,15,188,teste
Testing,15,189,teste
Testing,15,190,teste
Testing,15,191,teste
Testing,15,192,teste
Testing,15,193,teste
Testing,15,194,teste
Testing,15,195,teste
Testing,15,196,teste
Testing,15,197,teste
Testing,15,198,teste
Testing,15,199,teste
Testing,15,200,teste
Testing,15,201,teste
Testing,15,202,teste
Testing,15,203,teste
Testing,15,204,teste
Testing,15,205,teste
Testing,15,206,teste
Testing,15,207,teste
Testing,15,208,teste
Testing,15,209,teste
Testing,15,210,teste
Testing,15,211,teste
Testing,15,212,teste
Testing,15,213,teste
Testing,15,214,teste
Testing,15,215,teste
Testing,15,216,teste
Testing,15,217,teste
Testing,15,218,teste
Testing,15,219,teste
Testing,15,220,teste
Testing,15,221,teste
Testing,15,222,teste
Testing,15,223,teste
Testing,15,224,teste
Testing,15,225,teste
Testing,15,226,teste
Testing,15,227,teste
Testing,15,228,teste
Testing,15,229,teste
Testing,15,230,teste
Testing,15,231,teste
Testing,15,232,teste
Testing,15,233,teste
Testing,15,234,teste
Testing,15,235,teste
Testing,15,236,teste
Testing,15,237,teste
Testing,15,238,teste
Testing,15,239,teste
Testing,15,240,teste
Testing,15,241,teste
Testing,15,242,teste
Testing,15,243,teste
Testing,15,244,teste
Testing,15,245,teste
Testing,15,246,teste
Testing,15,247,teste
Testing,15,248,teste
Testing,15,249,teste
Testing,15,250,teste
Testing,15,251,teste
Testing,15,252,teste
Testing,15,253,teste
Testing,15,254,teste
Testing,15,255,teste
Testing,15,256,teste
Testing,15,257,teste
Testing,15,258,teste
Testing,15,259,teste
Testing,15,260,teste
Testing,15,261,teste
Testing,15,262,teste
Testing,15,263,teste
Testing,15,264,teste
Testing,15,265,teste
Testing,15,266,teste
Testing,15,267,teste
Testing,15,268,teste
Testing,15,269,teste
Testing,15,270,teste
Testing,15,271,teste
Testing,15,272,teste
Testing,15,273,teste
Testing,15,274,teste
Testing,15,275,teste
Testing,15,276,teste
Testing,15,277,teste
Testing,15,278,teste
Testing,15,279,teste
Testing,15,280,teste
Testing,15,281,teste
Testing,15,282,teste
Testing,15,283,teste
Testing,15,284,teste
Testing,15,285,teste
Testing,15,286,teste
Testing,15,287,teste
Testing,15,288,teste
Testing,15,289,teste
Testing,15,290,teste
Testing,15,291,teste
Testing,15,292,teste
Testing,15,293,teste
Testing,15,294,teste
Testing,15,295,teste
Testing,15,296,teste
Testing,15,297,teste
Testing,15,298,teste
Testing,15,299,teste
Testing,15,300,teste
Testing,15,301,teste
Testing,15,302,teste
Testing,15,303,teste
Testing,15,304,teste
Testing,15,305,teste
Testing,15,306,teste
Testing,15,307,teste
Testing,15,308,teste
Testing,15,309,teste
Testing,15,310,teste
Testing,15,311,teste
Testing,15,312,teste
Testing,15,313,teste
Testing,15,314,teste
Testing,15,315,teste
Testing,15,316,teste
Testing,15,317,teste
Testing,15,318,teste
Testing,15,319,teste
Testing,15,320,teste
Testing,15,321,teste
Testing,15,322,teste
Testing,15,323,teste
Testing,15,324,teste
Testing,15,325,teste
Testing,15,326,teste
Testing,15,327,teste
Testing,15,328,teste
Testing,15,329,teste
Testing,15,330,teste
Testing,15,331,teste
Testing,15,332,teste
Testing,15,333,teste
Testing,15,334,teste
Testing,15,335,teste
Testing,15,336,teste
Testing,15,337,teste
Testing,15,338,teste
Testing,15,339,teste
Testing,15,340,teste
Testing,15,341,teste
Testing,15,342,teste
Testing,15,343,teste
Testing,15,344,teste
Testing,15,345,teste
Testing,15,346,teste
Testing,15,347,teste
Testing,15,348,teste
Testing,15,349,teste
Testing,15,350,teste
Testing,15,351,teste
Testing,15,352,teste
Testing,15,353,teste
Testing,15,354,teste
Testing,15,355,teste
Testing,15,356,teste
Testing,15,357,teste
Testing,15,358,teste
Testing,15,359,teste
Testing,15,360,teste
Testing,15,361,teste
Testing,15,362,teste
Testing,15,363,teste
Testing,15,364,teste
Testing,15,365,teste
Testing,15,366,teste
Testing,15,367,teste
Testing,15,368,teste
Testing,15,369,teste
Testing,15,370,teste
Testing,15,371,teste
Testing,15,372,teste
Testing,15,373,teste
Testing,15,374,teste
Testing,15,375,teste
Testing,15,376,teste
Testing,15,377,teste
Testing,15,378,teste
Testing,15,379,teste
Testing,15,380,teste
Testing,15,381,teste
Testing,15,382,teste
Testing,15,383,teste
Testing,15,384,teste
Testing,15,385,teste
Testing,15,386,teste
Testing,15,387,teste
Testing,15,388,teste
Testing,15,389,teste
Testing,15,390,teste
Testing,15,391,teste
Testing,15,392,teste
Testing,15,393,teste
Testing,15,394,teste
Testing,15,395,teste
Testing,15,396,teste
Testing,15,397,teste
Testing,15,398,teste
Testing,15,399,teste
Testing,15,400,teste
Testing,15,401,teste
Testing,15,402,teste
Testing,15,403,teste
Testing,15,404,teste
Testing,15,405,teste
Testing,15,406,teste
Testing,15,407,teste
Testing,15,408,teste
Testing,15,409,teste
Testing,15,410,teste
Testing,15,411,teste
Testing,15,412,teste
Testing,15,413,teste
Testing,15,414,teste
Testing,15,415,teste
Testing,15,416,teste
Testing,15,417,teste
Testing,15,418,teste
Testing,15,419,teste
Testing,15,420,teste
Testing,15,421,teste
Testing,15,422,teste
Testing,15,423,teste
Testing,15,424,teste
Testing,15,425,teste
Testing,15,426,teste
Testing,15,427,teste
Testing,15,428,teste
Testing,15,429,teste
Testing,15,430,teste
Testing,15,431,teste
Testing,15,432,teste
Testing,15,433,teste
Testing,15,434,teste
Testing,15,435,teste
Testing,15,436,teste
Testing,15,437,teste
Testing,15,438,teste
Testing,15,439,teste
Testing,15,440,teste
Testing,15,441,teste
Testing,15,442,teste
Testing,15,443,teste
Testing,15,444,teste
Testing,15,445,teste
Testing,15,446,teste
Testing,15,447,teste
Testing,15,448,teste
Testing,15,449,teste
Testing,15,450,teste
Testing,15,451,teste
Testing,15,452,teste
Testing,15,453,teste
Testing,15,454,teste
Testing,15,455,teste
Testing,15,456,teste
Testing,15,457,teste
Testing,15,458,teste
Testing,15,459,teste
Testing,15,460,teste
Testing,15,461,teste
Testing,15,462,teste
Testing,15,463,teste
Testing,15,464,teste
Testing,15,465,teste
Testing,15,466,teste
Testing,15,467,teste
Testing,15,468,teste
Testing,15,469,teste
Testing,15,470,teste
Testing,15,471,teste
Testing,15,472,teste
Testing,15,473,teste
Testing,15,474,teste
Testing,15,475,teste
Testing,15,476,teste
Testing,15,477,teste
Testing,15,478,teste
Testing,15,479,teste
Testing,15,480,teste
Testing,15,481,teste
Testing,15,482,teste
Testing,15,483,teste
Testing,15,484,teste
Testing,15,485,teste
Testing,15,486,teste
Testing,15,487,teste
Testing,15,488,teste
Testing,15,489,teste
Testing,15,490,teste
Testing,15,491,teste
Testing,15,492,teste
Testing,15,493,teste
Testing,15,494,teste
Testing,15,495,teste
Testing,15,496,teste
Testing,15,497,teste
Testing,15,498,teste
Testing,15,499,teste
Testing,15,500,teste
Testing,16,1,teste
Testing,16,2,teste
Testing,16,3,teste
Testing,16,4,teste
Testing,16,5,teste
Testing,16,6,teste
Testing,16,7,teste
Testing,16,8,teste
Testing,16,9,teste
Testing,16,10,teste
Testing,16,11,teste
Testing,16,12,teste
Testing,16,13,teste
Testing,16,14,teste
Testing,16,15,teste
Testing,16,16,teste
Testing,16,17,teste
Testing,16,18,teste
Testing,16,19,teste
Testing,16,20,teste
Testing,16,21,teste
Testing,16,22,teste
Testing,16,23,teste
Testing,16,24,teste
Testing,16,25,teste
Testing,16,26,teste
Testing,16,27,teste
Testing,16,28,teste
Testing,16,29,teste
Testing,16,30,teste
Testing,16,31,teste
Testing,16,32,teste
Testing,16,33,teste
Testing,16,34,teste
Testing,16,35,teste
Testing,16,36,teste
Testing,16,37,teste
Testing,16,38,teste
Testing,16,39,teste
Testing,16,40,teste
Testing,16,41,teste
Testing,16,42,teste
Testing,16,43,teste
Testing,16,44,teste
Testing,16,45,teste
Testing,16,46,teste
Testing,16,47,teste
Testing,16,48,teste
Testing,16,49,teste
Testing,16,50,teste
Testing,16,51,teste
Testing,16,52,teste
Testing,16,53,teste
Testing,16,54,teste
Testing,16,55,teste
Testing,16,56,teste
Testing,16,57,teste
Testing,16,58,teste
Testing,16,59,teste
Testing,16,60,teste
Testing,16,61,teste
Testing,16,62,teste
Testing,16,63,teste
Testing,16,64,teste
Testing,16,65,teste
Testing,16,66,teste
Testing,16,67,teste
Testing,16,68,teste
Testing,16,69,teste
Testing,16,70,teste
Testing,16,71,teste
Testing,16,72,teste
Testing,16,73,teste
Testing,16,74,teste
Testing,16,75,teste
Testing,16,76,teste
Testing,16,77,teste
Testing,16,78,teste
Testing,16,79,teste
Testing,16,80,teste
Testing,16,81,teste
Testing,16,82,teste
Testing,16,83,teste
Testing,16,84,teste
Testing,16,85,teste
Testing,16,86,teste
Testing,16,87,teste
Testing,16,88,teste
Testing,16,89,teste
Testing,16,90,teste
Testing,16,91,teste
Testing,16,92,teste
Testing,16,93,teste
Testing,16,94,teste
Testing,16,95,teste
Testing,16,96,teste
Testing,16,97,teste
Testing,16,98,teste
Testing,16,99,teste
Testing,16,100,teste
Testing,16,101,teste
Testing,16,102,teste
Testing,16,103,teste
Testing,16,104,teste
Testing,16,105,teste
Testing,16,106,teste
Testing,16,107,teste
Testing,16,108,teste
Testing,16,109,teste
Testing,16,110,teste
Testing,16,111,teste
Testing,16,112,teste
Testing,16,113,teste
Testing,16,114,teste
Testing,16,115,teste
Testing,16,116,teste
Testing,16,117,teste
Testing,16,118,teste
Testing,16,119,teste
Testing,16,120,teste
Testing,16,121,teste
Testing,16,122,teste
Testing,16,123,teste
Testing,16,124,teste
Testing,16,125,teste
Testing,16,126,teste
Testing,16,127,teste
Testing,16,128,teste
Testing,16,129,teste
Testing,16,130,teste
Testing,16,131,teste
Testing,16,132,teste
Testing,16,133,teste
Testing,16,134,teste
Testing,16,135,teste
Testing,16,136,teste
Testing,16,137,teste
Testing,16,138,teste
Testing,16,139,teste
Testing,16,140,teste
Testing,16,141,teste
Testing,16,142,teste
Testing,16,143,teste
Testing,16,144,teste
Testing,16,145,teste
Testing,16,146,teste
Testing,16,147,teste
Testing,16,148,teste
Testing,16,149,teste
Testing,16,150,teste
Testing,16,151,teste
Testing,16,152,teste
Testing,16,153,teste
Testing,16,154,teste
Testing,16,155,teste
Testing,16,156,teste
Testing,16,157,teste
Testing,16,158,teste
Testing,16,159,teste
Testing,16,160,teste
Testing,16,161,teste
Testing,16,162,teste
Testing,16,163,teste
Testing,16,164,teste
Testing,16,165,teste
Testing,16,166,teste
Testing,16,167,teste
Testing,16,168,teste
Testing,16,169,teste
Testing,16,170,teste
Testing,16,171,teste
Testing,16,172,teste
Testing,16,173,teste
Testing,16,174,teste
Testing,16,175,teste
Testing,16,176,teste
Testing,16,177,teste
Testing,16,178,teste
Testing,16,179,teste
Testing,16,180,teste
Testing,16,181,teste
Testing,16,182,teste
Testing,16,183,teste
Testing,16,184,teste
Testing,16,185,teste
Testing,16,186,teste
Testing,16,187,teste
Testing,16,188,teste
Testing,16,189,teste
Testing,16,190,teste
Testing,16,191,teste
Testing,16,192,teste
Testing,16,193,teste
Testing,16,194,teste
Testing,16,195,teste
Testing,16,196,teste
Testing,16,197,teste
Testing,16,198,teste
Testing,16,199,teste
Testing,16,200,teste
Testing,16,201,teste
Testing,16,202,teste
Testing,16,203,teste
Testing,16,204,teste
Testing,16,205,teste
Testing,16,206,teste
Testing,16,207,teste
Testing,16,208,teste
Testing,16,209,teste
Testing,16,210,teste
Testing,16,211,teste
Testing,16,212,teste
Testing,16,213,teste
Testing,16,214,teste
Testing,16,215,teste
Testing,16,216,teste
Testing,16,217,teste
Testing,16,218,teste
Testing,16,219,teste
Testing,16,220,teste
Testing,16,221,teste
Testing,16,222,teste
Testing,16,223,teste
Testing,16,224,teste
Testing,16,225,teste
Testing,16,226,teste
Testing,16,227,teste
Testing,16,228,teste
Testing,16,229,teste
Testing,16,230,teste
Testing,16,231,teste
Testing,16,232,teste
Testing,16,233,teste
Testing,16,234,teste
Testing,16,235,teste
Testing,16,236,teste
Testing,16,237,teste
Testing,16,238,teste
Testing,16,239,teste
Testing,16,240,teste
Testing,16,241,teste
Testing,16,242,teste
Testing,16,243,teste
Testing,16,244,teste
Testing,16,245,teste
Testing,16,246,teste
Testing,16,247,teste
Testing,16,248,teste
Testing,16,249,teste
Testing,16,250,teste
Testing,16,251,teste
Testing,16,252,teste
Testing,16,253,teste
Testing,16,254,teste
Testing,16,255,teste
Testing,16,256,teste
Testing,16,257,teste
Testing,16,258,teste
Testing,16,259,teste
Testing,16,260,teste
Testing,16,261,teste
Testing,16,262,teste
Testing,16,263,teste
Testing,16,264,teste
Testing,16,265,teste
Testing,16,266,teste
Testing,16,267,teste
Testing,16,268,teste
Testing,16,269,teste
Testing,16,270,teste
Testing,16,271,teste
Testing,16,272,teste
Testing,16,273,teste
Testing,16,274,teste
Testing,16,275,teste
Testing,16,276,teste
Testing,16,277,teste
Testing,16,278,teste
Testing,16,279,teste
Testing,16,280,teste
Testing,16,281,teste
Testing,16,282,teste
Testing,16,283,teste
Testing,16,284,teste
Testing,16,285,teste
Testing,16,286,teste
Testing,16,287,teste
Testing,16,288,teste
Testing,16,289,teste
Testing,16,290,teste
Testing,16,291,teste
Testing,16,292,teste
Testing,16,293,teste
Testing,16,294,teste
Testing,16,295,teste
Testing,16,296,teste
Testing,16,297,teste
Testing,16,298,teste
Testing,16,299,teste
Testing,16,300,teste
Testing,16,301,teste
Testing,16,302,teste
Testing,16,303,teste
Testing,16,304,teste
Testing,16,305,teste
Testing,16,306,teste
Testing,16,307,teste
Testing,16,308,teste
Testing,16,309,teste
Testing,16,310,teste
Testing,16,311,teste
Testing,16,312,teste
Testing,16,313,teste
Testing,16,314,teste
Testing,16,315,teste
Testing,16,316,teste
Testing,16,317,teste
Testing,16,318,teste
Testing,16,319,teste
Testing,16,320,teste
Testing,16,321,teste
Testing,16,322,teste
Testing,16,323,teste
Testing,16,324,teste
Testing,16,325,teste
Testing,16,326,teste
Testing,16,327,teste
Testing,16,328,teste
Testing,16,329,teste
Testing,16,330,teste
Testing,16,331,teste
Testing,16,332,teste
Testing,16,333,teste
Testing,16,334,teste
Testing,16,335,teste
Testing,16,336,teste
Testing,16,337,teste
Testing,16,338,teste
Testing,16,339,teste
Testing,16,340,teste
Testing,16,341,teste
Testing,16,342,teste
Testing,16,343,teste
Testing,16,344,teste
Testing,16,345,teste
Testing,16,346,teste
Testing,16,347,teste
Testing,16,348,teste
Testing,16,349,teste
Testing,16,350,teste
Testing,16,351,teste
Testing,16,352,teste
Testing,16,353,teste
Testing,16,354,teste
Testing,16,355,teste
Testing,16,356,teste
Testing,16,357,teste
Testing,16,358,teste
Testing,16,359,teste
Testing,16,360,teste
Testing,16,361,teste
Testing,16,362,teste
Testing,16,363,teste
Testing,16,364,teste
Testing,16,365,teste
Testing,16,366,teste
Testing,16,367,teste
Testing,16,368,teste
Testing,16,369,teste
Testing,16,370,teste
Testing,16,371,teste
Testing,16,372,teste
Testing,16,373,teste
Testing,16,374,teste
Testing,16,375,teste
Testing,16,376,teste
Testing,16,377,teste
Testing,16,378,teste
Testing,16,379,teste
Testing,16,380,teste
Testing,16,381,teste
Testing,16,382,teste
Testing,16,383,teste
Testing,16,384,teste
Testing,16,385,teste
Testing,16,386,teste
Testing,16,387,teste
Testing,16,388,teste
Testing,16,389,teste
Testing,16,390,teste
Testing,16,391,teste
Testing,16,392,teste
Testing,16,393,teste
Testing,16,394,teste
Testing,16,395,teste
Testing,16,396,teste
Testing,16,397,teste
Testing,16,398,teste
Testing,16,399,teste
Testing,16,400,teste
Testing,16,401,teste
Testing,16,402,teste
Testing,16,403,teste
Testing,16,404,teste
Testing,16,405,teste
Testing,16,406,teste
Testing,16,407,teste
Testing,16,408,teste
Testing,16,409,teste
Testing,16,410,teste
Testing,16,411,teste
Testing,16,412,teste
Testing,16,413,teste
Testing,16,414,teste
Testing,16,415,teste
Testing,16,416,teste
Testing,16,417,teste
Testing,16,418,teste
Testing,16,419,teste
Testing,16,420,teste
Testing,16,421,teste
Testing,16,422,teste
Testing,16,423,teste
Testing,16,424,teste
Testing,16,425,teste
Testing,16,426,teste
Testing,16,427,teste
Testing,16,428,teste
Testing,16,429,teste
Testing,16,430,teste
Testing,16,431,teste
Testing,16,432,teste
Testing,16,433,teste
Testing,16,434,teste
Testing,16,435,teste
Testing,16,436,teste
Testing,16,437,teste
Testing,16,438,teste
Testing,16,439,teste
Testing,16,440,teste
Testing,16,441,teste
Testing,16,442,teste
Testing,16,443,teste
Testing,16,444,teste
Testing,16,445,teste
Testing,16,446,teste
Testing,16,447,teste
Testing,16,448,teste
Testing,16,449,teste
Testing,16,450,teste
Testing,16,451,teste
Testing,16,452,teste
Testing,16,453,teste
Testing,16,454,teste
Testing,16,455,teste
Testing,16,456,teste
Testing,16,457,teste
Testing,16,458,teste
Testing,16,459,teste
Testing,16,460,teste
Testing,16,461,teste
Testing,16,462,teste
Testing,16,463,teste
Testing,16,464,teste
Testing,16,465,teste
Testing,16,466,teste
Testing,16,467,teste
Testing,16,468,teste
Testing,16,469,teste
Testing,16,470,teste
Testing,16,471,teste
Testing,16,472,teste
Testing,16,473,teste
Testing,16,474,teste
Testing,16,475,teste
Testing,16,476,teste
Testing,16,477,teste
Testing,16,478,teste
Testing,16,479,teste
Testing,16,480,teste
Testing,16,481,teste
Testing,16,482,teste
Testing,16,483,teste
Testing,16,484,teste
Testing,16,485,teste
Testing,16,486,teste
Testing,16,487,teste
Testing,16,488,teste
Testing,16,489,teste
Testing,16,490,teste
Testing,16,491,teste
Testing,16,492,teste
Testing,16,493,teste
Testing,16,494,teste
Testing,16,495,teste
Testing,16,496,teste
Testing,16,497,teste
Testing,16,498,teste
Testing,16,499,teste
Testing,16,500,teste
Testing,17,1,teste
Testing,17,2,teste
Testing,17,3,teste
Testing,17,4,teste
Testing,17,5,teste
Testing,17,6,teste
Testing,17,7,teste
Testing,17,8,teste
Testing,17,9,teste
Testing,17,10,teste
Testing,17,11,teste
Testing,17,12,teste
Testing,17,13,teste
Testing,17,14,teste
Testing,17,15,teste
Testing,17,16,teste
Testing,17,17,teste
Testing,17,18,teste
Testing,17,19,teste
Testing,17,20,teste
Testing,17,21,teste
Testing,17,22,teste
Testing,17,23,teste
Testing,17,24,teste
Testing,17,25,teste
Testing,17,26,teste
Testing,17,27,teste
Testing,17,28,teste
Testing,17,29,teste
Testing,17,30,teste
Testing,17,31,teste
Testing,17,32,teste
Testing,17,33,teste
Testing,17,34,teste
Testing,17,35,teste
Testing,17,36,teste
Testing,17,37,teste
Testing,17,38,teste
Testing,17,39,teste
Testing,17,40,teste
Testing,17,41,teste
Testing,17,42,teste
Testing,17,43,teste
Testing,17,44,teste
Testing,17,45,teste
Testing,17,46,teste
Testing,17,47,teste
Testing,17,48,teste
Testing,17,49,teste
Testing,17,50,teste
Testing,17,51,teste
Testing,17,52,teste
Testing,17,53,teste
Testing,17,54,teste
Testing,17,55,teste
Testing,17,56,teste
Testing,17,57,teste
Testing,17,58,teste
Testing,17,59,teste
Testing,17,60,teste
Testing,17,61,teste
Testing,17,62,teste
Testing,17,63,teste
Testing,17,64,teste
Testing,17,65,teste
Testing,17,66,teste
Testing,17,67,teste
Testing,17,68,teste
Testing,17,69,teste
Testing,17,70,teste
Testing,17,71,teste
Testing,17,72,teste
Testing,17,73,teste
Testing,17,74,teste
Testing,17,75,teste
Testing,17,76,teste
Testing,17,77,teste
Testing,17,78,teste
Testing,17,79,teste
Testing,17,80,teste
Testing,17,81,teste
Testing,17,82,teste
Testing,17,83,teste
Testing,17,84,teste
Testing,17,85,teste
Testing,17,86,teste
Testing,17,87,teste
Testing,17,88,teste
Testing,17,89,teste
Testing,17,90,teste
Testing,17,91,teste
Testing,17,92,teste
Testing,17,93,teste
Testing,17,94,teste
Testing,17,95,teste
Testing,17,96,teste
Testing,17,97,teste
Testing,17,98,teste
Testing,17,99,teste
Testing,17,100,teste
Testing,17,101,teste
Testing,17,102,teste
Testing,17,103,teste
Testing,17,104,teste
Testing,17,105,teste
Testing,17,106,teste
Testing,17,107,teste
Testing,17,108,teste
Testing,17,109,teste
Testing,17,110,teste
Testing,17,111,teste
Testing,17,112,teste
Testing,17,113,teste
Testing,17,114,teste
Testing,17,115,teste
Testing,17,116,teste
Testing,17,117,teste
Testing,17,118,teste
Testing,17,119,teste
Testing,17,120,teste
Testing,17,121,teste
Testing,17,122,teste
Testing,17,123,teste
Testing,17,124,teste
Testing,17,125,teste
Testing,17,126,teste
Testing,17,127,teste
Testing,17,128,teste
Testing,17,129,teste
Testing,17,130,teste
Testing,17,131,teste
Testing,17,132,teste
Testing,17,133,teste
Testing,17,134,teste
Testing,17,135,teste
Testing,17,136,teste
Testing,17,137,teste
Testing,17,138,teste
Testing,17,139,teste
Testing,17,140,teste
Testing,17,141,teste
Testing,17,142,teste
Testing,17,143,teste
Testing,17,144,teste
Testing,17,145,teste
Testing,17,146,teste
Testing,17,147,teste
Testing,17,148,teste
Testing,17,149,teste
Testing,17,150,teste
Testing,17,151,teste
Testing,17,152,teste
Testing,17,153,teste
Testing,17,154,teste
Testing,17,155,teste
Testing,17,156,teste
Testing,17,157,teste
Testing,17,158,teste
Testing,17,159,teste
Testing,17,160,teste
Testing,17,161,teste
Testing,17,162,teste
Testing,17,163,teste
Testing,17,164,teste
Testing,17,165,teste
Testing,17,166,teste
Testing,17,167,teste
Testing,17,168,teste
Testing,17,169,teste
Testing,17,170,teste
Testing,17,171,teste
Testing,17,172,teste
Testing,17,173,teste
Testing,17,174,teste
Testing,17,175,teste
Testing,17,176,teste
Testing,17,177,teste
Testing,17,178,teste
Testing,17,179,teste
Testing,17,180,teste
Testing,17,181,teste
Testing,17,182,teste
Testing,17,183,teste
Testing,17,184,teste
Testing,17,185,teste
Testing,17,186,teste
Testing,17,187,teste
Testing,17,188,teste
Testing,17,189,teste
Testing,17,190,teste
Testing,17,191,teste
Testing,17,192,teste
Testing,17,193,teste
Testing,17,194,teste
Testing,17,195,teste
Testing,17,196,teste
Testing,17,197,teste
Testing,17,198,teste
Testing,17,199,teste
Testing,17,200,teste
Testing,17,201,teste
Testing,17,202,teste
Testing,17,203,teste
Testing,17,204,teste
Testing,17,205,teste
Testing,17,206,teste
Testing,17,207,teste
Testing,17,208,teste
Testing,17,209,teste
Testing,17,210,teste
Testing,17,211,teste
Testing,17,212,teste
Testing,17,213,teste
Testing,17,214,teste
Testing,17,215,teste
Testing,17,216,teste
Testing,17,217,teste
Testing,17,218,teste
Testing,17,219,teste
Testing,17,220,teste
Testing,17,221,teste
Testing,17,222,teste
Testing,17,223,teste
Testing,17,224,teste
Testing,17,225,teste
Testing,17,226,teste
Testing,17,227,teste
Testing,17,228,teste
Testing,17,229,teste
Testing,17,230,teste
Testing,17,231,teste
Testing,17,232,teste
Testing,17,233,teste
Testing,17,234,teste
Testing,17,235,teste
Testing,17,236,teste
Testing,17,237,teste
Testing,17,238,teste
Testing,17,239,teste
Testing,17,240,teste
Testing,17,241,teste
Testing,17,242,teste
Testing,17,243,teste
Testing,17,244,teste
Testing,17,245,teste
Testing,17,246,teste
Testing,17,247,teste
Testing,17,248,teste
Testing,17,249,teste
Testing,17,250,teste
Testing,17,251,teste
Testing,17,252,teste
Testing,17,253,teste
Testing,17,254,teste
Testing,17,255,teste
Testing,17,256,teste
Testing,17,257,teste
Testing,17,258,teste
Testing,17,259,teste
Testing,17,260,teste
Testing,17,261,teste
Testing,17,262,teste
Testing,17,263,teste
Testing,17,264,teste
Testing,17,265,teste
Testing,17,266,teste
Testing,17,267,teste
Testing,17,268,teste
Testing,17,269,teste
Testing,17,270,teste
Testing,17,271,teste
Testing,17,272,teste
Testing,17,273,teste
Testing,17,274,teste
Testing,17,275,teste
Testing,17,276,teste
Testing,17,277,teste
Testing,17,278,teste
Testing,17,279,teste
Testing,17,280,teste
Testing,17,281,teste
Testing,17,282,teste
Testing,17,283,teste
Testing,17,284,teste
Testing,17,285,teste
Testing,17,286,teste
Testing,17,287,teste
Testing,17,288,teste
Testing,17,289,teste
Testing,17,290,teste
Testing,17,291,teste
Testing,17,292,teste
Testing,17,293,teste
Testing,17,294,teste
Testing,17,295,teste
Testing,17,296,teste
Testing,17,297,teste
Testing,17,298,teste
Testing,17,299,teste
Testing,17,300,teste
Testing,17,301,teste
Testing,17,302,teste
Testing,17,303,teste
Testing,17,304,teste
Testing,17,305,teste
Testing,17,306,teste
Testing,17,307,teste
Testing,17,308,teste
Testing,17,309,teste
Testing,17,310,teste
Testing,17,311,teste
Testing,17,312,teste
Testing,17,313,teste
Testing,17,314,teste
Testing,17,315,teste
Testing,17,316,teste
Testing,17,317,teste
Testing,17,318,teste
Testing,17,319,teste
Testing,17,320,teste
Testing,17,321,teste
Testing,17,322,teste
Testing,17,323,teste
Testing,17,324,teste
Testing,17,325,teste
Testing,17,326,teste
Testing,17,327,teste
Testing,17,328,teste
Testing,17,329,teste
Testing,17,330,teste
Testing,17,331,teste
Testing,17,332,teste
Testing,17,333,teste
Testing,17,334,teste
Testing,17,335,teste
Testing,17,336,teste
Testing,17,337,teste
Testing,17,338,teste
Testing,17,339,teste
Testing,17,340,teste
Testing,17,341,teste
Testing,17,342,teste
Testing,17,343,teste
Testing,17,344,teste
Testing,17,345,teste
Testing,17,346,teste
Testing,17,347,teste
Testing,17,348,teste
Testing,17,349,teste
Testing,17,350,teste
Testing,17,351,teste
Testing,17,352,teste
Testing,17,353,teste
Testing,17,354,teste
Testing,17,355,teste
Testing,17,356,teste
Testing,17,357,teste
Testing,17,358,teste
Testing,17,359,teste
Testing,17,360,teste
Testing,17,361,teste
Testing,17,362,teste
Testing,17,363,teste
Testing,17,364,teste
Testing,17,365,teste
Testing,17,366,teste
Testing,17,367,teste
Testing,17,368,teste
Testing,17,369,teste
Testing,17,370,teste
Testing,17,371,teste
Testing,17,372,teste
Testing,17,373,teste
Testing,17,374,teste
Testing,17,375,teste
Testing,17,376,teste
Testing,17,377,teste
Testing,17,378,teste
Testing,17,379,teste
Testing,17,380,teste
Testing,17,381,teste
Testing,17,382,teste
Testing,17,383,teste
Testing,17,384,teste
Testing,17,385,teste
Testing,17,386,teste
Testing,17,387,teste
Testing,17,388,teste
Testing,17,389,teste
Testing,17,390,teste
Testing,17,391,teste
Testing,17,392,teste
Testing,17,393,teste
Testing,17,394,teste
Testing,17,395,teste
Testing,17,396,teste
Testing,17,397,teste
Testing,17,398,teste
Testing,17,399,teste
Testing,17,400,teste
Testing,17,401,teste
Testing,17,402,teste
Testing,17,403,teste
Testing,17,404,teste
Testing,17,405,teste
Testing,17,406,teste
Testing,17,407,teste
Testing,17,408,teste
Testing,17,409,teste
Testing,17,410,teste
Testing,17,411,teste
Testing,17,412,teste
Testing,17,413,teste
Testing,17,414,teste
Testing,17,415,teste
Testing,17,416,teste
Testing,17,417,teste
Testing,17,418,teste
Testing,17,419,teste
Testing,17,420,teste
Testing,17,421,teste
Testing,17,422,teste
Testing,17,423,teste
Testing,17,424,teste
Testing,17,425,teste
Testing,17,426,teste
Testing,17,427,teste
Testing,17,428,teste
Testing,17,429,teste
Testing,17,430,teste
Testing,17,431,teste
Testing,17,432,teste
Testing,17,433,teste
Testing,17,434,teste
Testing,17,435,teste
Testing,17,436,teste
Testing,17,437,teste
Testing,17,438,teste
Testing,17,439,teste
Testing,17,440,teste
Testing,17,441,teste
Testing,17,442,teste
Testing,17,443,teste
Testing,17,444,teste
Testing,17,445,teste
Testing,17,446,teste
Testing,17,447,teste
Testing,17,448,teste
Testing,17,449,teste
Testing,17,450,teste
Testing,17,451,teste
Testing,17,452,teste
Testing,17,453,teste
Testing,17,454,teste
Testing,17,455,teste
Testing,17,456,teste
Testing,17,457,teste
Testing,17,458,teste
Testing,17,459,teste
Testing,17,460,teste
Testing,17,461,teste
Testing,17,462,teste
Testing,17,463,teste
Testing,17,464,teste
Testing,17,465,teste
Testing,17,466,teste
Testing,17,467,teste
Testing,17,468,teste
Testing,17,469,teste
Testing,17,470,teste
Testing,17,471,teste
Testing,17,472,teste
Testing,17,473,teste
Testing,17,474,teste
Testing,17,475,teste
Testing,17,476,teste
Testing,17,477,teste
Testing,17,478,teste
Testing,17,479,teste
Testing,17,480,teste
Testing,17,481,teste
Testing,17,482,teste
Testing,17,483,teste
Testing,17,484,teste
Testing,17,485,teste
Testing,17,486,teste
Testing,17,487,teste
Testing,17,488,teste
Testing,17,489,teste
Testing,17,490,teste
Testing,17,491,teste
Testing,17,492,teste
Testing,17,493,teste
Testing,17,494,teste
Testing,17,495,teste
Testing,17,496,teste
Testing,17,497,teste
Testing,17,498,teste
Testing,17,499,teste
Testing,17,500,teste
Testing,18,1,teste
Testing,18,2,teste
Testing,18,3,teste
Testing,18,4,teste
Testing,18,5,teste
Testing,18,6,teste
Testing,18,7,teste
Testing,18,8,teste
Testing,18,9,teste
Testing,18,10,teste
Testing,18,11,teste
Testing,18,12,teste
Testing,18,13,teste
Testing,18,14,teste
Testing,18,15,teste
Testing,18,16,teste
Testing,18,17,teste
Testing,18,18,teste
Testing,18,19,teste
Testing,18,20,teste
Testing,18,21,teste
Testing,18,22,teste
Testing,18,23,teste
Testing,18,24,teste
Testing,18,25,teste
Testing,18,26,teste
Testing,18,27,teste
Testing,18,28,teste
Testing,18,29,teste
Testing,18,30,teste
Testing,18,31,teste
Testing,18,32,teste
Testing,18,33,teste
Testing,18,34,teste
Testing,18,35,teste
Testing,18,36,teste
Testing,18,37,teste
Testing,18,38,teste
Testing,18,39,teste
Testing,18,40,teste
Testing,18,41,teste
Testing,18,42,teste
Testing,18,43,teste
Testing,18,44,teste
Testing,18,45,teste
Testing,18,46,teste
Testing,18,47,teste
Testing,18,48,teste
Testing,18,49,teste
Testing,18,50,teste
Testing,18,51,teste
Testing,18,52,teste
Testing,18,53,teste
Testing,18,54,teste
Testing,18,55,teste
Testing,18,56,teste
Testing,18,57,teste
Testing,18,58,teste
Testing,18,59,teste
Testing,18,60,teste
Testing,18,61,teste
Testing,18,62,teste
Testing,18,63,teste
Testing,18,64,teste
Testing,18,65,teste
Testing,18,66,teste
Testing,18,67,teste
Testing,18,68,teste
Testing,18,69,teste
Testing,18,70,teste
Testing,18,71,teste
Testing,18,72,teste
Testing,18,73,teste
Testing,18,74,teste
Testing,18,75,teste
Testing,18,76,teste
Testing,18,77,teste
Testing,18,78,teste
Testing,18,79,teste
Testing,18,80,teste
Testing,18,81,teste
Testing,18,82,teste
Testing,18,83,teste
Testing,18,84,teste
Testing,18,85,teste
Testing,18,86,teste
Testing,18,87,teste
Testing,18,88,teste
Testing,18,89,teste
Testing,18,90,teste
Testing,18,91,teste
Testing,18,92,teste
Testing,18,93,teste
Testing,18,94,teste
Testing,18,95,teste
Testing,18,96,teste
Testing,18,97,teste
Testing,18,98,teste
Testing,18,99,teste
Testing,18,100,teste
Testing,18,101,teste
Testing,18,102,teste
Testing,18,103,teste
Testing,18,104,teste
Testing,18,105,teste
Testing,18,106,teste
Testing,18,107,teste
Testing,18,108,teste
Testing,18,109,teste
Testing,18,110,teste
Testing,18,111,teste
Testing,18,112,teste
Testing,18,113,teste
Testing,18,114,teste
Testing,18,115,teste
Testing,18,116,teste
Testing,18,117,teste
Testing,18,118,teste
Testing,18,119,teste
Testing,18,120,teste
Testing,18,121,teste
Testing,18,122,teste
Testing,18,123,teste
Testing,18,124,teste
Testing,18,125,teste
Testing,18,126,teste
Testing,18,127,teste
Testing,18,128,teste
Testing,18,129,teste
Testing,18,130,teste
Testing,18,131,teste
Testing,18,132,teste
Testing,18,133,teste
Testing,18,134,teste
Testing,18,135,teste
Testing,18,136,teste
Testing,18,137,teste
Testing,18,138,teste
Testing,18,139,teste
Testing,18,140,teste
Testing,18,141,teste
Testing,18,142,teste
Testing,18,143,teste
Testing,18,144,teste
Testing,18,145,teste
Testing,18,146,teste
Testing,18,147,teste
Testing,18,148,teste
Testing,18,149,teste
Testing,18,150,teste
Testing,18,151,teste
Testing,18,152,teste
Testing,18,153,teste
Testing,18,154,teste
Testing,18,155,teste
Testing,18,156,teste
Testing,18,157,teste
Testing,18,158,teste
Testing,18,159,teste
Testing,18,160,teste
Testing,18,161,teste
Testing,18,162,teste
Testing,18,163,teste
Testing,18,164,teste
Testing,18,165,teste
Testing,18,166,teste
Testing,18,167,teste
Testing,18,168,teste
Testing,18,169,teste
Testing,18,170,teste
Testing,18,171,teste
Testing,18,172,teste
Testing,18,173,teste
Testing,18,174,teste
Testing,18,175,teste
Testing,18,176,teste
Testing,18,177,teste
Testing,18,178,teste
Testing,18,179,teste
Testing,18,180,teste
Testing,18,181,teste
Testing,18,182,teste
Testing,18,183,teste
Testing,18,184,teste
Testing,18,185,teste
Testing,18,186,teste
Testing,18,187,teste
Testing,18,188,teste
Testing,18,189,teste
Testing,18,190,teste
Testing,18,191,teste
Testing,18,192,teste
Testing,18,193,teste
Testing,18,194,teste
Testing,18,195,teste
Testing,18,196,teste
Testing,18,197,teste
Testing,18,198,teste
Testing,18,199,teste
Testing,18,200,teste
Testing,18,201,teste
Testing,18,202,teste
Testing,18,203,teste
Testing,18,204,teste
Testing,18,205,teste
Testing,18,206,teste
Testing,18,207,teste
Testing,18,208,teste
Testing,18,209,teste
Testing,18,210,teste
Testing,18,211,teste
Testing,18,212,teste
Testing,18,213,teste
Testing,18,214,teste
Testing,18,215,teste
Testing,18,216,teste
Testing,18,217,teste
Testing,18,218,teste
Testing,18,219,teste
Testing,18,220,teste
Testing,18,221,teste
Testing,18,222,teste
Testing,18,223,teste
Testing,18,224,teste
Testing,18,225,teste
Testing,18,226,teste
Testing,18,227,teste
Testing,18,228,teste
Testing,18,229,teste
Testing,18,230,teste
Testing,18,231,teste
Testing,18,232,teste
Testing,18,233,teste
Testing,18,234,teste
Testing,18,235,teste
Testing,18,236,teste
Testing,18,237,teste
Testing,18,238,teste
Testing,18,239,teste
Testing,18,240,teste
Testing,18,241,teste
Testing,18,242,teste
Testing,18,243,teste
Testing,18,244,teste
Testing,18,245,teste
Testing,18,246,teste
Testing,18,247,teste
Testing,18,248,teste
Testing,18,249,teste
Testing,18,250,teste
Testing,18,251,teste
Testing,18,252,teste
Testing,18,253,teste
Testing,18,254,teste
Testing,18,255,teste
Testing,18,256,teste
Testing,18,257,teste
Testing,18,258,teste
Testing,18,259,teste
Testing,18,260,teste
Testing,18,261,teste
Testing,18,262,teste
Testing,18,263,teste
Testing,18,264,teste
Testing,18,265,teste
Testing,18,266,teste
Testing,18,267,teste
Testing,18,268,teste
Testing,18,269,teste
Testing,18,270,teste
Testing,18,271,teste
Testing,18,272,teste
Testing,18,273,teste
Testing,18,274,teste
Testing,18,275,teste
Testing,18,276,teste
Testing,18,277,teste
Testing,18,278,teste
Testing,18,279,teste
Testing,18,280,teste
Testing,18,281,teste
Testing,18,282,teste
Testing,18,283,teste
Testing,18,284,teste
Testing,18,285,teste
Testing,18,286,teste
Testing,18,287,teste
Testing,18,288,teste
Testing,18,289,teste
Testing,18,290,teste
Testing,18,291,teste
Testing,18,292,teste
Testing,18,293,teste
Testing,18,294,teste
Testing,18,295,teste
Testing,18,296,teste
Testing,18,297,teste
Testing,18,298,teste
Testing,18,299,teste
Testing,18,300,teste
Testing,18,301,teste
Testing,18,302,teste
Testing,18,303,teste
Testing,18,304,teste
Testing,18,305,teste
Testing,18,306,teste
Testing,18,307,teste
Testing,18,308,teste
Testing,18,309,teste
Testing,18,310,teste
Testing,18,311,teste
Testing,18,312,teste
Testing,18,313,teste
Testing,18,314,teste
Testing,18,315,teste
Testing,18,316,teste
Testing,18,317,teste
Testing,18,318,teste
Testing,18,319,teste
Testing,18,320,teste
Testing,18,321,teste
Testing,18,322,teste
Testing,18,323,teste
Testing,18,324,teste
Testing,18,325,teste
Testing,18,326,teste
Testing,18,327,teste
Testing,18,328,teste
Testing,18,329,teste
Testing,18,330,teste
Testing,18,331,teste
Testing,18,332,teste
Testing,18,333,teste
Testing,18,334,teste
Testing,18,335,teste
Testing,18,336,teste
Testing,18,337,teste
Testing,18,338,teste
Testing,18,339,teste
Testing,18,340,teste
Testing,18,341,teste
Testing,18,342,teste
Testing,18,343,teste
Testing,18,344,teste
Testing,18,345,teste
Testing,18,346,teste
Testing,18,347,teste
Testing,18,348,teste
Testing,18,349,teste
Testing,18,350,teste
Testing,18,351,teste
Testing,18,352,teste
Testing,18,353,teste
Testing,18,354,teste
Testing,18,355,teste
Testing,18,356,teste
Testing,18,357,teste
Testing,18,358,teste
Testing,18,359,teste
Testing,18,360,teste
Testing,18,361,teste
Testing,18,362,teste
Testing,18,363,teste
Testing,18,364,teste
Testing,18,365,teste
Testing,18,366,teste
Testing,18,367,teste
Testing,18,368,teste
Testing,18,369,teste
Testing,18,370,teste
Testing,18,371,teste
Testing,18,372,teste
Testing,18,373,teste
Testing,18,374,teste
Testing,18,375,teste
Testing,18,376,teste
Testing,18,377,teste
Testing,18,378,teste
Testing,18,379,teste
Testing,18,380,teste
Testing,18,381,teste
Testing,18,382,teste
Testing,18,383,teste
Testing,18,384,teste
Testing,18,385,teste
Testing,18,386,teste
Testing,18,387,teste
Testing,18,388,teste
Testing,18,389,teste
Testing,18,390,teste
Testing,18,391,teste
Testing,18,392,teste
Testing,18,393,teste
Testing,18,394,teste
Testing,18,395,teste
Testing,18,396,teste
Testing,18,397,teste
Testing,18,398,teste
Testing,18,399,teste
Testing,18,400,teste
Testing,18,401,teste
Testing,18,402,teste
Testing,18,403,teste
Testing,18,404,teste
Testing,18,405,teste
Testing,18,406,teste
Testing,18,407,teste
Testing,18,408,teste
Testing,18,409,teste
Testing,18,410,teste
Testing,18,411,teste
Testing,18,412,teste
Testing,18,413,teste
Testing,18,414,teste
Testing,18,415,teste
Testing,18,416,teste
Testing,18,417,teste
Testing,18,418,teste
Testing,18,419,teste
Testing,18,420,teste
Testing,18,421,teste
Testing,18,422,teste
Testing,18,423,teste
Testing,18,424,teste
Testing,18,425,teste
Testing,18,426,teste
Testing,18,427,teste
Testing,18,428,teste
Testing,18,429,teste
Testing,18,430,teste
Testing,18,431,teste
Testing,18,432,teste
Testing,18,433,teste
Testing,18,434,teste
Testing,18,435,teste
Testing,18,436,teste
Testing,18,437,teste
Testing,18,438,teste
Testing,18,439,teste
Testing,18,440,teste
Testing,18,441,teste
Testing,18,442,teste
Testing,18,443,teste
Testing,18,444,teste
Testing,18,445,teste
Testing,18,446,teste
Testing,18,447,teste
Testing,18,448,teste
Testing,18,449,teste
Testing,18,450,teste
Testing,18,451,teste
Testing,18,452,teste
Testing,18,453,teste
Testing,18,454,teste
Testing,18,455,teste
Testing,18,456,teste
Testing,18,457,teste
Testing,18,458,teste
Testing,18,459,teste
Testing,18,460,teste
Testing,18,461,teste
Testing,18,462,teste
Testing,18,463,teste
Testing,18,464,teste
Testing,18,465,teste
Testing,18,466,teste
Testing,18,467,teste
Testing,18,468,teste
Testing,18,469,teste
Testing,18,470,teste
Testing,18,471,teste
Testing,18,472,teste
Testing,18,473,teste
Testing,18,474,teste
Testing,18,475,teste
Testing,18,476,teste
Testing,18,477,teste
Testing,18,478,teste
Testing,18,479,teste
Testing,18,480,teste
Testing,18,481,teste
Testing,18,482,teste
Testing,18,483,teste
Testing,18,484,teste
Testing,18,485,teste
Testing,18,486,teste
Testing,18,487,teste
Testing,18,488,teste
Testing,18,489,teste
Testing,18,490,teste
Testing,18,491,teste
Testing,18,492,teste
Testing,18,493,teste
Testing,18,494,teste
Testing,18,495,teste
Testing,18,496,teste
Testing,18,497,teste
Testing,18,498,teste
Testing,18,499,teste
Testing,18,500,teste
Testing,19,1,teste
Testing,19,2,teste
Testing,19,3,teste
Testing,19,4,teste
Testing,19,5,teste
Testing,19,6,teste
Testing,19,7,teste
Testing,19,8,teste
Testing,19,9,teste
Testing,19,10,teste
Testing,19,11,teste
Testing,19,12,teste
Testing,19,13,teste
Testing,19,14,teste
Testing,19,15,teste
Testing,19,16,teste
Testing,19,17,teste
Testing,19,18,teste
Testing,19,19,teste
Testing,19,20,teste
Testing,19,21,teste
Testing,19,22,teste
Testing,19,23,teste
Testing,19,24,teste
Testing,19,25,teste
Testing,19,26,teste
Testing,19,27,teste
Testing,19,28,teste
Testing,19,29,teste
Testing,19,30,teste
Testing,19,31,teste
Testing,19,32,teste
Testing,19,33,teste
Testing,19,34,teste
Testing,19,35,teste
Testing,19,36,teste
Testing,19,37,teste
Testing,19,38,teste
Testing,19,39,teste
Testing,19,40,teste
Testing,19,41,teste
Testing,19,42,teste
Testing,19,43,teste
Testing,19,44,teste
Testing,19,45,teste
Testing,19,46,teste
Testing,19,47,teste
Testing,19,48,teste
Testing,19,49,teste
Testing,19,50,teste
Testing,19,51,teste
Testing,19,52,teste
Testing,19,53,teste
Testing,19,54,teste
Testing,19,55,teste
Testing,19,56,teste
Testing,19,57,teste
Testing,19,58,teste
Testing,19,59,teste
Testing,19,60,teste
Testing,19,61,teste
Testing,19,62,teste
Testing,19,63,teste
Testing,19,64,teste
Testing,19,65,teste
Testing,19,66,teste
Testing,19,67,teste
Testing,19,68,teste
Testing,19,69,teste
Testing,19,70,teste
Testing,19,71,teste
Testing,19,72,teste
Testing,19,73,teste
Testing,19,74,teste
Testing,19,75,teste
Testing,19,76,teste
Testing,19,77,teste
Testing,19,78,teste
Testing,19,79,teste
Testing,19,80,teste
Testing,19,81,teste
Testing,19,82,teste
Testing,19,83,teste
Testing,19,84,teste
Testing,19,85,teste
Testing,19,86,teste
Testing,19,87,teste
Testing,19,88,teste
Testing,19,89,teste
Testing,19,90,teste
Testing,19,91,teste
Testing,19,92,teste
Testing,19,93,teste
Testing,19,94,teste
Testing,19,95,teste
Testing,19,96,teste
Testing,19,97,teste
Testing,19,98,teste
Testing,19,99,teste
Testing,19,100,teste
Testing,19,101,teste
Testing,19,102,teste
Testing,19,103,teste
Testing,19,104,teste
Testing,19,105,teste
Testing,19,106,teste
Testing,19,107,teste
Testing,19,108,teste
Testing,19,109,teste
Testing,19,110,teste
Testing,19,111,teste
Testing,19,112,teste
Testing,19,113,teste
Testing,19,114,teste
Testing,19,115,teste
Testing,19,116,teste
Testing,19,117,teste
Testing,19,118,teste
Testing,19,119,teste
Testing,19,120,teste
Testing,19,121,teste
Testing,19,122,teste
Testing,19,123,teste
Testing,19,124,teste
Testing,19,125,teste
Testing,19,126,teste
Testing,19,127,teste
Testing,19,128,teste
Testing,19,129,teste
Testing,19,130,teste
Testing,19,131,teste
Testing,19,132,teste
Testing,19,133,teste
Testing,19,134,teste
Testing,19,135,teste
Testing,19,136,teste
Testing,19,137,teste
Testing,19,138,teste
Testing,19,139,teste
Testing,19,140,teste
Testing,19,141,teste
Testing,19,142,teste
Testing,19,143,teste
Testing,19,144,teste
Testing,19,145,teste
Testing,19,146,teste
Testing,19,147,teste
Testing,19,148,teste
Testing,19,149,teste
Testing,19,150,teste
Testing,19,151,teste
Testing,19,152,teste
Testing,19,153,teste
Testing,19,154,teste
Testing,19,155,teste
Testing,19,156,teste
Testing,19,157,teste
Testing,19,158,teste
Testing,19,159,teste
Testing,19,160,teste
Testing,19,161,teste
Testing,19,162,teste
Testing,19,163,teste
Testing,19,164,teste
Testing,19,165,teste
Testing,19,166,teste
Testing,19,167,teste
Testing,19,168,teste
Testing,19,169,teste
Testing,19,170,teste
Testing,19,171,teste
Testing,19,172,teste
Testing,19,173,teste
Testing,19,174,teste
Testing,19,175,teste
Testing,19,176,teste
Testing,19,177,teste
Testing,19,178,teste
Testing,19,179,teste
Testing,19,180,teste
Testing,19,181,teste
Testing,19,182,teste
Testing,19,183,teste
Testing,19,184,teste
Testing,19,185,teste
Testing,19,186,teste
Testing,19,187,teste
Testing,19,188,teste
Testing,19,189,teste
Testing,19,190,teste
Testing,19,191,teste
Testing,19,192,teste
Testing,19,193,teste
Testing,19,194,teste
Testing,19,195,teste
Testing,19,196,teste
Testing,19,197,teste
Testing,19,198,teste
Testing,19,199,teste
Testing,19,200,teste
Testing,19,201,teste
Testing,19,202,teste
Testing,19,203,teste
Testing,19,204,teste
Testing,19,205,teste
Testing,19,206,teste
Testing,19,207,teste
Testing,19,208,teste
Testing,19,209,teste
Testing,19,210,teste
Testing,19,211,teste
Testing,19,212,teste
Testing,19,213,teste
Testing,19,214,teste
Testing,19,215,teste
Testing,19,216,teste
Testing,19,217,teste
Testing,19,218,teste
Testing,19,219,teste
Testing,19,220,teste
Testing,19,221,teste
Testing,19,222,teste
Testing,19,223,teste
Testing,19,224,teste
Testing,19,225,teste
Testing,19,226,teste
Testing,19,227,teste
Testing,19,228,teste
Testing,19,229,teste
Testing,19,230,teste
Testing,19,231,teste
Testing,19,232,teste
Testing,19,233,teste
Testing,19,234,teste
Testing,19,235,teste
Testing,19,236,teste
Testing,19,237,teste
Testing,19,238,teste
Testing,19,239,teste
Testing,19,240,teste
Testing,19,241,teste
Testing,19,242,teste
Testing,19,243,teste
Testing,19,244,teste
Testing,19,245,teste
Testing,19,246,teste
Testing,19,247,teste
Testing,19,248,teste
Testing,19,249,teste
Testing,19,250,teste
Testing,19,251,teste
Testing,19,252,teste
Testing,19,253,teste
Testing,19,254,teste
Testing,19,255,teste
Testing,19,256,teste
Testing,19,257,teste
Testing,19,258,teste
Testing,19,259,teste
Testing,19,260,teste
Testing,19,261,teste
Testing,19,262,teste
Testing,19,263,teste
Testing,19,264,teste
Testing,19,265,teste
Testing,19,266,teste
Testing,19,267,teste
Testing,19,268,teste
Testing,19,269,teste
Testing,19,270,teste
Testing,19,271,teste
Testing,19,272,teste
Testing,19,273,teste
Testing,19,274,teste
Testing,19,275,teste
Testing,19,276,teste
Testing,19,277,teste
Testing,19,278,teste
Testing,19,279,teste
Testing,19,280,teste
Testing,19,281,teste
Testing,19,282,teste
Testing,19,283,teste
Testing,19,284,teste
Testing,19,285,teste
Testing,19,286,teste
Testing,19,287,teste
Testing,19,288,teste
Testing,19,289,teste
Testing,19,290,teste
Testing,19,291,teste
Testing,19,292,teste
Testing,19,293,teste
Testing,19,294,teste
Testing,19,295,teste
Testing,19,296,teste
Testing,19,297,teste
Testing,19,298,teste
Testing,19,299,teste
Testing,19,300,teste
Testing,19,301,teste
Testing,19,302,teste
Testing,19,303,teste
Testing,19,304,teste
Testing,19,305,teste
Testing,19,306,teste
Testing,19,307,teste
Testing,19,308,teste
Testing,19,309,teste
Testing,19,310,teste
Testing,19,311,teste
Testing,19,312,teste
Testing,19,313,teste
Testing,19,314,teste
Testing,19,315,teste
Testing,19,316,teste
Testing,19,317,teste
Testing,19,318,teste
Testing,19,319,teste
Testing,19,320,teste
Testing,19,321,teste
Testing,19,322,teste
Testing,19,323,teste
Testing,19,324,teste
Testing,19,325,teste
Testing,19,326,teste
Testing,19,327,teste
Testing,19,328,teste
Testing,19,329,teste
Testing,19,330,teste
Testing,19,331,teste
Testing,19,332,teste
Testing,19,333,teste
Testing,19,334,teste
Testing,19,335,teste
Testing,19,336,teste
Testing,19,337,teste
Testing,19,338,teste
Testing,19,339,teste
Testing,19,340,teste
Testing,19,341,teste
Testing,19,342,teste
Testing,19,343,teste
Testing,19,344,teste
Testing,19,345,teste
Testing,19,346,teste
Testing,19,347,teste
Testing,19,348,teste
Testing,19,349,teste
Testing,19,350,teste
Testing,19,351,teste
Testing,19,352,teste
Testing,19,353,teste
Testing,19,354,teste
Testing,19,355,teste
Testing,19,356,teste
Testing,19,357,teste
Testing,19,358,teste
Testing,19,359,teste
Testing,19,360,teste
Testing,19,361,teste
Testing,19,362,teste
Testing,19,363,teste
Testing,19,364,teste
Testing,19,365,teste
Testing,19,366,teste
Testing,19,367,teste
Testing,19,368,teste
Testing,19,369,teste
Testing,19,370,teste
Testing,19,371,teste
Testing,19,372,teste
Testing,19,373,teste
Testing,19,374,teste
Testing,19,375,teste
Testing,19,376,teste
Testing,19,377,teste
Testing,19,378,teste
Testing,19,379,teste
Testing,19,380,teste
Testing,19,381,teste
Testing,19,382,teste
Testing,19,383,teste
Testing,19,384,teste
Testing,19,385,teste
Testing,19,386,teste
Testing,19,387,teste
Testing,19,388,teste
Testing,19,389,teste
Testing,19,390,teste
Testing,19,391,teste
Testing,19,392,teste
Testing,19,393,teste
Testing,19,394,teste
Testing,19,395,teste
Testing,19,396,teste
Testing,19,397,teste
Testing,19,398,teste
Testing,19,399,teste
Testing,19,400,teste
Testing,19,401,teste
Testing,19,402,teste
Testing,19,403,teste
Testing,19,404,teste
Testing,19,405,teste
Testing,19,406,teste
Testing,19,407,teste
Testing,19,408,teste
Testing,19,409,teste
Testing,19,410,teste
Testing,19,411,teste
Testing,19,412,teste
Testing,19,413,teste
Testing,19,414,teste
Testing,19,415,teste
Testing,19,416,teste
Testing,19,417,teste
Testing,19,418,teste
Testing,19,419,teste
Testing,19,420,teste
Testing,19,421,teste
Testing,19,422,teste
Testing,19,423,teste
Testing,19,424,teste
Testing,19,425,teste
Testing,19,426,teste
Testing,19,427,teste
Testing,19,428,teste
Testing,19,429,teste
Testing,19,430,teste
Testing,19,431,teste
Testing,19,432,teste
Testing,19,433,teste
Testing,19,434,teste
Testing,19,435,teste
Testing,19,436,teste
Testing,19,437,teste
Testing,19,438,teste
Testing,19,439,teste
Testing,19,440,teste
Testing,19,441,teste
Testing,19,442,teste
Testing,19,443,teste
Testing,19,444,teste
Testing,19,445,teste
Testing,19,446,teste
Testing,19,447,teste
Testing,19,448,teste
Testing,19,449,teste
Testing,19,450,teste
Testing,19,451,teste
Testing,19,452,teste
Testing,19,453,teste
Testing,19,454,teste
Testing,19,455,teste
Testing,19,456,teste
Testing,19,457,teste
Testing,19,458,teste
Testing,19,459,teste
Testing,19,460,teste
Testing,19,461,teste
Testing,19,462,teste
Testing,19,463,teste
Testing,19,464,teste
Testing,19,465,teste
Testing,19,466,teste
Testing,19,467,teste
Testing,19,468,teste
Testing,19,469,teste
Testing,19,470,teste
Testing,19,471,teste
Testing,19,472,teste
Testing,19,473,teste
Testing,19,474,teste
Testing,19,475,teste
Testing,19,476,teste
Testing,19,477,teste
Testing,19,478,teste
Testing,19,479,teste
Testing,19,480,teste
Testing,19,481,teste
Testing,19,482,teste
Testing,19,483,teste
Testing,19,484,teste
Testing,19,485,teste
Testing,19,486,teste
Testing,19,487,teste
Testing,19,488,teste
Testing,19,489,teste
Testing,19,490,teste
Testing,19,491,teste
Testing,19,492,teste
Testing,19,493,teste
Testing,19,494,teste
Testing,19,495,teste
Testing,19,496,teste
Testing,19,497,teste
Testing,19,498,teste
Testing,19,499,teste
Testing,19,500,teste
Testing,20,1,teste
Testing,20,2,teste
Testing,20,3,teste
Testing,20,4,teste
Testing,20,5,teste
Testing,20,6,teste
Testing,20,7,teste
Testing,20,8,teste
Testing,20,9,teste
Testing,20,10,teste
Testing,20,11,teste
Testing,20,12,teste
Testing,20,13,teste
Testing,20,14,teste
Testing,20,15,teste
Testing,20,16,teste
Testing,20,17,teste
Testing,20,18,teste
Testing,20,19,teste
Testing,20,20,teste
Testing,20,21,teste
Testing,20,22,teste
Testing,20,23,teste
Testing,20,24,teste
Testing,20,25,teste
Testing,20,26,teste
Testing,20,27,teste
Testing,20,28,teste
Testing,20,29,teste
Testing,20,30,teste
Testing,20,31,teste
Testing,20,32,teste
Testing,20,33,teste
Testing,20,34,teste
Testing,20,35,teste
Testing,20,36,teste
Testing,20,37,teste
Testing,20,38,teste
Testing,20,39,teste
Testing,20,40,teste
Testing,20,41,teste
Testing,20,42,teste
Testing,20,43,teste
Testing,20,44,teste
Testing,20,45,teste
Testing,20,46,teste
Testing,20,47,teste
Testing,20,48,teste
Testing,20,49,teste
Testing,20,50,teste
Testing,20,51,teste
Testing,20,52,teste
Testing,20,53,teste
Testing,20,54,teste
Testing,20,55,teste
Testing,20,56,teste
Testing,20,57,teste
Testing,20,58,teste
Testing,20,59,teste
Testing,20,60,teste
Testing,20,61,teste
Testing,20,62,teste
Testing,20,63,teste
Testing,20,64,teste
Testing,20,65,teste
Testing,20,66,teste
Testing,20,67,teste
Testing,20,68,teste
Testing,20,69,teste
Testing,20,70,teste
Testing,20,71,teste
Testing,20,72,teste
Testing,20,73,teste
Testing,20,74,teste
Testing,20,75,teste
Testing,20,76,teste
Testing,20,77,teste
Testing,20,78,teste
Testing,20,79,teste
Testing,20,80,teste
Testing,20,81,teste
Testing,20,82,teste
Testing,20,83,teste
Testing,20,84,teste
Testing,20,85,teste
Testing,20,86,teste
Testing,20,87,teste
Testing,20,88,teste
Testing,20,89,teste
Testing,20,90,teste
Testing,20,91,teste
Testing,20,92,teste
Testing,20,93,teste
Testing,20,94,teste
Testing,20,95,teste
Testing,20,96,teste
Testing,20,97,teste
Testing,20,98,teste
Testing,20,99,teste
Testing,20,100,teste
Testing,20,101,teste
Testing,20,102,teste
Testing,20,103,teste
Testing,20,104,teste
Testing,20,105,teste
Testing,20,106,teste
Testing,20,107,teste
Testing,20,108,teste
Testing,20,109,teste
Testing,20,110,teste
Testing,20,111,teste
Testing,20,112,teste
Testing,20,113,teste
Testing,20,114,teste
Testing,20,115,teste
Testing,20,116,teste
Testing,20,117,teste
Testing,20,118,teste
Testing,20,119,teste
Testing,20,120,teste
Testing,20,121,teste
Testing,20,122,teste
Testing,20,123,teste
Testing,20,124,teste
Testing,20,125,teste
Testing,20,126,teste
Testing,20,127,teste
Testing,20,128,teste
Testing,20,129,teste
Testing,20,130,teste
Testing,20,131,teste
Testing,20,132,teste
Testing,20,133,teste
Testing,20,134,teste
Testing,20,135,teste
Testing,20,136,teste
Testing,20,137,teste
Testing,20,138,teste
Testing,20,139,teste
Testing,20,140,teste
Testing,20,141,teste
Testing,20,142,teste
Testing,20,143,teste
Testing,20,144,teste
Testing,20,145,teste
Testing,20,146,teste
Testing,20,147,teste
Testing,20,148,teste
Testing,20,149,teste
Testing,20,150,teste
Testing,20,151,teste
Testing,20,152,teste
Testing,20,153,teste
Testing,20,154,teste
Testing,20,155,teste
Testing,20,156,teste
Testing,20,157,teste
Testing,20,158,teste
Testing,20,159,teste
Testing,20,160,teste
Testing,20,161,teste
Testing,20,162,teste
Testing,20,163,teste
Testing,20,164,teste
Testing,20,165,teste
Testing,20,166,teste
Testing,20,167,teste
Testing,20,168,teste
Testing,20,169,teste
Testing,20,170,teste
Testing,20,171,teste
Testing,20,172,teste
Testing,20,173,teste
Testing,20,174,teste
Testing,20,175,teste
Testing,20,176,teste
Testing,20,177,teste
Testing,20,178,teste
Testing,20,179,teste
Testing,20,180,teste
Testing,20,181,teste
Testing,20,182,teste
Testing,20,183,teste
Testing,20,184,teste
Testing,20,185,teste
Testing,20,186,teste
Testing,20,187,teste
Testing,20,188,teste
Testing,20,189,teste
Testing,20,190,teste
Testing,20,191,teste
Testing,20,192,teste
Testing,20,193,teste
Testing,20,194,teste
Testing,20,195,teste
Testing,20,196,teste
Testing,20,197,teste
Testing,20,198,teste
Testing,20,199,teste
Testing,20,200,teste
Testing,20,201,teste
Testing,20,202,teste
Testing,20,203,teste
Testing,20,204,teste
Testing,20,205,teste
Testing,20,206,teste
Testing,20,207,teste
Testing,20,208,teste
Testing,20,209,teste
Testing,20,210,teste
Testing,20,211,teste
Testing,20,212,teste
Testing,20,213,teste
Testing,20,214,teste
Testing,20,215,teste
Testing,20,216,teste
Testing,20,217,teste
Testing,20,218,teste
Testing,20,219,teste
Testing,20,220,teste
Testing,20,221,teste
Testing,20,222,teste
Testing,20,223,teste
Testing,20,224,teste
Testing,20,225,teste
Testing,20,226,teste
Testing,20,227,teste
Testing,20,228,teste
Testing,20,229,teste
Testing,20,230,teste
Testing,20,231,teste
Testing,20,232,teste
Testing,20,233,teste
Testing,20,234,teste
Testing,20,235,teste
Testing,20,236,teste
Testing,20,237,teste
Testing,20,238,teste
Testing,20,239,teste
Testing,20,240,teste
Testing,20,241,teste
Testing,20,242,teste
Testing,20,243,teste
Testing,20,244,teste
Testing,20,245,teste
Testing,20,246,teste
Testing,20,247,teste
Testing,20,248,teste
Testing,20,249,teste
Testing,20,250,teste
Testing,20,251,teste
Testing,20,252,teste
Testing,20,253,teste
Testing,20,254,teste
Testing,20,255,teste
Testing,20,256,teste
Testing,20,257,teste
Testing,20,258,teste
Testing,20,259,teste
Testing,20,260,teste
Testing,20,261,teste
Testing,20,262,teste
Testing,20,263,teste
Testing,20,264,teste
Testing,20,265,teste
Testing,20,266,teste
Testing,20,267,teste
Testing,20,268,teste
Testing,20,269,teste
Testing,20,270,teste
Testing,20,271,teste
Testing,20,272,teste
Testing,20,273,teste
Testing,20,274,teste
Testing,20,275,teste
Testing,20,276,teste
Testing,20,277,teste
Testing,20,278,teste
Testing,20,279,teste
Testing,20,280,teste
Testing,20,281,teste
Testing,20,282,teste
Testing,20,283,teste
Testing,20,284,teste
Testing,20,285,teste
Testing,20,286,teste
Testing,20,287,teste
Testing,20,288,teste
Testing,20,289,teste
Testing,20,290,teste
Testing,20,291,teste
Testing,20,292,teste
Testing,20,293,teste
Testing,20,294,teste
Testing,20,295,teste
Testing,20,296,teste
Testing,20,297,teste
Testing,20,298,teste
Testing,20,299,teste
Testing,20,300,teste
Testing,20,301,teste
Testing,20,302,teste
Testing,20,303,teste
Testing,20,304,teste
Testing,20,305,teste
Testing,20,306,teste
Testing,20,307,teste
Testing,20,308,teste
Testing,20,309,teste
Testing,20,310,teste
Testing,20,311,teste
Testing,20,312,teste
Testing,20,313,teste
Testing,20,314,teste
Testing,20,315,teste
Testing,20,316,teste
Testing,20,317,teste
Testing,20,318,teste
Testing,20,319,teste
Testing,20,320,teste
Testing,20,321,teste
Testing,20,322,teste
Testing,20,323,teste
Testing,20,324,teste
Testing,20,325,teste
Testing,20,326,teste
Testing,20,327,teste
Testing,20,328,teste
Testing,20,329,teste
Testing,20,330,teste
Testing,20,331,teste
Testing,20,332,teste
Testing,20,333,teste
Testing,20,334,teste
Testing,20,335,teste
Testing,20,336,teste
Testing,20,337,teste
Testing,20,338,teste
Testing,20,339,teste
Testing,20,340,teste
Testing,20,341,teste
Testing,20,342,teste
Testing,20,343,teste
Testing,20,344,teste
Testing,20,345,teste
Testing,20,346,teste
Testing,20,347,teste
Testing,20,348,teste
Testing,20,349,teste
Testing,20,350,teste
Testing,20,351,teste
Testing,20,352,teste
Testing,20,353,teste
Testing,20,354,teste
Testing,20,355,teste
Testing,20,356,teste
Testing,20,357,teste
Testing,20,358,teste
Testing,20,359,teste
Testing,20,360,teste
Testing,20,361,teste
Testing,20,362,teste
Testing,20,363,teste
Testing,20,364,teste
Testing,20,365,teste
Testing,20,366,teste
Testing,20,367,teste
Testing,20,368,teste
Testing,20,369,teste
Testing,20,370,teste
Testing,20,371,teste
Testing,20,372,teste
Testing,20,373,teste
Testing,20,374,teste
Testing,20,375,teste
Testing,20,376,teste
Testing,20,377,teste
Testing,20,378,teste
Testing,20,379,teste
Testing,20,380,teste
Testing,20,381,teste
Testing,20,382,teste
Testing,20,383,teste
Testing,20,384,teste
Testing,20,385,teste
Testing,20,386,teste
Testing,20,387,teste
Testing,20,388,teste
Testing,20,389,teste
Testing,20,390,teste
Testing,20,391,teste
Testing,20,392,teste
Testing,20,393,teste
Testing,20,394,teste
Testing,20,395,teste
Testing,20,396,teste
Testing,20,397,teste
Testing,20,398,teste
Testing,20,399,teste
Testing,20,400,teste
Testing,20,401,teste
Testing,20,402,teste
Testing,20,403,teste
Testing,20,404,teste
Testing,20,405,teste
Testing,20,406,teste
Testing,20,407,teste
Testing,20,408,teste
Testing,20,409,teste
Testing,20,410,teste
Testing,20,411,teste
Testing,20,412,teste
Testing,20,413,teste
Testing,20,414,teste
Testing,20,415,teste
Testing,20,416,teste
Testing,20,417,teste
Testing,20,418,teste
Testing,20,419,teste
Testing,20,420,teste
Testing,20,421,teste
Testing,20,422,teste
Testing,20,423,teste
Testing,20,424,teste
Testing,20,425,teste
Testing,20,426,teste
Testing,20,427,teste
Testing,20,428,teste
Testing,20,429,teste
Testing,20,430,teste
Testing,20,431,teste
Testing,20,432,teste
Testing,20,433,teste
Testing,20,434,teste
Testing,20,435,teste
Testing,20,436,teste
Testing,20,437,teste
Testing,20,438,teste
Testing,20,439,teste
Testing,20,440,teste
Testing,20,441,teste
Testing,20,442,teste
Testing,20,443,teste
Testing,20,444,teste
Testing,20,445,teste
Testing,20,446,teste
Testing,20,447,teste
Testing,20,448,teste
Testing,20,449,teste
Testing,20,450,teste
Testing,20,451,teste
Testing,20,452,teste
Testing,20,453,teste
Testing,20,454,teste
Testing,20,455,teste
Testing,20,456,teste
Testing,20,457,teste
Testing,20,458,teste
Testing,20,459,teste
Testing,20,460,teste
Testing,20,461,teste
Testing,20,462,teste
Testing,20,463,teste
Testing,20,464,teste
Testing,20,465,teste
Testing,20,466,teste
Testing,20,467,teste
Testing,20,468,teste
Testing,20,469,teste
Testing,20,470,teste
Testing,20,471,teste
Testing,20,472,teste
Testing,20,473,teste
Testing,20,474,teste
Testing,20,475,teste
Testing,20,476,teste
Testing,20,477,teste
Testing,20,478,teste
Testing,20,479,teste
Testing,20,480,teste
Testing,20,481,teste
Testing,20,482,teste
Testing,20,483,teste
Testing,20,484,teste
Testing,20,485,teste
Testing,20,486,teste
Testing,20,487,teste
Testing,20,488,teste
Testing,20,489,teste
Testing,20,490,teste
Testing,20,491,teste
Testing,20,492,teste
Testing,20,493,teste
Testing,20,494,teste
Testing,20,495,teste
Testing,20,496,teste
Testing,20,497,teste
Testing,20,498,teste
Testing,20,499,teste
Testing,20,500,teste
